[    1586ms] [INFO] %cDownload the React DevTools for a better development experience: https://react.dev/link/react-devtools font-weight:bold @ http://localhost:3001/_next/static/chunks/node_modules_next_dist_115brz8._.js:2431
[    1613ms] [LOG] [HMR] connected @ http://localhost:3001/_next/static/chunks/node_modules_next_dist_115brz8._.js:2431
[    6774ms] [WARNING] The resource http://localhost:3001/_next/static/chunks/apps_portal_components_page-state_PageState_module_0sc2l4s.css was preloaded using link preload but not used within a few seconds from the window's load event. Please make sure it has an appropriate `as` value and it is preloaded intentionally. @ http://localhost:3001/staff/projects/proj_76a726e3-b0a3-4c17-9a29-613482645a8f/design-workbench:0
[  378207ms] [LOG] [Fast Refresh] rebuilding @ http://localhost:3001/_next/static/chunks/node_modules_next_dist_115brz8._.js:2431
[  378207ms] [LOG] [Fast Refresh] done in 104ms @ http://localhost:3001/_next/static/chunks/node_modules_next_dist_115brz8._.js:2431
[  536223ms] [LOG] [Fast Refresh] rebuilding @ http://localhost:3001/_next/static/chunks/node_modules_next_dist_115brz8._.js:2431
[  536462ms] [LOG] [Fast Refresh] done in 349ms @ http://localhost:3001/_next/static/chunks/node_modules_next_dist_115brz8._.js:2431
[  551931ms] [LOG] [Fast Refresh] rebuilding @ http://localhost:3001/_next/static/chunks/node_modules_next_dist_115brz8._.js:2431
[  552493ms] [LOG] [Fast Refresh] done in 664ms @ http://localhost:3001/_next/static/chunks/node_modules_next_dist_115brz8._.js:2431
[  553744ms] [LOG] [Fast Refresh] rebuilding @ http://localhost:3001/_next/static/chunks/node_modules_next_dist_115brz8._.js:2431
[  553968ms] [LOG] [Fast Refresh] done in 324ms @ http://localhost:3001/_next/static/chunks/node_modules_next_dist_115brz8._.js:2431
[  554078ms] [LOG] [Fast Refresh] rebuilding @ http://localhost:3001/_next/static/chunks/node_modules_next_dist_115brz8._.js:2431
[  554521ms] [LOG] [Fast Refresh] done in 545ms @ http://localhost:3001/_next/static/chunks/node_modules_next_dist_115brz8._.js:2431
[  555196ms] [LOG] [Fast Refresh] rebuilding @ http://localhost:3001/_next/static/chunks/node_modules_next_dist_115brz8._.js:2431
[  555247ms] [LOG] [Fast Refresh] done in 152ms @ http://localhost:3001/_next/static/chunks/node_modules_next_dist_115brz8._.js:2431
[  555383ms] [LOG] [Fast Refresh] rebuilding @ http://localhost:3001/_next/static/chunks/node_modules_next_dist_115brz8._.js:2431
[  555415ms] [LOG] [Fast Refresh] done in 136ms @ http://localhost:3001/_next/static/chunks/node_modules_next_dist_115brz8._.js:2431
[  555759ms] [LOG] [Fast Refresh] rebuilding @ http://localhost:3001/_next/static/chunks/node_modules_next_dist_115brz8._.js:2431
[  555799ms] [LOG] [Fast Refresh] done in 140ms @ http://localhost:3001/_next/static/chunks/node_modules_next_dist_115brz8._.js:2431
[  555931ms] [LOG] [Fast Refresh] rebuilding @ http://localhost:3001/_next/static/chunks/node_modules_next_dist_115brz8._.js:2431
[  555964ms] [LOG] [Fast Refresh] done in 133ms @ http://localhost:3001/_next/static/chunks/node_modules_next_dist_115brz8._.js:2431
[  558983ms] [WARNING] The resource http://localhost:3001/_next/static/chunks/apps_portal_components_page-state_PageState_module_0sc2l4s.css was preloaded using link preload but not used within a few seconds from the window's load event. Please make sure it has an appropriate `as` value and it is preloaded intentionally. @ http://localhost:3001/staff/projects/proj_76a726e3-b0a3-4c17-9a29-613482645a8f/design-workbench:0
[  561988ms] [LOG] [Fast Refresh] rebuilding @ http://localhost:3001/_next/static/chunks/node_modules_next_dist_115brz8._.js:2431
[  562559ms] [LOG] [Fast Refresh] done in 676ms @ http://localhost:3001/_next/static/chunks/node_modules_next_dist_115brz8._.js:2431
[  563147ms] [LOG] [Fast Refresh] rebuilding @ http://localhost:3001/_next/static/chunks/node_modules_next_dist_115brz8._.js:2431
[  563328ms] [LOG] [Fast Refresh] done in 286ms @ http://localhost:3001/_next/static/chunks/node_modules_next_dist_115brz8._.js:2431
[  563445ms] [LOG] [Fast Refresh] rebuilding @ http://localhost:3001/_next/static/chunks/node_modules_next_dist_115brz8._.js:2431
[  564019ms] [LOG] [Fast Refresh] done in 675ms @ http://localhost:3001/_next/static/chunks/node_modules_next_dist_115brz8._.js:2431
[  564515ms] [LOG] [Fast Refresh] rebuilding @ http://localhost:3001/_next/static/chunks/node_modules_next_dist_115brz8._.js:2431
[  564570ms] [LOG] [Fast Refresh] done in 161ms @ http://localhost:3001/_next/static/chunks/node_modules_next_dist_115brz8._.js:2431
[  564688ms] [LOG] [Fast Refresh] rebuilding @ http://localhost:3001/_next/static/chunks/node_modules_next_dist_115brz8._.js:2431
[  564713ms] [LOG] [Fast Refresh] done in 129ms @ http://localhost:3001/_next/static/chunks/node_modules_next_dist_115brz8._.js:2431
[  565063ms] [LOG] [Fast Refresh] rebuilding @ http://localhost:3001/_next/static/chunks/node_modules_next_dist_115brz8._.js:2431
[  565103ms] [LOG] [Fast Refresh] done in 143ms @ http://localhost:3001/_next/static/chunks/node_modules_next_dist_115brz8._.js:2431
[  565237ms] [LOG] [Fast Refresh] rebuilding @ http://localhost:3001/_next/static/chunks/node_modules_next_dist_115brz8._.js:2431
[  565285ms] [LOG] [Fast Refresh] done in 154ms @ http://localhost:3001/_next/static/chunks/node_modules_next_dist_115brz8._.js:2431
[  568309ms] [WARNING] The resource http://localhost:3001/_next/static/chunks/apps_portal_components_page-state_PageState_module_0sc2l4s.css was preloaded using link preload but not used within a few seconds from the window's load event. Please make sure it has an appropriate `as` value and it is preloaded intentionally. @ http://localhost:3001/staff/projects/proj_76a726e3-b0a3-4c17-9a29-613482645a8f/design-workbench:0
[  569503ms] [LOG] [Fast Refresh] rebuilding @ http://localhost:3001/_next/static/chunks/node_modules_next_dist_115brz8._.js:2431
[  570069ms] [LOG] [Fast Refresh] done in 674ms @ http://localhost:3001/_next/static/chunks/node_modules_next_dist_115brz8._.js:2431
[  570640ms] [LOG] [Fast Refresh] rebuilding @ http://localhost:3001/_next/static/chunks/node_modules_next_dist_115brz8._.js:2431
[  571059ms] [LOG] [Fast Refresh] done in 519ms @ http://localhost:3001/_next/static/chunks/node_modules_next_dist_115brz8._.js:2431
[  571275ms] [LOG] [Fast Refresh] rebuilding @ http://localhost:3001/_next/static/chunks/node_modules_next_dist_115brz8._.js:2431
[  571320ms] [LOG] [Fast Refresh] done in 148ms @ http://localhost:3001/_next/static/chunks/node_modules_next_dist_115brz8._.js:2431
[  571640ms] [LOG] [Fast Refresh] rebuilding @ http://localhost:3001/_next/static/chunks/node_modules_next_dist_115brz8._.js:2431
[  571687ms] [LOG] [Fast Refresh] done in 149ms @ http://localhost:3001/_next/static/chunks/node_modules_next_dist_115brz8._.js:2431
[  571910ms] [LOG] [Fast Refresh] rebuilding @ http://localhost:3001/_next/static/chunks/node_modules_next_dist_115brz8._.js:2431
[  572595ms] [LOG] [Fast Refresh] done in 786ms @ http://localhost:3001/_next/static/chunks/node_modules_next_dist_115brz8._.js:2431
[  572916ms] [LOG] [Fast Refresh] rebuilding @ http://localhost:3001/_next/static/chunks/node_modules_next_dist_115brz8._.js:2431
[  572954ms] [LOG] [Fast Refresh] done in 140ms @ http://localhost:3001/_next/static/chunks/node_modules_next_dist_115brz8._.js:2431
[  573251ms] [LOG] [Fast Refresh] rebuilding @ http://localhost:3001/_next/static/chunks/node_modules_next_dist_115brz8._.js:2431
[  573281ms] [LOG] [Fast Refresh] done in 135ms @ http://localhost:3001/_next/static/chunks/node_modules_next_dist_115brz8._.js:2431
[  576317ms] [WARNING] The resource http://localhost:3001/_next/static/chunks/apps_portal_components_page-state_PageState_module_0sc2l4s.css was preloaded using link preload but not used within a few seconds from the window's load event. Please make sure it has an appropriate `as` value and it is preloaded intentionally. @ http://localhost:3001/staff/projects/proj_76a726e3-b0a3-4c17-9a29-613482645a8f/design-workbench:0
[  632743ms] [LOG] [Fast Refresh] rebuilding @ http://localhost:3001/_next/static/chunks/node_modules_next_dist_115brz8._.js:2431
[  632991ms] [LOG] [Fast Refresh] done in 363ms @ http://localhost:3001/_next/static/chunks/node_modules_next_dist_115brz8._.js:2431
[  654752ms] [LOG] [Fast Refresh] rebuilding @ http://localhost:3001/_next/static/chunks/node_modules_next_dist_115brz8._.js:2431
[  654989ms] [LOG] [Fast Refresh] done in 350ms @ http://localhost:3001/_next/static/chunks/node_modules_next_dist_115brz8._.js:2431
[  784441ms] [LOG] [Fast Refresh] rebuilding @ http://localhost:3001/_next/static/chunks/node_modules_next_dist_115brz8._.js:2431
[  784442ms] [LOG] [Fast Refresh] done in 103ms @ http://localhost:3001/_next/static/chunks/node_modules_next_dist_115brz8._.js:2431
[  798930ms] [LOG] [Fast Refresh] rebuilding @ http://localhost:3001/_next/static/chunks/node_modules_next_dist_115brz8._.js:2431
[  798930ms] [LOG] [Fast Refresh] done in 102ms @ http://localhost:3001/_next/static/chunks/node_modules_next_dist_115brz8._.js:2431
[ 1425148ms] [INFO] %cDownload the React DevTools for a better development experience: https://react.dev/link/react-devtools font-weight:bold @ http://localhost:3001/_next/static/chunks/node_modules_next_dist_115brz8._.js:2431
[ 1425162ms] [LOG] [HMR] connected @ http://localhost:3001/_next/static/chunks/node_modules_next_dist_115brz8._.js:2431
[ 1430408ms] [WARNING] The resource http://localhost:3001/_next/static/chunks/apps_portal_components_page-state_PageState_module_0sc2l4s.css was preloaded using link preload but not used within a few seconds from the window's load event. Please make sure it has an appropriate `as` value and it is preloaded intentionally. @ http://localhost:3001/staff/projects/proj_76a726e3-b0a3-4c17-9a29-613482645a8f/design-workbench:0
[ 1837452ms] [LOG] [Fast Refresh] rebuilding @ http://localhost:3001/_next/static/chunks/node_modules_next_dist_115brz8._.js:2431
[ 1837727ms] [LOG] [Fast Refresh] done in 312ms @ http://localhost:3001/_next/static/chunks/node_modules_next_dist_115brz8._.js:2431
[ 1838742ms] [LOG] [Fast Refresh] rebuilding @ http://localhost:3001/_next/static/chunks/node_modules_next_dist_115brz8._.js:2431
[ 1839253ms] [LOG] [Fast Refresh] done in 617ms @ http://localhost:3001/_next/static/chunks/node_modules_next_dist_115brz8._.js:2431
[ 1839442ms] [LOG] [Fast Refresh] rebuilding @ http://localhost:3001/_next/static/chunks/node_modules_next_dist_115brz8._.js:2431
[ 1839479ms] [LOG] [Fast Refresh] done in 137ms @ http://localhost:3001/_next/static/chunks/node_modules_next_dist_115brz8._.js:2431
[ 1839825ms] [LOG] [Fast Refresh] rebuilding @ http://localhost:3001/_next/static/chunks/node_modules_next_dist_115brz8._.js:2431
[ 1839863ms] [LOG] [Fast Refresh] done in 138ms @ http://localhost:3001/_next/static/chunks/node_modules_next_dist_115brz8._.js:2431
[ 1840019ms] [LOG] [Fast Refresh] rebuilding @ http://localhost:3001/_next/static/chunks/node_modules_next_dist_115brz8._.js:2431
[ 1840048ms] [LOG] [Fast Refresh] done in 131ms @ http://localhost:3001/_next/static/chunks/node_modules_next_dist_115brz8._.js:2431
[ 1840429ms] [LOG] [Fast Refresh] rebuilding @ http://localhost:3001/_next/static/chunks/node_modules_next_dist_115brz8._.js:2431
[ 1840464ms] [LOG] [Fast Refresh] done in 135ms @ http://localhost:3001/_next/static/chunks/node_modules_next_dist_115brz8._.js:2431
[ 1840682ms] [LOG] [Fast Refresh] rebuilding @ http://localhost:3001/_next/static/chunks/node_modules_next_dist_115brz8._.js:2431
[ 1840715ms] [LOG] [Fast Refresh] done in 134ms @ http://localhost:3001/_next/static/chunks/node_modules_next_dist_115brz8._.js:2431
[ 1841026ms] [LOG] [Fast Refresh] rebuilding @ http://localhost:3001/_next/static/chunks/node_modules_next_dist_115brz8._.js:2431
[ 1841062ms] [LOG] [Fast Refresh] done in 136ms @ http://localhost:3001/_next/static/chunks/node_modules_next_dist_115brz8._.js:2431
[ 1841248ms] [LOG] [Fast Refresh] rebuilding @ http://localhost:3001/_next/static/chunks/node_modules_next_dist_115brz8._.js:2431
[ 1841275ms] [LOG] [Fast Refresh] done in 129ms @ http://localhost:3001/_next/static/chunks/node_modules_next_dist_115brz8._.js:2431
[ 1844292ms] [WARNING] The resource http://localhost:3001/_next/static/chunks/apps_portal_components_page-state_PageState_module_0sc2l4s.css was preloaded using link preload but not used within a few seconds from the window's load event. Please make sure it has an appropriate `as` value and it is preloaded intentionally. @ http://localhost:3001/staff/projects/proj_76a726e3-b0a3-4c17-9a29-613482645a8f/design-workbench:0
[ 1878862ms] [WARNING] The resource http://localhost:3001/_next/static/chunks/apps_portal_components_page-state_PageState_module_0sc2l4s.css was preloaded using link preload but not used within a few seconds from the window's load event. Please make sure it has an appropriate `as` value and it is preloaded intentionally. @ http://localhost:3001/staff/projects/proj_76a726e3-b0a3-4c17-9a29-613482645a8f/design-workbench:0
[ 1925974ms] [LOG] [Fast Refresh] rebuilding @ http://localhost:3001/_next/static/chunks/node_modules_next_dist_115brz8._.js:2431
[ 1926145ms] [LOG] [Fast Refresh] done in 266ms @ http://localhost:3001/_next/static/chunks/node_modules_next_dist_115brz8._.js:2431
[ 1926942ms] [LOG] [Fast Refresh] rebuilding @ http://localhost:3001/_next/static/chunks/node_modules_next_dist_115brz8._.js:2431
[ 1927224ms] [LOG] [Fast Refresh] done in 384ms @ http://localhost:3001/_next/static/chunks/node_modules_next_dist_115brz8._.js:2431
[ 1927342ms] [LOG] [Fast Refresh] rebuilding @ http://localhost:3001/_next/static/chunks/node_modules_next_dist_115brz8._.js:2431
[ 1927798ms] [LOG] [Fast Refresh] done in 558ms @ http://localhost:3001/_next/static/chunks/node_modules_next_dist_115brz8._.js:2431
[ 1928364ms] [LOG] [Fast Refresh] rebuilding @ http://localhost:3001/_next/static/chunks/node_modules_next_dist_115brz8._.js:2431
[ 1928459ms] [LOG] [Fast Refresh] done in 195ms @ http://localhost:3001/_next/static/chunks/node_modules_next_dist_115brz8._.js:2431
[ 1928648ms] [LOG] [Fast Refresh] rebuilding @ http://localhost:3001/_next/static/chunks/node_modules_next_dist_115brz8._.js:2431
[ 1928655ms] [LOG] [Fast Refresh] done in 109ms @ http://localhost:3001/_next/static/chunks/node_modules_next_dist_115brz8._.js:2431
[ 1929065ms] [LOG] [Fast Refresh] rebuilding @ http://localhost:3001/_next/static/chunks/node_modules_next_dist_115brz8._.js:2431
[ 1929124ms] [LOG] [Fast Refresh] done in 162ms @ http://localhost:3001/_next/static/chunks/node_modules_next_dist_115brz8._.js:2431
[ 1929259ms] [LOG] [Fast Refresh] rebuilding @ http://localhost:3001/_next/static/chunks/node_modules_next_dist_115brz8._.js:2431
[ 1929273ms] [WARNING] The resource http://localhost:3001/_next/static/chunks/apps_portal_components_page-state_PageState_module_0sc2l4s.css was preloaded using link preload but not used within a few seconds from the window's load event. Please make sure it has an appropriate `as` value and it is preloaded intentionally. @ http://localhost:3001/staff/projects/proj_76a726e3-b0a3-4c17-9a29-613482645a8f/design-workbench:0
[ 1929402ms] [LOG] [Fast Refresh] done in 248ms @ http://localhost:3001/_next/static/chunks/node_modules_next_dist_115brz8._.js:2431
[ 1929711ms] [LOG] [Fast Refresh] rebuilding @ http://localhost:3001/_next/static/chunks/node_modules_next_dist_115brz8._.js:2431
[ 1929753ms] [LOG] [Fast Refresh] done in 143ms @ http://localhost:3001/_next/static/chunks/node_modules_next_dist_115brz8._.js:2431
[ 1933668ms] [WARNING] The resource http://localhost:3001/_next/static/chunks/apps_portal_components_page-state_PageState_module_0sc2l4s.css was preloaded using link preload but not used within a few seconds from the window's load event. Please make sure it has an appropriate `as` value and it is preloaded intentionally. @ http://localhost:3001/staff/projects/proj_76a726e3-b0a3-4c17-9a29-613482645a8f/design-workbench:0
[ 1936151ms] [LOG] [Fast Refresh] rebuilding @ http://localhost:3001/_next/static/chunks/node_modules_next_dist_115brz8._.js:2431
[ 1936373ms] [LOG] [Fast Refresh] done in 262ms @ http://localhost:3001/_next/static/chunks/node_modules_next_dist_115brz8._.js:2431
[ 1936933ms] [LOG] [Fast Refresh] rebuilding @ http://localhost:3001/_next/static/chunks/node_modules_next_dist_115brz8._.js:2431
[ 1937527ms] [LOG] [Fast Refresh] done in 697ms @ http://localhost:3001/_next/static/chunks/node_modules_next_dist_115brz8._.js:2431
[ 1938175ms] [LOG] [Fast Refresh] rebuilding @ http://localhost:3001/_next/static/chunks/node_modules_next_dist_115brz8._.js:2431
[ 1938214ms] [LOG] [Fast Refresh] done in 141ms @ http://localhost:3001/_next/static/chunks/node_modules_next_dist_115brz8._.js:2431
[ 1938328ms] [LOG] [Fast Refresh] rebuilding @ http://localhost:3001/_next/static/chunks/node_modules_next_dist_115brz8._.js:2431
[ 1938375ms] [LOG] [Fast Refresh] done in 153ms @ http://localhost:3001/_next/static/chunks/node_modules_next_dist_115brz8._.js:2431
[ 1938877ms] [LOG] [Fast Refresh] rebuilding @ http://localhost:3001/_next/static/chunks/node_modules_next_dist_115brz8._.js:2431
[ 1938939ms] [LOG] [Fast Refresh] done in 168ms @ http://localhost:3001/_next/static/chunks/node_modules_next_dist_115brz8._.js:2431
[ 1939618ms] [LOG] [Fast Refresh] rebuilding @ http://localhost:3001/_next/static/chunks/node_modules_next_dist_115brz8._.js:2431
[ 1939684ms] [LOG] [Fast Refresh] done in 168ms @ http://localhost:3001/_next/static/chunks/node_modules_next_dist_115brz8._.js:2431
[ 1942829ms] [WARNING] The resource http://localhost:3001/_next/static/chunks/apps_portal_components_page-state_PageState_module_0sc2l4s.css was preloaded using link preload but not used within a few seconds from the window's load event. Please make sure it has an appropriate `as` value and it is preloaded intentionally. @ http://localhost:3001/staff/projects/proj_76a726e3-b0a3-4c17-9a29-613482645a8f/design-workbench:0
[ 1945377ms] [LOG] [Fast Refresh] rebuilding @ http://localhost:3001/_next/static/chunks/node_modules_next_dist_115brz8._.js:2431
[ 1945552ms] [LOG] [Fast Refresh] done in 272ms @ http://localhost:3001/_next/static/chunks/node_modules_next_dist_115brz8._.js:2431
[ 1946113ms] [LOG] [Fast Refresh] rebuilding @ http://localhost:3001/_next/static/chunks/node_modules_next_dist_115brz8._.js:2431
[ 1946329ms] [LOG] [Fast Refresh] done in 321ms @ http://localhost:3001/_next/static/chunks/node_modules_next_dist_115brz8._.js:2431
[ 1946446ms] [LOG] [Fast Refresh] rebuilding @ http://localhost:3001/_next/static/chunks/node_modules_next_dist_115brz8._.js:2431
[ 1946898ms] [LOG] [Fast Refresh] done in 559ms @ http://localhost:3001/_next/static/chunks/node_modules_next_dist_115brz8._.js:2431
[ 1947015ms] [LOG] [Fast Refresh] rebuilding @ http://localhost:3001/_next/static/chunks/node_modules_next_dist_115brz8._.js:2431
[ 1947080ms] [LOG] [Fast Refresh] done in 172ms @ http://localhost:3001/_next/static/chunks/node_modules_next_dist_115brz8._.js:2431
[ 1947377ms] [LOG] [Fast Refresh] rebuilding @ http://localhost:3001/_next/static/chunks/node_modules_next_dist_115brz8._.js:2431
[ 1948029ms] [LOG] [Fast Refresh] done in 757ms @ http://localhost:3001/_next/static/chunks/node_modules_next_dist_115brz8._.js:2431
[ 1948377ms] [LOG] [Fast Refresh] rebuilding @ http://localhost:3001/_next/static/chunks/node_modules_next_dist_115brz8._.js:2431
[ 1948440ms] [LOG] [Fast Refresh] done in 167ms @ http://localhost:3001/_next/static/chunks/node_modules_next_dist_115brz8._.js:2431
[ 1949078ms] [LOG] [Fast Refresh] rebuilding @ http://localhost:3001/_next/static/chunks/node_modules_next_dist_115brz8._.js:2431
[ 1949114ms] [LOG] [Fast Refresh] done in 143ms @ http://localhost:3001/_next/static/chunks/node_modules_next_dist_115brz8._.js:2431
[ 1949226ms] [LOG] [Fast Refresh] rebuilding @ http://localhost:3001/_next/static/chunks/node_modules_next_dist_115brz8._.js:2431
[ 1949252ms] [LOG] [Fast Refresh] done in 128ms @ http://localhost:3001/_next/static/chunks/node_modules_next_dist_115brz8._.js:2431
[ 1949606ms] [LOG] [Fast Refresh] rebuilding @ http://localhost:3001/_next/static/chunks/node_modules_next_dist_115brz8._.js:2431
[ 1949641ms] [LOG] [Fast Refresh] done in 139ms @ http://localhost:3001/_next/static/chunks/node_modules_next_dist_115brz8._.js:2431
[ 1949786ms] [LOG] [Fast Refresh] rebuilding @ http://localhost:3001/_next/static/chunks/node_modules_next_dist_115brz8._.js:2431
[ 1949810ms] [LOG] [Fast Refresh] done in 127ms @ http://localhost:3001/_next/static/chunks/node_modules_next_dist_115brz8._.js:2431
[ 1952830ms] [WARNING] The resource http://localhost:3001/_next/static/chunks/apps_portal_components_page-state_PageState_module_0sc2l4s.css was preloaded using link preload but not used within a few seconds from the window's load event. Please make sure it has an appropriate `as` value and it is preloaded intentionally. @ http://localhost:3001/staff/projects/proj_76a726e3-b0a3-4c17-9a29-613482645a8f/design-workbench:0
[ 1967695ms] [LOG] [Fast Refresh] rebuilding @ http://localhost:3001/_next/static/chunks/node_modules_next_dist_115brz8._.js:2431
[ 1967742ms] [LOG] [Fast Refresh] done in 48ms @ http://localhost:3001/_next/static/chunks/node_modules_next_dist_115brz8._.js:2431
[ 1968313ms] [LOG] [Fast Refresh] rebuilding @ http://localhost:3001/_next/static/chunks/node_modules_next_dist_115brz8._.js:2431
[ 1968385ms] [LOG] [Fast Refresh] done in 177ms @ http://localhost:3001/_next/static/chunks/node_modules_next_dist_115brz8._.js:2431
[ 1968487ms] [LOG] [Fast Refresh] rebuilding @ http://localhost:3001/_next/static/chunks/node_modules_next_dist_115brz8._.js:2431
[ 1968557ms] [LOG] [Fast Refresh] done in 172ms @ http://localhost:3001/_next/static/chunks/node_modules_next_dist_115brz8._.js:2431
[ 1969043ms] [LOG] [Fast Refresh] rebuilding @ http://localhost:3001/_next/static/chunks/node_modules_next_dist_115brz8._.js:2431
[ 1969081ms] [LOG] [Fast Refresh] done in 139ms @ http://localhost:3001/_next/static/chunks/node_modules_next_dist_115brz8._.js:2431
[ 1972241ms] [WARNING] The resource http://localhost:3001/_next/static/chunks/apps_portal_components_page-state_PageState_module_0sc2l4s.css was preloaded using link preload but not used within a few seconds from the window's load event. Please make sure it has an appropriate `as` value and it is preloaded intentionally. @ http://localhost:3001/staff/projects/proj_76a726e3-b0a3-4c17-9a29-613482645a8f/design-workbench:0
[ 2149995ms] [LOG] [Fast Refresh] rebuilding @ http://localhost:3001/_next/static/chunks/node_modules_next_dist_115brz8._.js:2431
[ 2150188ms] [LOG] [Fast Refresh] done in 294ms @ http://localhost:3001/_next/static/chunks/node_modules_next_dist_115brz8._.js:2431
[ 2152092ms] [LOG] [Fast Refresh] rebuilding @ http://localhost:3001/_next/static/chunks/node_modules_next_dist_115brz8._.js:2431
[ 2152356ms] [LOG] [Fast Refresh] done in 363ms @ http://localhost:3001/_next/static/chunks/node_modules_next_dist_115brz8._.js:2431
[ 2152487ms] [LOG] [Fast Refresh] rebuilding @ http://localhost:3001/_next/static/chunks/node_modules_next_dist_115brz8._.js:2431
[ 2152944ms] [LOG] [Fast Refresh] done in 558ms @ http://localhost:3001/_next/static/chunks/node_modules_next_dist_115brz8._.js:2431
[ 2153634ms] [LOG] [Fast Refresh] rebuilding @ http://localhost:3001/_next/static/chunks/node_modules_next_dist_115brz8._.js:2431
[ 2153719ms] [LOG] [Fast Refresh] done in 190ms @ http://localhost:3001/_next/static/chunks/node_modules_next_dist_115brz8._.js:2431
[ 2153894ms] [LOG] [Fast Refresh] rebuilding @ http://localhost:3001/_next/static/chunks/node_modules_next_dist_115brz8._.js:2431
[ 2153920ms] [LOG] [Fast Refresh] done in 129ms @ http://localhost:3001/_next/static/chunks/node_modules_next_dist_115brz8._.js:2431
[ 2154279ms] [LOG] [Fast Refresh] rebuilding @ http://localhost:3001/_next/static/chunks/node_modules_next_dist_115brz8._.js:2431
[ 2154312ms] [LOG] [Fast Refresh] done in 139ms @ http://localhost:3001/_next/static/chunks/node_modules_next_dist_115brz8._.js:2431
[ 2154501ms] [LOG] [Fast Refresh] rebuilding @ http://localhost:3001/_next/static/chunks/node_modules_next_dist_115brz8._.js:2431
[ 2154545ms] [LOG] [Fast Refresh] done in 151ms @ http://localhost:3001/_next/static/chunks/node_modules_next_dist_115brz8._.js:2431
[ 2154872ms] [LOG] [Fast Refresh] rebuilding @ http://localhost:3001/_next/static/chunks/node_modules_next_dist_115brz8._.js:2431
[ 2154905ms] [LOG] [Fast Refresh] done in 134ms @ http://localhost:3001/_next/static/chunks/node_modules_next_dist_115brz8._.js:2431
[ 2155091ms] [LOG] [Fast Refresh] rebuilding @ http://localhost:3001/_next/static/chunks/node_modules_next_dist_115brz8._.js:2431
[ 2155133ms] [LOG] [Fast Refresh] done in 146ms @ http://localhost:3001/_next/static/chunks/node_modules_next_dist_115brz8._.js:2431
[ 2158002ms] [WARNING] The resource http://localhost:3001/_next/static/chunks/apps_portal_components_page-state_PageState_module_0sc2l4s.css was preloaded using link preload but not used within a few seconds from the window's load event. Please make sure it has an appropriate `as` value and it is preloaded intentionally. @ http://localhost:3001/staff/projects/proj_76a726e3-b0a3-4c17-9a29-613482645a8f/design-workbench:0
[ 2192404ms] [LOG] [Fast Refresh] rebuilding @ http://localhost:3001/_next/static/chunks/node_modules_next_dist_115brz8._.js:2431
[ 2192702ms] [LOG] [Fast Refresh] done in 411ms @ http://localhost:3001/_next/static/chunks/node_modules_next_dist_115brz8._.js:2431
[ 2195717ms] [WARNING] The resource http://localhost:3001/_next/static/chunks/apps_portal_components_page-state_PageState_module_0sc2l4s.css was preloaded using link preload but not used within a few seconds from the window's load event. Please make sure it has an appropriate `as` value and it is preloaded intentionally. @ http://localhost:3001/staff/projects/proj_76a726e3-b0a3-4c17-9a29-613482645a8f/design-workbench:0
[ 2209296ms] [LOG] [Fast Refresh] rebuilding @ http://localhost:3001/_next/static/chunks/node_modules_next_dist_115brz8._.js:2431
[ 2209860ms] [LOG] [Fast Refresh] done in 668ms @ http://localhost:3001/_next/static/chunks/node_modules_next_dist_115brz8._.js:2431
[ 2210451ms] [LOG] [Fast Refresh] rebuilding @ http://localhost:3001/_next/static/chunks/node_modules_next_dist_115brz8._.js:2431
[ 2210882ms] [LOG] [Fast Refresh] done in 537ms @ http://localhost:3001/_next/static/chunks/node_modules_next_dist_115brz8._.js:2431
[ 2211103ms] [LOG] [Fast Refresh] rebuilding @ http://localhost:3001/_next/static/chunks/node_modules_next_dist_115brz8._.js:2431
[ 2211148ms] [LOG] [Fast Refresh] done in 147ms @ http://localhost:3001/_next/static/chunks/node_modules_next_dist_115brz8._.js:2431
[ 2211548ms] [LOG] [Fast Refresh] rebuilding @ http://localhost:3001/_next/static/chunks/node_modules_next_dist_115brz8._.js:2431
[ 2211579ms] [LOG] [Fast Refresh] done in 137ms @ http://localhost:3001/_next/static/chunks/node_modules_next_dist_115brz8._.js:2431
[ 2211784ms] [LOG] [Fast Refresh] rebuilding @ http://localhost:3001/_next/static/chunks/node_modules_next_dist_115brz8._.js:2431
[ 2211818ms] [LOG] [Fast Refresh] done in 141ms @ http://localhost:3001/_next/static/chunks/node_modules_next_dist_115brz8._.js:2431
[ 2212125ms] [LOG] [Fast Refresh] rebuilding @ http://localhost:3001/_next/static/chunks/node_modules_next_dist_115brz8._.js:2431
[ 2212164ms] [LOG] [Fast Refresh] done in 139ms @ http://localhost:3001/_next/static/chunks/node_modules_next_dist_115brz8._.js:2431
[ 2212360ms] [LOG] [Fast Refresh] rebuilding @ http://localhost:3001/_next/static/chunks/node_modules_next_dist_115brz8._.js:2431
[ 2212394ms] [LOG] [Fast Refresh] done in 139ms @ http://localhost:3001/_next/static/chunks/node_modules_next_dist_115brz8._.js:2431
[ 2215412ms] [WARNING] The resource http://localhost:3001/_next/static/chunks/apps_portal_components_page-state_PageState_module_0sc2l4s.css was preloaded using link preload but not used within a few seconds from the window's load event. Please make sure it has an appropriate `as` value and it is preloaded intentionally. @ http://localhost:3001/staff/projects/proj_76a726e3-b0a3-4c17-9a29-613482645a8f/design-workbench:0
[ 2257945ms] [LOG] [Fast Refresh] rebuilding @ http://localhost:3001/_next/static/chunks/node_modules_next_dist_115brz8._.js:2431
[ 2258509ms] [LOG] [Fast Refresh] done in 668ms @ http://localhost:3001/_next/static/chunks/node_modules_next_dist_115brz8._.js:2431
[ 2259165ms] [LOG] [Fast Refresh] rebuilding @ http://localhost:3001/_next/static/chunks/node_modules_next_dist_115brz8._.js:2431
[ 2259397ms] [LOG] [Fast Refresh] done in 335ms @ http://localhost:3001/_next/static/chunks/node_modules_next_dist_115brz8._.js:2431
[ 2259512ms] [LOG] [Fast Refresh] rebuilding @ http://localhost:3001/_next/static/chunks/node_modules_next_dist_115brz8._.js:2431
[ 2260109ms] [LOG] [Fast Refresh] done in 699ms @ http://localhost:3001/_next/static/chunks/node_modules_next_dist_115brz8._.js:2431
[ 2260706ms] [LOG] [Fast Refresh] rebuilding @ http://localhost:3001/_next/static/chunks/node_modules_next_dist_115brz8._.js:2431
[ 2260780ms] [LOG] [Fast Refresh] done in 175ms @ http://localhost:3001/_next/static/chunks/node_modules_next_dist_115brz8._.js:2431
[ 2260900ms] [LOG] [Fast Refresh] rebuilding @ http://localhost:3001/_next/static/chunks/node_modules_next_dist_115brz8._.js:2431
[ 2260933ms] [LOG] [Fast Refresh] done in 138ms @ http://localhost:3001/_next/static/chunks/node_modules_next_dist_115brz8._.js:2431
[ 2261269ms] [LOG] [Fast Refresh] rebuilding @ http://localhost:3001/_next/static/chunks/node_modules_next_dist_115brz8._.js:2431
[ 2261313ms] [LOG] [Fast Refresh] done in 145ms @ http://localhost:3001/_next/static/chunks/node_modules_next_dist_115brz8._.js:2431
[ 2261425ms] [LOG] [Fast Refresh] rebuilding @ http://localhost:3001/_next/static/chunks/node_modules_next_dist_115brz8._.js:2431
[ 2261466ms] [LOG] [Fast Refresh] done in 143ms @ http://localhost:3001/_next/static/chunks/node_modules_next_dist_115brz8._.js:2431
[ 2264491ms] [WARNING] The resource http://localhost:3001/_next/static/chunks/apps_portal_components_page-state_PageState_module_0sc2l4s.css was preloaded using link preload but not used within a few seconds from the window's load event. Please make sure it has an appropriate `as` value and it is preloaded intentionally. @ http://localhost:3001/staff/projects/proj_76a726e3-b0a3-4c17-9a29-613482645a8f/design-workbench:0
[ 2312565ms] [LOG] [Fast Refresh] rebuilding @ http://localhost:3001/_next/static/chunks/node_modules_next_dist_115brz8._.js:2431
[ 2312815ms] [LOG] [Fast Refresh] done in 364ms @ http://localhost:3001/_next/static/chunks/node_modules_next_dist_115brz8._.js:2431
[ 2418927ms] [LOG] [Fast Refresh] rebuilding @ http://localhost:3001/_next/static/chunks/node_modules_next_dist_115brz8._.js:2431
[ 2418927ms] [LOG] [Fast Refresh] done in 101ms @ http://localhost:3001/_next/static/chunks/node_modules_next_dist_115brz8._.js:2431
[ 2462538ms] [LOG] [Fast Refresh] rebuilding @ http://localhost:3001/_next/static/chunks/node_modules_next_dist_115brz8._.js:2431
[ 2464115ms] [ERROR] ./apps/portal/lib/drawings/state/houseFormGeometryInput.ts:1:1
Export DEFAULT_EAVE_OVERHANG_MM doesn't exist in target module
>  1 | import {
     | ^^^^^^^
>  2 |   applyHouseReferencePosition,
     | ^^^^^^^^^^^^^^^^^^^^^^^^^^^^^^
>  3 |   applyRoofQa,
     | ^^^^^^^^^^^^^^
>  4 |   buildHouseModel3DFromRawHouseInput,
     | ^^^^^^^^^^^^^^^^^^^^^^^^^^^^^^^^^^^^^
>  5 |   buildHouseReferenceProjectionShape,
     | ^^^^^^^^^^^^^^^^^^^^^^^^^^^^^^^^^^^^^
>  6 |   buildHouseRoofEnvelopeArtifacts,
     | ^^^^^^^^^^^^^^^^^^^^^^^^^^^^^^^^^^
>  7 |   buildHouseRoofModelPipeline,
     | ^^^^^^^^^^^^^^^^^^^^^^^^^^^^^^
>  8 |   composeFootprintFromComposition,
     | ^^^^^^^^^^^^^^^^^^^^^^^^^^^^^^^^^^
>  9 |   composeRoofFromComposition,
     | ^^^^^^^^^^^^^^^^^^^^^^^^^^^^^
> 10 |   DEFAULT_EAVE_OVERHANG_MM,
     | ^^^^^^^^^^^^^^^^^^^^^^^^^^^
> 11 |   DEFAULT_FASCIA_HEIGHT_MM,
     | ^^^^^^^^^^^^^^^^^^^^^^^^^^^
> 12 |   DEFAULT_GUTTER_DEPTH_MM,
     | ^^^^^^^^^^^^^^^^^^^^^^^^^^
> 13 |   DEFAULT_GUTTER_PROJECTION_MM,
     | ^^^^^^^^^^^^^^^^^^^^^^^^^^^^^^^
> 14 |   DEFAULT_GUTTER_WIDTH_MM,
     | ^^^^^^^^^^^^^^^^^^^^^^^^^^
> 15 |   DEFAULT_HOUSE_ROOF_MATERIAL,
     | ^^^^^^^^^^^^^^^^^^^^^^^^^^^^^^
> 16 |   DEFAULT_SOFFIT_DEPTH_MM,
     | ^^^^^^^^^^^^^^^^^^^^^^^^^^
> 17 |   EMPTY_HOUSE_ROOF_STAGE_DIAGNOSTICS,
     | ^^^^^^^^^^^^^^^^^^^^^^^^^^^^^^^^^^^^^
> 18 |   type GeometryTopProjectionShape,
     | ^^^^^^^^^^^^^^^^^^^^^^^^^^^^^^^^^^
> 19 |   type HouseComposition,
     | ^^^^^^^^^^^^^^^^^^^^^^^^
> 20 |   type HouseRoofModelPipelineFailureStage,
     | ^^^^^^^^^^^^^^^^^^^^^^^^^^^^^^^^^^^^^^^^^^
> 21 |   type HouseRoofStageDiagnostics,
     | ^^^^^^^^^^^^^^^^^^^^^^^^^^^^^^^^^
> 22 |   type HouseModel3D,
     | ^^^^^^^^^^^^^^^^^^^^
> 23 |   type RectangleRoofIntent,
     | ^^^^^^^^^^^^^^^^^^^^^^^^^^^
> 24 |   type HouseReferenceGeometry,
     | ^^^^^^^^^^^^^^^^^^^^^^^^^^^^^^
> 25 |   type Polygon3,
     | ^^^^^^^^^^^^^^^^
> 26 |   type RawHouseInput,
     | ^^^^^^^^^^^^^^^^^^^^^
> 27 | } from "@sp/geometry";
     | ^^^^^^^^^^^^^^^^^^^^^^
  28 | import { houseFormTransformToAssemblyPosition } from "./houseFormTransform";
  29 | import { buildHouseFormRawGeometryInput } from "./houseFormRawGeometry";
  30 | import { deriveCompositionUnionPolygon3 } from "./houseFormCompositionFootprint";

The export DEFAULT_EAVE_OVERHANG_MM was not found in module [project]/packages/geometry/src/index.ts [app-client] (ecmascript).
Did you mean to import EMPTY_HOUSE_ROOF_STAGE_DIAGNOSTICS?
All exports of the module are statically known (It doesn't have dynamic exports). So it's known statically that the requested export doesn't exist.

Import traces:
  Client Component Browser:
    ./apps/portal/lib/drawings/state/houseFormGeometryInput.ts [Client Component Browser]
    ./apps/portal/lib/drawings/state/objectWorkbenchStatusModel.ts [Client Component Browser]
    ./apps/portal/lib/drawings/state/drawingWorkbenchStore.ts [Client Component Browser]
    ./apps/portal/components/projects/ProjectPage/tabs/EstimatesTab.tsx [Client Component Browser]
    ./apps/portal/components/projects/ProjectPage/ProjectMainTabs.tsx [Client Component Browser]
    ./apps/portal/components/projects/ProjectPage/ProjectPageShell.tsx [Client Component Browser]
    ./apps/portal/components/projects/ProjectPage/ProjectPageFrame.tsx [Client Component Browser]
    ./apps/portal/app/staff/projects/[projectId]/ProjectSnapshotPageClient.tsx [Client Component Browser]
    ./apps/portal/app/staff/projects/[projectId]/ProjectSnapshotPageClient.tsx [Server Component]
    ./apps/portal/app/staff/projects/[projectId]/page.tsx [Server Component]

  Client Component SSR:
    ./apps/portal/lib/drawings/state/houseFormGeometryInput.ts [Client Component SSR]
    ./apps/portal/lib/drawings/state/objectWorkbenchStatusModel.ts [Client Component SSR]
    ./apps/portal/lib/drawings/state/drawingWorkbenchStore.ts [Client Component SSR]
    ./apps/portal/components/projects/ProjectPage/tabs/EstimatesTab.tsx [Client Component SSR]
    ./apps/portal/components/projects/ProjectPage/ProjectMainTabs.tsx [Client Component SSR]
    ./apps/portal/components/projects/ProjectPage/ProjectPageShell.tsx [Client Component SSR]
    ./apps/portal/components/projects/ProjectPage/ProjectPageFrame.tsx [Client Component SSR]
    ./apps/portal/app/staff/projects/[projectId]/ProjectSnapshotPageClient.tsx [Client Component SSR]
    ./apps/portal/app/staff/projects/[projectId]/ProjectSnapshotPageClient.tsx [Server Component]
    ./apps/portal/app/staff/projects/[projectId]/page.tsx [Server Component] @ http://localhost:3001/_next/static/chunks/node_modules_next_dist_115brz8._.js:3272
[ 2464116ms] [ERROR] ./apps/portal/lib/drawings/state/houseFormGeometryInput.ts:1:1
Export DEFAULT_EAVE_OVERHANG_MM doesn't exist in target module
>  1 | import {
     | ^^^^^^^
>  2 |   applyHouseReferencePosition,
     | ^^^^^^^^^^^^^^^^^^^^^^^^^^^^^^
>  3 |   applyRoofQa,
     | ^^^^^^^^^^^^^^
>  4 |   buildHouseModel3DFromRawHouseInput,
     | ^^^^^^^^^^^^^^^^^^^^^^^^^^^^^^^^^^^^^
>  5 |   buildHouseReferenceProjectionShape,
     | ^^^^^^^^^^^^^^^^^^^^^^^^^^^^^^^^^^^^^
>  6 |   buildHouseRoofEnvelopeArtifacts,
     | ^^^^^^^^^^^^^^^^^^^^^^^^^^^^^^^^^^
>  7 |   buildHouseRoofModelPipeline,
     | ^^^^^^^^^^^^^^^^^^^^^^^^^^^^^^
>  8 |   composeFootprintFromComposition,
     | ^^^^^^^^^^^^^^^^^^^^^^^^^^^^^^^^^^
>  9 |   composeRoofFromComposition,
     | ^^^^^^^^^^^^^^^^^^^^^^^^^^^^^
> 10 |   DEFAULT_EAVE_OVERHANG_MM,
     | ^^^^^^^^^^^^^^^^^^^^^^^^^^^
> 11 |   DEFAULT_FASCIA_HEIGHT_MM,
     | ^^^^^^^^^^^^^^^^^^^^^^^^^^^
> 12 |   DEFAULT_GUTTER_DEPTH_MM,
     | ^^^^^^^^^^^^^^^^^^^^^^^^^^
> 13 |   DEFAULT_GUTTER_PROJECTION_MM,
     | ^^^^^^^^^^^^^^^^^^^^^^^^^^^^^^^
> 14 |   DEFAULT_GUTTER_WIDTH_MM,
     | ^^^^^^^^^^^^^^^^^^^^^^^^^^
> 15 |   DEFAULT_HOUSE_ROOF_MATERIAL,
     | ^^^^^^^^^^^^^^^^^^^^^^^^^^^^^^
> 16 |   DEFAULT_SOFFIT_DEPTH_MM,
     | ^^^^^^^^^^^^^^^^^^^^^^^^^^
> 17 |   EMPTY_HOUSE_ROOF_STAGE_DIAGNOSTICS,
     | ^^^^^^^^^^^^^^^^^^^^^^^^^^^^^^^^^^^^^
> 18 |   type GeometryTopProjectionShape,
     | ^^^^^^^^^^^^^^^^^^^^^^^^^^^^^^^^^^
> 19 |   type HouseComposition,
     | ^^^^^^^^^^^^^^^^^^^^^^^^
> 20 |   type HouseRoofModelPipelineFailureStage,
     | ^^^^^^^^^^^^^^^^^^^^^^^^^^^^^^^^^^^^^^^^^^
> 21 |   type HouseRoofStageDiagnostics,
     | ^^^^^^^^^^^^^^^^^^^^^^^^^^^^^^^^^
> 22 |   type HouseModel3D,
     | ^^^^^^^^^^^^^^^^^^^^
> 23 |   type RectangleRoofIntent,
     | ^^^^^^^^^^^^^^^^^^^^^^^^^^^
> 24 |   type HouseReferenceGeometry,
     | ^^^^^^^^^^^^^^^^^^^^^^^^^^^^^^
> 25 |   type Polygon3,
     | ^^^^^^^^^^^^^^^^
> 26 |   type RawHouseInput,
     | ^^^^^^^^^^^^^^^^^^^^^
> 27 | } from "@sp/geometry";
     | ^^^^^^^^^^^^^^^^^^^^^^
  28 | import { houseFormTransformToAssemblyPosition } from "./houseFormTransform";
  29 | import { buildHouseFormRawGeometryInput } from "./houseFormRawGeometry";
  30 | import { deriveCompositionUnionPolygon3 } from "./houseFormCompositionFootprint";

The export DEFAULT_EAVE_OVERHANG_MM was not found in module [project]/packages/geometry/src/index.ts [app-ssr] (ecmascript).
Did you mean to import EMPTY_HOUSE_ROOF_STAGE_DIAGNOSTICS?
All exports of the module are statically known (It doesn't have dynamic exports). So it's known statically that the requested export doesn't exist.

Import traces:
  Client Component Browser:
    ./apps/portal/lib/drawings/state/houseFormGeometryInput.ts [Client Component Browser]
    ./apps/portal/lib/drawings/state/objectWorkbenchStatusModel.ts [Client Component Browser]
    ./apps/portal/lib/drawings/state/drawingWorkbenchStore.ts [Client Component Browser]
    ./apps/portal/components/projects/ProjectPage/tabs/EstimatesTab.tsx [Client Component Browser]
    ./apps/portal/components/projects/ProjectPage/ProjectMainTabs.tsx [Client Component Browser]
    ./apps/portal/components/projects/ProjectPage/ProjectPageShell.tsx [Client Component Browser]
    ./apps/portal/components/projects/ProjectPage/ProjectPageFrame.tsx [Client Component Browser]
    ./apps/portal/app/staff/projects/[projectId]/ProjectSnapshotPageClient.tsx [Client Component Browser]
    ./apps/portal/app/staff/projects/[projectId]/ProjectSnapshotPageClient.tsx [Server Component]
    ./apps/portal/app/staff/projects/[projectId]/page.tsx [Server Component]

  Client Component SSR:
    ./apps/portal/lib/drawings/state/houseFormGeometryInput.ts [Client Component SSR]
    ./apps/portal/lib/drawings/state/objectWorkbenchStatusModel.ts [Client Component SSR]
    ./apps/portal/lib/drawings/state/drawingWorkbenchStore.ts [Client Component SSR]
    ./apps/portal/components/projects/ProjectPage/tabs/EstimatesTab.tsx [Client Component SSR]
    ./apps/portal/components/projects/ProjectPage/ProjectMainTabs.tsx [Client Component SSR]
    ./apps/portal/components/projects/ProjectPage/ProjectPageShell.tsx [Client Component SSR]
    ./apps/portal/components/projects/ProjectPage/ProjectPageFrame.tsx [Client Component SSR]
    ./apps/portal/app/staff/projects/[projectId]/ProjectSnapshotPageClient.tsx [Client Component SSR]
    ./apps/portal/app/staff/projects/[projectId]/ProjectSnapshotPageClient.tsx [Server Component]
    ./apps/portal/app/staff/projects/[projectId]/page.tsx [Server Component] @ http://localhost:3001/_next/static/chunks/node_modules_next_dist_115brz8._.js:3272
[ 2464116ms] [ERROR] ./apps/portal/lib/drawings/state/houseFormGeometryInput.ts:1:1
Export DEFAULT_FASCIA_HEIGHT_MM doesn't exist in target module
>  1 | import {
     | ^^^^^^^
>  2 |   applyHouseReferencePosition,
     | ^^^^^^^^^^^^^^^^^^^^^^^^^^^^^^
>  3 |   applyRoofQa,
     | ^^^^^^^^^^^^^^
>  4 |   buildHouseModel3DFromRawHouseInput,
     | ^^^^^^^^^^^^^^^^^^^^^^^^^^^^^^^^^^^^^
>  5 |   buildHouseReferenceProjectionShape,
     | ^^^^^^^^^^^^^^^^^^^^^^^^^^^^^^^^^^^^^
>  6 |   buildHouseRoofEnvelopeArtifacts,
     | ^^^^^^^^^^^^^^^^^^^^^^^^^^^^^^^^^^
>  7 |   buildHouseRoofModelPipeline,
     | ^^^^^^^^^^^^^^^^^^^^^^^^^^^^^^
>  8 |   composeFootprintFromComposition,
     | ^^^^^^^^^^^^^^^^^^^^^^^^^^^^^^^^^^
>  9 |   composeRoofFromComposition,
     | ^^^^^^^^^^^^^^^^^^^^^^^^^^^^^
> 10 |   DEFAULT_EAVE_OVERHANG_MM,
     | ^^^^^^^^^^^^^^^^^^^^^^^^^^^
> 11 |   DEFAULT_FASCIA_HEIGHT_MM,
     | ^^^^^^^^^^^^^^^^^^^^^^^^^^^
> 12 |   DEFAULT_GUTTER_DEPTH_MM,
     | ^^^^^^^^^^^^^^^^^^^^^^^^^^
> 13 |   DEFAULT_GUTTER_PROJECTION_MM,
     | ^^^^^^^^^^^^^^^^^^^^^^^^^^^^^^^
> 14 |   DEFAULT_GUTTER_WIDTH_MM,
     | ^^^^^^^^^^^^^^^^^^^^^^^^^^
> 15 |   DEFAULT_HOUSE_ROOF_MATERIAL,
     | ^^^^^^^^^^^^^^^^^^^^^^^^^^^^^^
> 16 |   DEFAULT_SOFFIT_DEPTH_MM,
     | ^^^^^^^^^^^^^^^^^^^^^^^^^^
> 17 |   EMPTY_HOUSE_ROOF_STAGE_DIAGNOSTICS,
     | ^^^^^^^^^^^^^^^^^^^^^^^^^^^^^^^^^^^^^
> 18 |   type GeometryTopProjectionShape,
     | ^^^^^^^^^^^^^^^^^^^^^^^^^^^^^^^^^^
> 19 |   type HouseComposition,
     | ^^^^^^^^^^^^^^^^^^^^^^^^
> 20 |   type HouseRoofModelPipelineFailureStage,
     | ^^^^^^^^^^^^^^^^^^^^^^^^^^^^^^^^^^^^^^^^^^
> 21 |   type HouseRoofStageDiagnostics,
     | ^^^^^^^^^^^^^^^^^^^^^^^^^^^^^^^^^
> 22 |   type HouseModel3D,
     | ^^^^^^^^^^^^^^^^^^^^
> 23 |   type RectangleRoofIntent,
     | ^^^^^^^^^^^^^^^^^^^^^^^^^^^
> 24 |   type HouseReferenceGeometry,
     | ^^^^^^^^^^^^^^^^^^^^^^^^^^^^^^
> 25 |   type Polygon3,
     | ^^^^^^^^^^^^^^^^
> 26 |   type RawHouseInput,
     | ^^^^^^^^^^^^^^^^^^^^^
> 27 | } from "@sp/geometry";
     | ^^^^^^^^^^^^^^^^^^^^^^
  28 | import { houseFormTransformToAssemblyPosition } from "./houseFormTransform";
  29 | import { buildHouseFormRawGeometryInput } from "./houseFormRawGeometry";
  30 | import { deriveCompositionUnionPolygon3 } from "./houseFormCompositionFootprint";

The export DEFAULT_FASCIA_HEIGHT_MM was not found in module [project]/packages/geometry/src/index.ts [app-client] (ecmascript).
Did you mean to import EMPTY_HOUSE_ROOF_STAGE_DIAGNOSTICS?
All exports of the module are statically known (It doesn't have dynamic exports). So it's known statically that the requested export doesn't exist.

Import traces:
  Client Component Browser:
    ./apps/portal/lib/drawings/state/houseFormGeometryInput.ts [Client Component Browser]
    ./apps/portal/lib/drawings/state/objectWorkbenchStatusModel.ts [Client Component Browser]
    ./apps/portal/lib/drawings/state/drawingWorkbenchStore.ts [Client Component Browser]
    ./apps/portal/components/projects/ProjectPage/tabs/EstimatesTab.tsx [Client Component Browser]
    ./apps/portal/components/projects/ProjectPage/ProjectMainTabs.tsx [Client Component Browser]
    ./apps/portal/components/projects/ProjectPage/ProjectPageShell.tsx [Client Component Browser]
    ./apps/portal/components/projects/ProjectPage/ProjectPageFrame.tsx [Client Component Browser]
    ./apps/portal/app/staff/projects/[projectId]/ProjectSnapshotPageClient.tsx [Client Component Browser]
    ./apps/portal/app/staff/projects/[projectId]/ProjectSnapshotPageClient.tsx [Server Component]
    ./apps/portal/app/staff/projects/[projectId]/page.tsx [Server Component]

  Client Component SSR:
    ./apps/portal/lib/drawings/state/houseFormGeometryInput.ts [Client Component SSR]
    ./apps/portal/lib/drawings/state/objectWorkbenchStatusModel.ts [Client Component SSR]
    ./apps/portal/lib/drawings/state/drawingWorkbenchStore.ts [Client Component SSR]
    ./apps/portal/components/projects/ProjectPage/tabs/EstimatesTab.tsx [Client Component SSR]
    ./apps/portal/components/projects/ProjectPage/ProjectMainTabs.tsx [Client Component SSR]
    ./apps/portal/components/projects/ProjectPage/ProjectPageShell.tsx [Client Component SSR]
    ./apps/portal/components/projects/ProjectPage/ProjectPageFrame.tsx [Client Component SSR]
    ./apps/portal/app/staff/projects/[projectId]/ProjectSnapshotPageClient.tsx [Client Component SSR]
    ./apps/portal/app/staff/projects/[projectId]/ProjectSnapshotPageClient.tsx [Server Component]
    ./apps/portal/app/staff/projects/[projectId]/page.tsx [Server Component] @ http://localhost:3001/_next/static/chunks/node_modules_next_dist_115brz8._.js:3272
[ 2464117ms] [ERROR] ./apps/portal/lib/drawings/state/houseFormGeometryInput.ts:1:1
Export DEFAULT_FASCIA_HEIGHT_MM doesn't exist in target module
>  1 | import {
     | ^^^^^^^
>  2 |   applyHouseReferencePosition,
     | ^^^^^^^^^^^^^^^^^^^^^^^^^^^^^^
>  3 |   applyRoofQa,
     | ^^^^^^^^^^^^^^
>  4 |   buildHouseModel3DFromRawHouseInput,
     | ^^^^^^^^^^^^^^^^^^^^^^^^^^^^^^^^^^^^^
>  5 |   buildHouseReferenceProjectionShape,
     | ^^^^^^^^^^^^^^^^^^^^^^^^^^^^^^^^^^^^^
>  6 |   buildHouseRoofEnvelopeArtifacts,
     | ^^^^^^^^^^^^^^^^^^^^^^^^^^^^^^^^^^
>  7 |   buildHouseRoofModelPipeline,
     | ^^^^^^^^^^^^^^^^^^^^^^^^^^^^^^
>  8 |   composeFootprintFromComposition,
     | ^^^^^^^^^^^^^^^^^^^^^^^^^^^^^^^^^^
>  9 |   composeRoofFromComposition,
     | ^^^^^^^^^^^^^^^^^^^^^^^^^^^^^
> 10 |   DEFAULT_EAVE_OVERHANG_MM,
     | ^^^^^^^^^^^^^^^^^^^^^^^^^^^
> 11 |   DEFAULT_FASCIA_HEIGHT_MM,
     | ^^^^^^^^^^^^^^^^^^^^^^^^^^^
> 12 |   DEFAULT_GUTTER_DEPTH_MM,
     | ^^^^^^^^^^^^^^^^^^^^^^^^^^
> 13 |   DEFAULT_GUTTER_PROJECTION_MM,
     | ^^^^^^^^^^^^^^^^^^^^^^^^^^^^^^^
> 14 |   DEFAULT_GUTTER_WIDTH_MM,
     | ^^^^^^^^^^^^^^^^^^^^^^^^^^
> 15 |   DEFAULT_HOUSE_ROOF_MATERIAL,
     | ^^^^^^^^^^^^^^^^^^^^^^^^^^^^^^
> 16 |   DEFAULT_SOFFIT_DEPTH_MM,
     | ^^^^^^^^^^^^^^^^^^^^^^^^^^
> 17 |   EMPTY_HOUSE_ROOF_STAGE_DIAGNOSTICS,
     | ^^^^^^^^^^^^^^^^^^^^^^^^^^^^^^^^^^^^^
> 18 |   type GeometryTopProjectionShape,
     | ^^^^^^^^^^^^^^^^^^^^^^^^^^^^^^^^^^
> 19 |   type HouseComposition,
     | ^^^^^^^^^^^^^^^^^^^^^^^^
> 20 |   type HouseRoofModelPipelineFailureStage,
     | ^^^^^^^^^^^^^^^^^^^^^^^^^^^^^^^^^^^^^^^^^^
> 21 |   type HouseRoofStageDiagnostics,
     | ^^^^^^^^^^^^^^^^^^^^^^^^^^^^^^^^^
> 22 |   type HouseModel3D,
     | ^^^^^^^^^^^^^^^^^^^^
> 23 |   type RectangleRoofIntent,
     | ^^^^^^^^^^^^^^^^^^^^^^^^^^^
> 24 |   type HouseReferenceGeometry,
     | ^^^^^^^^^^^^^^^^^^^^^^^^^^^^^^
> 25 |   type Polygon3,
     | ^^^^^^^^^^^^^^^^
> 26 |   type RawHouseInput,
     | ^^^^^^^^^^^^^^^^^^^^^
> 27 | } from "@sp/geometry";
     | ^^^^^^^^^^^^^^^^^^^^^^
  28 | import { houseFormTransformToAssemblyPosition } from "./houseFormTransform";
  29 | import { buildHouseFormRawGeometryInput } from "./houseFormRawGeometry";
  30 | import { deriveCompositionUnionPolygon3 } from "./houseFormCompositionFootprint";

The export DEFAULT_FASCIA_HEIGHT_MM was not found in module [project]/packages/geometry/src/index.ts [app-ssr] (ecmascript).
Did you mean to import EMPTY_HOUSE_ROOF_STAGE_DIAGNOSTICS?
All exports of the module are statically known (It doesn't have dynamic exports). So it's known statically that the requested export doesn't exist.

Import traces:
  Client Component Browser:
    ./apps/portal/lib/drawings/state/houseFormGeometryInput.ts [Client Component Browser]
    ./apps/portal/lib/drawings/state/objectWorkbenchStatusModel.ts [Client Component Browser]
    ./apps/portal/lib/drawings/state/drawingWorkbenchStore.ts [Client Component Browser]
    ./apps/portal/components/projects/ProjectPage/tabs/EstimatesTab.tsx [Client Component Browser]
    ./apps/portal/components/projects/ProjectPage/ProjectMainTabs.tsx [Client Component Browser]
    ./apps/portal/components/projects/ProjectPage/ProjectPageShell.tsx [Client Component Browser]
    ./apps/portal/components/projects/ProjectPage/ProjectPageFrame.tsx [Client Component Browser]
    ./apps/portal/app/staff/projects/[projectId]/ProjectSnapshotPageClient.tsx [Client Component Browser]
    ./apps/portal/app/staff/projects/[projectId]/ProjectSnapshotPageClient.tsx [Server Component]
    ./apps/portal/app/staff/projects/[projectId]/page.tsx [Server Component]

  Client Component SSR:
    ./apps/portal/lib/drawings/state/houseFormGeometryInput.ts [Client Component SSR]
    ./apps/portal/lib/drawings/state/objectWorkbenchStatusModel.ts [Client Component SSR]
    ./apps/portal/lib/drawings/state/drawingWorkbenchStore.ts [Client Component SSR]
    ./apps/portal/components/projects/ProjectPage/tabs/EstimatesTab.tsx [Client Component SSR]
    ./apps/portal/components/projects/ProjectPage/ProjectMainTabs.tsx [Client Component SSR]
    ./apps/portal/components/projects/ProjectPage/ProjectPageShell.tsx [Client Component SSR]
    ./apps/portal/components/projects/ProjectPage/ProjectPageFrame.tsx [Client Component SSR]
    ./apps/portal/app/staff/projects/[projectId]/ProjectSnapshotPageClient.tsx [Client Component SSR]
    ./apps/portal/app/staff/projects/[projectId]/ProjectSnapshotPageClient.tsx [Server Component]
    ./apps/portal/app/staff/projects/[projectId]/page.tsx [Server Component] @ http://localhost:3001/_next/static/chunks/node_modules_next_dist_115brz8._.js:3272
[ 2464117ms] [ERROR] ./apps/portal/lib/drawings/state/houseFormGeometryInput.ts:1:1
Export DEFAULT_GUTTER_DEPTH_MM doesn't exist in target module
>  1 | import {
     | ^^^^^^^
>  2 |   applyHouseReferencePosition,
     | ^^^^^^^^^^^^^^^^^^^^^^^^^^^^^^
>  3 |   applyRoofQa,
     | ^^^^^^^^^^^^^^
>  4 |   buildHouseModel3DFromRawHouseInput,
     | ^^^^^^^^^^^^^^^^^^^^^^^^^^^^^^^^^^^^^
>  5 |   buildHouseReferenceProjectionShape,
     | ^^^^^^^^^^^^^^^^^^^^^^^^^^^^^^^^^^^^^
>  6 |   buildHouseRoofEnvelopeArtifacts,
     | ^^^^^^^^^^^^^^^^^^^^^^^^^^^^^^^^^^
>  7 |   buildHouseRoofModelPipeline,
     | ^^^^^^^^^^^^^^^^^^^^^^^^^^^^^^
>  8 |   composeFootprintFromComposition,
     | ^^^^^^^^^^^^^^^^^^^^^^^^^^^^^^^^^^
>  9 |   composeRoofFromComposition,
     | ^^^^^^^^^^^^^^^^^^^^^^^^^^^^^
> 10 |   DEFAULT_EAVE_OVERHANG_MM,
     | ^^^^^^^^^^^^^^^^^^^^^^^^^^^
> 11 |   DEFAULT_FASCIA_HEIGHT_MM,
     | ^^^^^^^^^^^^^^^^^^^^^^^^^^^
> 12 |   DEFAULT_GUTTER_DEPTH_MM,
     | ^^^^^^^^^^^^^^^^^^^^^^^^^^
> 13 |   DEFAULT_GUTTER_PROJECTION_MM,
     | ^^^^^^^^^^^^^^^^^^^^^^^^^^^^^^^
> 14 |   DEFAULT_GUTTER_WIDTH_MM,
     | ^^^^^^^^^^^^^^^^^^^^^^^^^^
> 15 |   DEFAULT_HOUSE_ROOF_MATERIAL,
     | ^^^^^^^^^^^^^^^^^^^^^^^^^^^^^^
> 16 |   DEFAULT_SOFFIT_DEPTH_MM,
     | ^^^^^^^^^^^^^^^^^^^^^^^^^^
> 17 |   EMPTY_HOUSE_ROOF_STAGE_DIAGNOSTICS,
     | ^^^^^^^^^^^^^^^^^^^^^^^^^^^^^^^^^^^^^
> 18 |   type GeometryTopProjectionShape,
     | ^^^^^^^^^^^^^^^^^^^^^^^^^^^^^^^^^^
> 19 |   type HouseComposition,
     | ^^^^^^^^^^^^^^^^^^^^^^^^
> 20 |   type HouseRoofModelPipelineFailureStage,
     | ^^^^^^^^^^^^^^^^^^^^^^^^^^^^^^^^^^^^^^^^^^
> 21 |   type HouseRoofStageDiagnostics,
     | ^^^^^^^^^^^^^^^^^^^^^^^^^^^^^^^^^
> 22 |   type HouseModel3D,
     | ^^^^^^^^^^^^^^^^^^^^
> 23 |   type RectangleRoofIntent,
     | ^^^^^^^^^^^^^^^^^^^^^^^^^^^
> 24 |   type HouseReferenceGeometry,
     | ^^^^^^^^^^^^^^^^^^^^^^^^^^^^^^
> 25 |   type Polygon3,
     | ^^^^^^^^^^^^^^^^
> 26 |   type RawHouseInput,
     | ^^^^^^^^^^^^^^^^^^^^^
> 27 | } from "@sp/geometry";
     | ^^^^^^^^^^^^^^^^^^^^^^
  28 | import { houseFormTransformToAssemblyPosition } from "./houseFormTransform";
  29 | import { buildHouseFormRawGeometryInput } from "./houseFormRawGeometry";
  30 | import { deriveCompositionUnionPolygon3 } from "./houseFormCompositionFootprint";

The export DEFAULT_GUTTER_DEPTH_MM was not found in module [project]/packages/geometry/src/index.ts [app-client] (ecmascript).
Did you mean to import EMPTY_HOUSE_ROOF_STAGE_DIAGNOSTICS?
All exports of the module are statically known (It doesn't have dynamic exports). So it's known statically that the requested export doesn't exist.

Import traces:
  Client Component Browser:
    ./apps/portal/lib/drawings/state/houseFormGeometryInput.ts [Client Component Browser]
    ./apps/portal/lib/drawings/state/objectWorkbenchStatusModel.ts [Client Component Browser]
    ./apps/portal/lib/drawings/state/drawingWorkbenchStore.ts [Client Component Browser]
    ./apps/portal/components/projects/ProjectPage/tabs/EstimatesTab.tsx [Client Component Browser]
    ./apps/portal/components/projects/ProjectPage/ProjectMainTabs.tsx [Client Component Browser]
    ./apps/portal/components/projects/ProjectPage/ProjectPageShell.tsx [Client Component Browser]
    ./apps/portal/components/projects/ProjectPage/ProjectPageFrame.tsx [Client Component Browser]
    ./apps/portal/app/staff/projects/[projectId]/ProjectSnapshotPageClient.tsx [Client Component Browser]
    ./apps/portal/app/staff/projects/[projectId]/ProjectSnapshotPageClient.tsx [Server Component]
    ./apps/portal/app/staff/projects/[projectId]/page.tsx [Server Component]

  Client Component SSR:
    ./apps/portal/lib/drawings/state/houseFormGeometryInput.ts [Client Component SSR]
    ./apps/portal/lib/drawings/state/objectWorkbenchStatusModel.ts [Client Component SSR]
    ./apps/portal/lib/drawings/state/drawingWorkbenchStore.ts [Client Component SSR]
    ./apps/portal/components/projects/ProjectPage/tabs/EstimatesTab.tsx [Client Component SSR]
    ./apps/portal/components/projects/ProjectPage/ProjectMainTabs.tsx [Client Component SSR]
    ./apps/portal/components/projects/ProjectPage/ProjectPageShell.tsx [Client Component SSR]
    ./apps/portal/components/projects/ProjectPage/ProjectPageFrame.tsx [Client Component SSR]
    ./apps/portal/app/staff/projects/[projectId]/ProjectSnapshotPageClient.tsx [Client Component SSR]
    ./apps/portal/app/staff/projects/[projectId]/ProjectSnapshotPageClient.tsx [Server Component]
    ./apps/portal/app/staff/projects/[projectId]/page.tsx [Server Component] @ http://localhost:3001/_next/static/chunks/node_modules_next_dist_115brz8._.js:3272
[ 2464117ms] [ERROR] ./apps/portal/lib/drawings/state/houseFormGeometryInput.ts:1:1
Export DEFAULT_GUTTER_DEPTH_MM doesn't exist in target module
>  1 | import {
     | ^^^^^^^
>  2 |   applyHouseReferencePosition,
     | ^^^^^^^^^^^^^^^^^^^^^^^^^^^^^^
>  3 |   applyRoofQa,
     | ^^^^^^^^^^^^^^
>  4 |   buildHouseModel3DFromRawHouseInput,
     | ^^^^^^^^^^^^^^^^^^^^^^^^^^^^^^^^^^^^^
>  5 |   buildHouseReferenceProjectionShape,
     | ^^^^^^^^^^^^^^^^^^^^^^^^^^^^^^^^^^^^^
>  6 |   buildHouseRoofEnvelopeArtifacts,
     | ^^^^^^^^^^^^^^^^^^^^^^^^^^^^^^^^^^
>  7 |   buildHouseRoofModelPipeline,
     | ^^^^^^^^^^^^^^^^^^^^^^^^^^^^^^
>  8 |   composeFootprintFromComposition,
     | ^^^^^^^^^^^^^^^^^^^^^^^^^^^^^^^^^^
>  9 |   composeRoofFromComposition,
     | ^^^^^^^^^^^^^^^^^^^^^^^^^^^^^
> 10 |   DEFAULT_EAVE_OVERHANG_MM,
     | ^^^^^^^^^^^^^^^^^^^^^^^^^^^
> 11 |   DEFAULT_FASCIA_HEIGHT_MM,
     | ^^^^^^^^^^^^^^^^^^^^^^^^^^^
> 12 |   DEFAULT_GUTTER_DEPTH_MM,
     | ^^^^^^^^^^^^^^^^^^^^^^^^^^
> 13 |   DEFAULT_GUTTER_PROJECTION_MM,
     | ^^^^^^^^^^^^^^^^^^^^^^^^^^^^^^^
> 14 |   DEFAULT_GUTTER_WIDTH_MM,
     | ^^^^^^^^^^^^^^^^^^^^^^^^^^
> 15 |   DEFAULT_HOUSE_ROOF_MATERIAL,
     | ^^^^^^^^^^^^^^^^^^^^^^^^^^^^^^
> 16 |   DEFAULT_SOFFIT_DEPTH_MM,
     | ^^^^^^^^^^^^^^^^^^^^^^^^^^
> 17 |   EMPTY_HOUSE_ROOF_STAGE_DIAGNOSTICS,
     | ^^^^^^^^^^^^^^^^^^^^^^^^^^^^^^^^^^^^^
> 18 |   type GeometryTopProjectionShape,
     | ^^^^^^^^^^^^^^^^^^^^^^^^^^^^^^^^^^
> 19 |   type HouseComposition,
     | ^^^^^^^^^^^^^^^^^^^^^^^^
> 20 |   type HouseRoofModelPipelineFailureStage,
     | ^^^^^^^^^^^^^^^^^^^^^^^^^^^^^^^^^^^^^^^^^^
> 21 |   type HouseRoofStageDiagnostics,
     | ^^^^^^^^^^^^^^^^^^^^^^^^^^^^^^^^^
> 22 |   type HouseModel3D,
     | ^^^^^^^^^^^^^^^^^^^^
> 23 |   type RectangleRoofIntent,
     | ^^^^^^^^^^^^^^^^^^^^^^^^^^^
> 24 |   type HouseReferenceGeometry,
     | ^^^^^^^^^^^^^^^^^^^^^^^^^^^^^^
> 25 |   type Polygon3,
     | ^^^^^^^^^^^^^^^^
> 26 |   type RawHouseInput,
     | ^^^^^^^^^^^^^^^^^^^^^
> 27 | } from "@sp/geometry";
     | ^^^^^^^^^^^^^^^^^^^^^^
  28 | import { houseFormTransformToAssemblyPosition } from "./houseFormTransform";
  29 | import { buildHouseFormRawGeometryInput } from "./houseFormRawGeometry";
  30 | import { deriveCompositionUnionPolygon3 } from "./houseFormCompositionFootprint";

The export DEFAULT_GUTTER_DEPTH_MM was not found in module [project]/packages/geometry/src/index.ts [app-ssr] (ecmascript).
Did you mean to import EMPTY_HOUSE_ROOF_STAGE_DIAGNOSTICS?
All exports of the module are statically known (It doesn't have dynamic exports). So it's known statically that the requested export doesn't exist.

Import traces:
  Client Component Browser:
    ./apps/portal/lib/drawings/state/houseFormGeometryInput.ts [Client Component Browser]
    ./apps/portal/lib/drawings/state/objectWorkbenchStatusModel.ts [Client Component Browser]
    ./apps/portal/lib/drawings/state/drawingWorkbenchStore.ts [Client Component Browser]
    ./apps/portal/components/projects/ProjectPage/tabs/EstimatesTab.tsx [Client Component Browser]
    ./apps/portal/components/projects/ProjectPage/ProjectMainTabs.tsx [Client Component Browser]
    ./apps/portal/components/projects/ProjectPage/ProjectPageShell.tsx [Client Component Browser]
    ./apps/portal/components/projects/ProjectPage/ProjectPageFrame.tsx [Client Component Browser]
    ./apps/portal/app/staff/projects/[projectId]/ProjectSnapshotPageClient.tsx [Client Component Browser]
    ./apps/portal/app/staff/projects/[projectId]/ProjectSnapshotPageClient.tsx [Server Component]
    ./apps/portal/app/staff/projects/[projectId]/page.tsx [Server Component]

  Client Component SSR:
    ./apps/portal/lib/drawings/state/houseFormGeometryInput.ts [Client Component SSR]
    ./apps/portal/lib/drawings/state/objectWorkbenchStatusModel.ts [Client Component SSR]
    ./apps/portal/lib/drawings/state/drawingWorkbenchStore.ts [Client Component SSR]
    ./apps/portal/components/projects/ProjectPage/tabs/EstimatesTab.tsx [Client Component SSR]
    ./apps/portal/components/projects/ProjectPage/ProjectMainTabs.tsx [Client Component SSR]
    ./apps/portal/components/projects/ProjectPage/ProjectPageShell.tsx [Client Component SSR]
    ./apps/portal/components/projects/ProjectPage/ProjectPageFrame.tsx [Client Component SSR]
    ./apps/portal/app/staff/projects/[projectId]/ProjectSnapshotPageClient.tsx [Client Component SSR]
    ./apps/portal/app/staff/projects/[projectId]/ProjectSnapshotPageClient.tsx [Server Component]
    ./apps/portal/app/staff/projects/[projectId]/page.tsx [Server Component] @ http://localhost:3001/_next/static/chunks/node_modules_next_dist_115brz8._.js:3272
[ 2464117ms] [ERROR] ./apps/portal/lib/drawings/state/houseFormGeometryInput.ts:1:1
Export DEFAULT_GUTTER_PROJECTION_MM doesn't exist in target module
>  1 | import {
     | ^^^^^^^
>  2 |   applyHouseReferencePosition,
     | ^^^^^^^^^^^^^^^^^^^^^^^^^^^^^^
>  3 |   applyRoofQa,
     | ^^^^^^^^^^^^^^
>  4 |   buildHouseModel3DFromRawHouseInput,
     | ^^^^^^^^^^^^^^^^^^^^^^^^^^^^^^^^^^^^^
>  5 |   buildHouseReferenceProjectionShape,
     | ^^^^^^^^^^^^^^^^^^^^^^^^^^^^^^^^^^^^^
>  6 |   buildHouseRoofEnvelopeArtifacts,
     | ^^^^^^^^^^^^^^^^^^^^^^^^^^^^^^^^^^
>  7 |   buildHouseRoofModelPipeline,
     | ^^^^^^^^^^^^^^^^^^^^^^^^^^^^^^
>  8 |   composeFootprintFromComposition,
     | ^^^^^^^^^^^^^^^^^^^^^^^^^^^^^^^^^^
>  9 |   composeRoofFromComposition,
     | ^^^^^^^^^^^^^^^^^^^^^^^^^^^^^
> 10 |   DEFAULT_EAVE_OVERHANG_MM,
     | ^^^^^^^^^^^^^^^^^^^^^^^^^^^
> 11 |   DEFAULT_FASCIA_HEIGHT_MM,
     | ^^^^^^^^^^^^^^^^^^^^^^^^^^^
> 12 |   DEFAULT_GUTTER_DEPTH_MM,
     | ^^^^^^^^^^^^^^^^^^^^^^^^^^
> 13 |   DEFAULT_GUTTER_PROJECTION_MM,
     | ^^^^^^^^^^^^^^^^^^^^^^^^^^^^^^^
> 14 |   DEFAULT_GUTTER_WIDTH_MM,
     | ^^^^^^^^^^^^^^^^^^^^^^^^^^
> 15 |   DEFAULT_HOUSE_ROOF_MATERIAL,
     | ^^^^^^^^^^^^^^^^^^^^^^^^^^^^^^
> 16 |   DEFAULT_SOFFIT_DEPTH_MM,
     | ^^^^^^^^^^^^^^^^^^^^^^^^^^
> 17 |   EMPTY_HOUSE_ROOF_STAGE_DIAGNOSTICS,
     | ^^^^^^^^^^^^^^^^^^^^^^^^^^^^^^^^^^^^^
> 18 |   type GeometryTopProjectionShape,
     | ^^^^^^^^^^^^^^^^^^^^^^^^^^^^^^^^^^
> 19 |   type HouseComposition,
     | ^^^^^^^^^^^^^^^^^^^^^^^^
> 20 |   type HouseRoofModelPipelineFailureStage,
     | ^^^^^^^^^^^^^^^^^^^^^^^^^^^^^^^^^^^^^^^^^^
> 21 |   type HouseRoofStageDiagnostics,
     | ^^^^^^^^^^^^^^^^^^^^^^^^^^^^^^^^^
> 22 |   type HouseModel3D,
     | ^^^^^^^^^^^^^^^^^^^^
> 23 |   type RectangleRoofIntent,
     | ^^^^^^^^^^^^^^^^^^^^^^^^^^^
> 24 |   type HouseReferenceGeometry,
     | ^^^^^^^^^^^^^^^^^^^^^^^^^^^^^^
> 25 |   type Polygon3,
     | ^^^^^^^^^^^^^^^^
> 26 |   type RawHouseInput,
     | ^^^^^^^^^^^^^^^^^^^^^
> 27 | } from "@sp/geometry";
     | ^^^^^^^^^^^^^^^^^^^^^^
  28 | import { houseFormTransformToAssemblyPosition } from "./houseFormTransform";
  29 | import { buildHouseFormRawGeometryInput } from "./houseFormRawGeometry";
  30 | import { deriveCompositionUnionPolygon3 } from "./houseFormCompositionFootprint";

The export DEFAULT_GUTTER_PROJECTION_MM was not found in module [project]/packages/geometry/src/index.ts [app-client] (ecmascript).
Did you mean to import EMPTY_HOUSE_ROOF_STAGE_DIAGNOSTICS?
All exports of the module are statically known (It doesn't have dynamic exports). So it's known statically that the requested export doesn't exist.

Import traces:
  Client Component Browser:
    ./apps/portal/lib/drawings/state/houseFormGeometryInput.ts [Client Component Browser]
    ./apps/portal/lib/drawings/state/objectWorkbenchStatusModel.ts [Client Component Browser]
    ./apps/portal/lib/drawings/state/drawingWorkbenchStore.ts [Client Component Browser]
    ./apps/portal/components/projects/ProjectPage/tabs/EstimatesTab.tsx [Client Component Browser]
    ./apps/portal/components/projects/ProjectPage/ProjectMainTabs.tsx [Client Component Browser]
    ./apps/portal/components/projects/ProjectPage/ProjectPageShell.tsx [Client Component Browser]
    ./apps/portal/components/projects/ProjectPage/ProjectPageFrame.tsx [Client Component Browser]
    ./apps/portal/app/staff/projects/[projectId]/ProjectSnapshotPageClient.tsx [Client Component Browser]
    ./apps/portal/app/staff/projects/[projectId]/ProjectSnapshotPageClient.tsx [Server Component]
    ./apps/portal/app/staff/projects/[projectId]/page.tsx [Server Component]

  Client Component SSR:
    ./apps/portal/lib/drawings/state/houseFormGeometryInput.ts [Client Component SSR]
    ./apps/portal/lib/drawings/state/objectWorkbenchStatusModel.ts [Client Component SSR]
    ./apps/portal/lib/drawings/state/drawingWorkbenchStore.ts [Client Component SSR]
    ./apps/portal/components/projects/ProjectPage/tabs/EstimatesTab.tsx [Client Component SSR]
    ./apps/portal/components/projects/ProjectPage/ProjectMainTabs.tsx [Client Component SSR]
    ./apps/portal/components/projects/ProjectPage/ProjectPageShell.tsx [Client Component SSR]
    ./apps/portal/components/projects/ProjectPage/ProjectPageFrame.tsx [Client Component SSR]
    ./apps/portal/app/staff/projects/[projectId]/ProjectSnapshotPageClient.tsx [Client Component SSR]
    ./apps/portal/app/staff/projects/[projectId]/ProjectSnapshotPageClient.tsx [Server Component]
    ./apps/portal/app/staff/projects/[projectId]/page.tsx [Server Component] @ http://localhost:3001/_next/static/chunks/node_modules_next_dist_115brz8._.js:3272
[ 2464117ms] [ERROR] ./apps/portal/lib/drawings/state/houseFormGeometryInput.ts:1:1
Export DEFAULT_GUTTER_PROJECTION_MM doesn't exist in target module
>  1 | import {
     | ^^^^^^^
>  2 |   applyHouseReferencePosition,
     | ^^^^^^^^^^^^^^^^^^^^^^^^^^^^^^
>  3 |   applyRoofQa,
     | ^^^^^^^^^^^^^^
>  4 |   buildHouseModel3DFromRawHouseInput,
     | ^^^^^^^^^^^^^^^^^^^^^^^^^^^^^^^^^^^^^
>  5 |   buildHouseReferenceProjectionShape,
     | ^^^^^^^^^^^^^^^^^^^^^^^^^^^^^^^^^^^^^
>  6 |   buildHouseRoofEnvelopeArtifacts,
     | ^^^^^^^^^^^^^^^^^^^^^^^^^^^^^^^^^^
>  7 |   buildHouseRoofModelPipeline,
     | ^^^^^^^^^^^^^^^^^^^^^^^^^^^^^^
>  8 |   composeFootprintFromComposition,
     | ^^^^^^^^^^^^^^^^^^^^^^^^^^^^^^^^^^
>  9 |   composeRoofFromComposition,
     | ^^^^^^^^^^^^^^^^^^^^^^^^^^^^^
> 10 |   DEFAULT_EAVE_OVERHANG_MM,
     | ^^^^^^^^^^^^^^^^^^^^^^^^^^^
> 11 |   DEFAULT_FASCIA_HEIGHT_MM,
     | ^^^^^^^^^^^^^^^^^^^^^^^^^^^
> 12 |   DEFAULT_GUTTER_DEPTH_MM,
     | ^^^^^^^^^^^^^^^^^^^^^^^^^^
> 13 |   DEFAULT_GUTTER_PROJECTION_MM,
     | ^^^^^^^^^^^^^^^^^^^^^^^^^^^^^^^
> 14 |   DEFAULT_GUTTER_WIDTH_MM,
     | ^^^^^^^^^^^^^^^^^^^^^^^^^^
> 15 |   DEFAULT_HOUSE_ROOF_MATERIAL,
     | ^^^^^^^^^^^^^^^^^^^^^^^^^^^^^^
> 16 |   DEFAULT_SOFFIT_DEPTH_MM,
     | ^^^^^^^^^^^^^^^^^^^^^^^^^^
> 17 |   EMPTY_HOUSE_ROOF_STAGE_DIAGNOSTICS,
     | ^^^^^^^^^^^^^^^^^^^^^^^^^^^^^^^^^^^^^
> 18 |   type GeometryTopProjectionShape,
     | ^^^^^^^^^^^^^^^^^^^^^^^^^^^^^^^^^^
> 19 |   type HouseComposition,
     | ^^^^^^^^^^^^^^^^^^^^^^^^
> 20 |   type HouseRoofModelPipelineFailureStage,
     | ^^^^^^^^^^^^^^^^^^^^^^^^^^^^^^^^^^^^^^^^^^
> 21 |   type HouseRoofStageDiagnostics,
     | ^^^^^^^^^^^^^^^^^^^^^^^^^^^^^^^^^
> 22 |   type HouseModel3D,
     | ^^^^^^^^^^^^^^^^^^^^
> 23 |   type RectangleRoofIntent,
     | ^^^^^^^^^^^^^^^^^^^^^^^^^^^
> 24 |   type HouseReferenceGeometry,
     | ^^^^^^^^^^^^^^^^^^^^^^^^^^^^^^
> 25 |   type Polygon3,
     | ^^^^^^^^^^^^^^^^
> 26 |   type RawHouseInput,
     | ^^^^^^^^^^^^^^^^^^^^^
> 27 | } from "@sp/geometry";
     | ^^^^^^^^^^^^^^^^^^^^^^
  28 | import { houseFormTransformToAssemblyPosition } from "./houseFormTransform";
  29 | import { buildHouseFormRawGeometryInput } from "./houseFormRawGeometry";
  30 | import { deriveCompositionUnionPolygon3 } from "./houseFormCompositionFootprint";

The export DEFAULT_GUTTER_PROJECTION_MM was not found in module [project]/packages/geometry/src/index.ts [app-ssr] (ecmascript).
Did you mean to import EMPTY_HOUSE_ROOF_STAGE_DIAGNOSTICS?
All exports of the module are statically known (It doesn't have dynamic exports). So it's known statically that the requested export doesn't exist.

Import traces:
  Client Component Browser:
    ./apps/portal/lib/drawings/state/houseFormGeometryInput.ts [Client Component Browser]
    ./apps/portal/lib/drawings/state/objectWorkbenchStatusModel.ts [Client Component Browser]
    ./apps/portal/lib/drawings/state/drawingWorkbenchStore.ts [Client Component Browser]
    ./apps/portal/components/projects/ProjectPage/tabs/EstimatesTab.tsx [Client Component Browser]
    ./apps/portal/components/projects/ProjectPage/ProjectMainTabs.tsx [Client Component Browser]
    ./apps/portal/components/projects/ProjectPage/ProjectPageShell.tsx [Client Component Browser]
    ./apps/portal/components/projects/ProjectPage/ProjectPageFrame.tsx [Client Component Browser]
    ./apps/portal/app/staff/projects/[projectId]/ProjectSnapshotPageClient.tsx [Client Component Browser]
    ./apps/portal/app/staff/projects/[projectId]/ProjectSnapshotPageClient.tsx [Server Component]
    ./apps/portal/app/staff/projects/[projectId]/page.tsx [Server Component]

  Client Component SSR:
    ./apps/portal/lib/drawings/state/houseFormGeometryInput.ts [Client Component SSR]
    ./apps/portal/lib/drawings/state/objectWorkbenchStatusModel.ts [Client Component SSR]
    ./apps/portal/lib/drawings/state/drawingWorkbenchStore.ts [Client Component SSR]
    ./apps/portal/components/projects/ProjectPage/tabs/EstimatesTab.tsx [Client Component SSR]
    ./apps/portal/components/projects/ProjectPage/ProjectMainTabs.tsx [Client Component SSR]
    ./apps/portal/components/projects/ProjectPage/ProjectPageShell.tsx [Client Component SSR]
    ./apps/portal/components/projects/ProjectPage/ProjectPageFrame.tsx [Client Component SSR]
    ./apps/portal/app/staff/projects/[projectId]/ProjectSnapshotPageClient.tsx [Client Component SSR]
    ./apps/portal/app/staff/projects/[projectId]/ProjectSnapshotPageClient.tsx [Server Component]
    ./apps/portal/app/staff/projects/[projectId]/page.tsx [Server Component] @ http://localhost:3001/_next/static/chunks/node_modules_next_dist_115brz8._.js:3272
[ 2464118ms] [ERROR] ./apps/portal/lib/drawings/state/houseFormGeometryInput.ts:1:1
Export DEFAULT_GUTTER_WIDTH_MM doesn't exist in target module
>  1 | import {
     | ^^^^^^^
>  2 |   applyHouseReferencePosition,
     | ^^^^^^^^^^^^^^^^^^^^^^^^^^^^^^
>  3 |   applyRoofQa,
     | ^^^^^^^^^^^^^^
>  4 |   buildHouseModel3DFromRawHouseInput,
     | ^^^^^^^^^^^^^^^^^^^^^^^^^^^^^^^^^^^^^
>  5 |   buildHouseReferenceProjectionShape,
     | ^^^^^^^^^^^^^^^^^^^^^^^^^^^^^^^^^^^^^
>  6 |   buildHouseRoofEnvelopeArtifacts,
     | ^^^^^^^^^^^^^^^^^^^^^^^^^^^^^^^^^^
>  7 |   buildHouseRoofModelPipeline,
     | ^^^^^^^^^^^^^^^^^^^^^^^^^^^^^^
>  8 |   composeFootprintFromComposition,
     | ^^^^^^^^^^^^^^^^^^^^^^^^^^^^^^^^^^
>  9 |   composeRoofFromComposition,
     | ^^^^^^^^^^^^^^^^^^^^^^^^^^^^^
> 10 |   DEFAULT_EAVE_OVERHANG_MM,
     | ^^^^^^^^^^^^^^^^^^^^^^^^^^^
> 11 |   DEFAULT_FASCIA_HEIGHT_MM,
     | ^^^^^^^^^^^^^^^^^^^^^^^^^^^
> 12 |   DEFAULT_GUTTER_DEPTH_MM,
     | ^^^^^^^^^^^^^^^^^^^^^^^^^^
> 13 |   DEFAULT_GUTTER_PROJECTION_MM,
     | ^^^^^^^^^^^^^^^^^^^^^^^^^^^^^^^
> 14 |   DEFAULT_GUTTER_WIDTH_MM,
     | ^^^^^^^^^^^^^^^^^^^^^^^^^^
> 15 |   DEFAULT_HOUSE_ROOF_MATERIAL,
     | ^^^^^^^^^^^^^^^^^^^^^^^^^^^^^^
> 16 |   DEFAULT_SOFFIT_DEPTH_MM,
     | ^^^^^^^^^^^^^^^^^^^^^^^^^^
> 17 |   EMPTY_HOUSE_ROOF_STAGE_DIAGNOSTICS,
     | ^^^^^^^^^^^^^^^^^^^^^^^^^^^^^^^^^^^^^
> 18 |   type GeometryTopProjectionShape,
     | ^^^^^^^^^^^^^^^^^^^^^^^^^^^^^^^^^^
> 19 |   type HouseComposition,
     | ^^^^^^^^^^^^^^^^^^^^^^^^
> 20 |   type HouseRoofModelPipelineFailureStage,
     | ^^^^^^^^^^^^^^^^^^^^^^^^^^^^^^^^^^^^^^^^^^
> 21 |   type HouseRoofStageDiagnostics,
     | ^^^^^^^^^^^^^^^^^^^^^^^^^^^^^^^^^
> 22 |   type HouseModel3D,
     | ^^^^^^^^^^^^^^^^^^^^
> 23 |   type RectangleRoofIntent,
     | ^^^^^^^^^^^^^^^^^^^^^^^^^^^
> 24 |   type HouseReferenceGeometry,
     | ^^^^^^^^^^^^^^^^^^^^^^^^^^^^^^
> 25 |   type Polygon3,
     | ^^^^^^^^^^^^^^^^
> 26 |   type RawHouseInput,
     | ^^^^^^^^^^^^^^^^^^^^^
> 27 | } from "@sp/geometry";
     | ^^^^^^^^^^^^^^^^^^^^^^
  28 | import { houseFormTransformToAssemblyPosition } from "./houseFormTransform";
  29 | import { buildHouseFormRawGeometryInput } from "./houseFormRawGeometry";
  30 | import { deriveCompositionUnionPolygon3 } from "./houseFormCompositionFootprint";

The export DEFAULT_GUTTER_WIDTH_MM was not found in module [project]/packages/geometry/src/index.ts [app-client] (ecmascript).
Did you mean to import EMPTY_HOUSE_ROOF_STAGE_DIAGNOSTICS?
All exports of the module are statically known (It doesn't have dynamic exports). So it's known statically that the requested export doesn't exist.

Import traces:
  Client Component Browser:
    ./apps/portal/lib/drawings/state/houseFormGeometryInput.ts [Client Component Browser]
    ./apps/portal/lib/drawings/state/objectWorkbenchStatusModel.ts [Client Component Browser]
    ./apps/portal/lib/drawings/state/drawingWorkbenchStore.ts [Client Component Browser]
    ./apps/portal/components/projects/ProjectPage/tabs/EstimatesTab.tsx [Client Component Browser]
    ./apps/portal/components/projects/ProjectPage/ProjectMainTabs.tsx [Client Component Browser]
    ./apps/portal/components/projects/ProjectPage/ProjectPageShell.tsx [Client Component Browser]
    ./apps/portal/components/projects/ProjectPage/ProjectPageFrame.tsx [Client Component Browser]
    ./apps/portal/app/staff/projects/[projectId]/ProjectSnapshotPageClient.tsx [Client Component Browser]
    ./apps/portal/app/staff/projects/[projectId]/ProjectSnapshotPageClient.tsx [Server Component]
    ./apps/portal/app/staff/projects/[projectId]/page.tsx [Server Component]

  Client Component SSR:
    ./apps/portal/lib/drawings/state/houseFormGeometryInput.ts [Client Component SSR]
    ./apps/portal/lib/drawings/state/objectWorkbenchStatusModel.ts [Client Component SSR]
    ./apps/portal/lib/drawings/state/drawingWorkbenchStore.ts [Client Component SSR]
    ./apps/portal/components/projects/ProjectPage/tabs/EstimatesTab.tsx [Client Component SSR]
    ./apps/portal/components/projects/ProjectPage/ProjectMainTabs.tsx [Client Component SSR]
    ./apps/portal/components/projects/ProjectPage/ProjectPageShell.tsx [Client Component SSR]
    ./apps/portal/components/projects/ProjectPage/ProjectPageFrame.tsx [Client Component SSR]
    ./apps/portal/app/staff/projects/[projectId]/ProjectSnapshotPageClient.tsx [Client Component SSR]
    ./apps/portal/app/staff/projects/[projectId]/ProjectSnapshotPageClient.tsx [Server Component]
    ./apps/portal/app/staff/projects/[projectId]/page.tsx [Server Component] @ http://localhost:3001/_next/static/chunks/node_modules_next_dist_115brz8._.js:3272
[ 2464118ms] [ERROR] ./apps/portal/lib/drawings/state/houseFormGeometryInput.ts:1:1
Export DEFAULT_GUTTER_WIDTH_MM doesn't exist in target module
>  1 | import {
     | ^^^^^^^
>  2 |   applyHouseReferencePosition,
     | ^^^^^^^^^^^^^^^^^^^^^^^^^^^^^^
>  3 |   applyRoofQa,
     | ^^^^^^^^^^^^^^
>  4 |   buildHouseModel3DFromRawHouseInput,
     | ^^^^^^^^^^^^^^^^^^^^^^^^^^^^^^^^^^^^^
>  5 |   buildHouseReferenceProjectionShape,
     | ^^^^^^^^^^^^^^^^^^^^^^^^^^^^^^^^^^^^^
>  6 |   buildHouseRoofEnvelopeArtifacts,
     | ^^^^^^^^^^^^^^^^^^^^^^^^^^^^^^^^^^
>  7 |   buildHouseRoofModelPipeline,
     | ^^^^^^^^^^^^^^^^^^^^^^^^^^^^^^
>  8 |   composeFootprintFromComposition,
     | ^^^^^^^^^^^^^^^^^^^^^^^^^^^^^^^^^^
>  9 |   composeRoofFromComposition,
     | ^^^^^^^^^^^^^^^^^^^^^^^^^^^^^
> 10 |   DEFAULT_EAVE_OVERHANG_MM,
     | ^^^^^^^^^^^^^^^^^^^^^^^^^^^
> 11 |   DEFAULT_FASCIA_HEIGHT_MM,
     | ^^^^^^^^^^^^^^^^^^^^^^^^^^^
> 12 |   DEFAULT_GUTTER_DEPTH_MM,
     | ^^^^^^^^^^^^^^^^^^^^^^^^^^
> 13 |   DEFAULT_GUTTER_PROJECTION_MM,
     | ^^^^^^^^^^^^^^^^^^^^^^^^^^^^^^^
> 14 |   DEFAULT_GUTTER_WIDTH_MM,
     | ^^^^^^^^^^^^^^^^^^^^^^^^^^
> 15 |   DEFAULT_HOUSE_ROOF_MATERIAL,
     | ^^^^^^^^^^^^^^^^^^^^^^^^^^^^^^
> 16 |   DEFAULT_SOFFIT_DEPTH_MM,
     | ^^^^^^^^^^^^^^^^^^^^^^^^^^
> 17 |   EMPTY_HOUSE_ROOF_STAGE_DIAGNOSTICS,
     | ^^^^^^^^^^^^^^^^^^^^^^^^^^^^^^^^^^^^^
> 18 |   type GeometryTopProjectionShape,
     | ^^^^^^^^^^^^^^^^^^^^^^^^^^^^^^^^^^
> 19 |   type HouseComposition,
     | ^^^^^^^^^^^^^^^^^^^^^^^^
> 20 |   type HouseRoofModelPipelineFailureStage,
     | ^^^^^^^^^^^^^^^^^^^^^^^^^^^^^^^^^^^^^^^^^^
> 21 |   type HouseRoofStageDiagnostics,
     | ^^^^^^^^^^^^^^^^^^^^^^^^^^^^^^^^^
> 22 |   type HouseModel3D,
     | ^^^^^^^^^^^^^^^^^^^^
> 23 |   type RectangleRoofIntent,
     | ^^^^^^^^^^^^^^^^^^^^^^^^^^^
> 24 |   type HouseReferenceGeometry,
     | ^^^^^^^^^^^^^^^^^^^^^^^^^^^^^^
> 25 |   type Polygon3,
     | ^^^^^^^^^^^^^^^^
> 26 |   type RawHouseInput,
     | ^^^^^^^^^^^^^^^^^^^^^
> 27 | } from "@sp/geometry";
     | ^^^^^^^^^^^^^^^^^^^^^^
  28 | import { houseFormTransformToAssemblyPosition } from "./houseFormTransform";
  29 | import { buildHouseFormRawGeometryInput } from "./houseFormRawGeometry";
  30 | import { deriveCompositionUnionPolygon3 } from "./houseFormCompositionFootprint";

The export DEFAULT_GUTTER_WIDTH_MM was not found in module [project]/packages/geometry/src/index.ts [app-ssr] (ecmascript).
Did you mean to import EMPTY_HOUSE_ROOF_STAGE_DIAGNOSTICS?
All exports of the module are statically known (It doesn't have dynamic exports). So it's known statically that the requested export doesn't exist.

Import traces:
  Client Component Browser:
    ./apps/portal/lib/drawings/state/houseFormGeometryInput.ts [Client Component Browser]
    ./apps/portal/lib/drawings/state/objectWorkbenchStatusModel.ts [Client Component Browser]
    ./apps/portal/lib/drawings/state/drawingWorkbenchStore.ts [Client Component Browser]
    ./apps/portal/components/projects/ProjectPage/tabs/EstimatesTab.tsx [Client Component Browser]
    ./apps/portal/components/projects/ProjectPage/ProjectMainTabs.tsx [Client Component Browser]
    ./apps/portal/components/projects/ProjectPage/ProjectPageShell.tsx [Client Component Browser]
    ./apps/portal/components/projects/ProjectPage/ProjectPageFrame.tsx [Client Component Browser]
    ./apps/portal/app/staff/projects/[projectId]/ProjectSnapshotPageClient.tsx [Client Component Browser]
    ./apps/portal/app/staff/projects/[projectId]/ProjectSnapshotPageClient.tsx [Server Component]
    ./apps/portal/app/staff/projects/[projectId]/page.tsx [Server Component]

  Client Component SSR:
    ./apps/portal/lib/drawings/state/houseFormGeometryInput.ts [Client Component SSR]
    ./apps/portal/lib/drawings/state/objectWorkbenchStatusModel.ts [Client Component SSR]
    ./apps/portal/lib/drawings/state/drawingWorkbenchStore.ts [Client Component SSR]
    ./apps/portal/components/projects/ProjectPage/tabs/EstimatesTab.tsx [Client Component SSR]
    ./apps/portal/components/projects/ProjectPage/ProjectMainTabs.tsx [Client Component SSR]
    ./apps/portal/components/projects/ProjectPage/ProjectPageShell.tsx [Client Component SSR]
    ./apps/portal/components/projects/ProjectPage/ProjectPageFrame.tsx [Client Component SSR]
    ./apps/portal/app/staff/projects/[projectId]/ProjectSnapshotPageClient.tsx [Client Component SSR]
    ./apps/portal/app/staff/projects/[projectId]/ProjectSnapshotPageClient.tsx [Server Component]
    ./apps/portal/app/staff/projects/[projectId]/page.tsx [Server Component] @ http://localhost:3001/_next/static/chunks/node_modules_next_dist_115brz8._.js:3272
[ 2464118ms] [ERROR] ./apps/portal/lib/drawings/state/houseFormGeometryInput.ts:1:1
Export DEFAULT_HOUSE_ROOF_MATERIAL doesn't exist in target module
>  1 | import {
     | ^^^^^^^
>  2 |   applyHouseReferencePosition,
     | ^^^^^^^^^^^^^^^^^^^^^^^^^^^^^^
>  3 |   applyRoofQa,
     | ^^^^^^^^^^^^^^
>  4 |   buildHouseModel3DFromRawHouseInput,
     | ^^^^^^^^^^^^^^^^^^^^^^^^^^^^^^^^^^^^^
>  5 |   buildHouseReferenceProjectionShape,
     | ^^^^^^^^^^^^^^^^^^^^^^^^^^^^^^^^^^^^^
>  6 |   buildHouseRoofEnvelopeArtifacts,
     | ^^^^^^^^^^^^^^^^^^^^^^^^^^^^^^^^^^
>  7 |   buildHouseRoofModelPipeline,
     | ^^^^^^^^^^^^^^^^^^^^^^^^^^^^^^
>  8 |   composeFootprintFromComposition,
     | ^^^^^^^^^^^^^^^^^^^^^^^^^^^^^^^^^^
>  9 |   composeRoofFromComposition,
     | ^^^^^^^^^^^^^^^^^^^^^^^^^^^^^
> 10 |   DEFAULT_EAVE_OVERHANG_MM,
     | ^^^^^^^^^^^^^^^^^^^^^^^^^^^
> 11 |   DEFAULT_FASCIA_HEIGHT_MM,
     | ^^^^^^^^^^^^^^^^^^^^^^^^^^^
> 12 |   DEFAULT_GUTTER_DEPTH_MM,
     | ^^^^^^^^^^^^^^^^^^^^^^^^^^
> 13 |   DEFAULT_GUTTER_PROJECTION_MM,
     | ^^^^^^^^^^^^^^^^^^^^^^^^^^^^^^^
> 14 |   DEFAULT_GUTTER_WIDTH_MM,
     | ^^^^^^^^^^^^^^^^^^^^^^^^^^
> 15 |   DEFAULT_HOUSE_ROOF_MATERIAL,
     | ^^^^^^^^^^^^^^^^^^^^^^^^^^^^^^
> 16 |   DEFAULT_SOFFIT_DEPTH_MM,
     | ^^^^^^^^^^^^^^^^^^^^^^^^^^
> 17 |   EMPTY_HOUSE_ROOF_STAGE_DIAGNOSTICS,
     | ^^^^^^^^^^^^^^^^^^^^^^^^^^^^^^^^^^^^^
> 18 |   type GeometryTopProjectionShape,
     | ^^^^^^^^^^^^^^^^^^^^^^^^^^^^^^^^^^
> 19 |   type HouseComposition,
     | ^^^^^^^^^^^^^^^^^^^^^^^^
> 20 |   type HouseRoofModelPipelineFailureStage,
     | ^^^^^^^^^^^^^^^^^^^^^^^^^^^^^^^^^^^^^^^^^^
> 21 |   type HouseRoofStageDiagnostics,
     | ^^^^^^^^^^^^^^^^^^^^^^^^^^^^^^^^^
> 22 |   type HouseModel3D,
     | ^^^^^^^^^^^^^^^^^^^^
> 23 |   type RectangleRoofIntent,
     | ^^^^^^^^^^^^^^^^^^^^^^^^^^^
> 24 |   type HouseReferenceGeometry,
     | ^^^^^^^^^^^^^^^^^^^^^^^^^^^^^^
> 25 |   type Polygon3,
     | ^^^^^^^^^^^^^^^^
> 26 |   type RawHouseInput,
     | ^^^^^^^^^^^^^^^^^^^^^
> 27 | } from "@sp/geometry";
     | ^^^^^^^^^^^^^^^^^^^^^^
  28 | import { houseFormTransformToAssemblyPosition } from "./houseFormTransform";
  29 | import { buildHouseFormRawGeometryInput } from "./houseFormRawGeometry";
  30 | import { deriveCompositionUnionPolygon3 } from "./houseFormCompositionFootprint";

The export DEFAULT_HOUSE_ROOF_MATERIAL was not found in module [project]/packages/geometry/src/index.ts [app-client] (ecmascript).
Did you mean to import HOUSE_ROOF_FORM_BEHAVIORS?
All exports of the module are statically known (It doesn't have dynamic exports). So it's known statically that the requested export doesn't exist.

Import traces:
  Client Component Browser:
    ./apps/portal/lib/drawings/state/houseFormGeometryInput.ts [Client Component Browser]
    ./apps/portal/lib/drawings/state/objectWorkbenchStatusModel.ts [Client Component Browser]
    ./apps/portal/lib/drawings/state/drawingWorkbenchStore.ts [Client Component Browser]
    ./apps/portal/components/projects/ProjectPage/tabs/EstimatesTab.tsx [Client Component Browser]
    ./apps/portal/components/projects/ProjectPage/ProjectMainTabs.tsx [Client Component Browser]
    ./apps/portal/components/projects/ProjectPage/ProjectPageShell.tsx [Client Component Browser]
    ./apps/portal/components/projects/ProjectPage/ProjectPageFrame.tsx [Client Component Browser]
    ./apps/portal/app/staff/projects/[projectId]/ProjectSnapshotPageClient.tsx [Client Component Browser]
    ./apps/portal/app/staff/projects/[projectId]/ProjectSnapshotPageClient.tsx [Server Component]
    ./apps/portal/app/staff/projects/[projectId]/page.tsx [Server Component]

  Client Component SSR:
    ./apps/portal/lib/drawings/state/houseFormGeometryInput.ts [Client Component SSR]
    ./apps/portal/lib/drawings/state/objectWorkbenchStatusModel.ts [Client Component SSR]
    ./apps/portal/lib/drawings/state/drawingWorkbenchStore.ts [Client Component SSR]
    ./apps/portal/components/projects/ProjectPage/tabs/EstimatesTab.tsx [Client Component SSR]
    ./apps/portal/components/projects/ProjectPage/ProjectMainTabs.tsx [Client Component SSR]
    ./apps/portal/components/projects/ProjectPage/ProjectPageShell.tsx [Client Component SSR]
    ./apps/portal/components/projects/ProjectPage/ProjectPageFrame.tsx [Client Component SSR]
    ./apps/portal/app/staff/projects/[projectId]/ProjectSnapshotPageClient.tsx [Client Component SSR]
    ./apps/portal/app/staff/projects/[projectId]/ProjectSnapshotPageClient.tsx [Server Component]
    ./apps/portal/app/staff/projects/[projectId]/page.tsx [Server Component] @ http://localhost:3001/_next/static/chunks/node_modules_next_dist_115brz8._.js:3272
[ 2464120ms] [ERROR] ./apps/portal/lib/drawings/state/houseFormGeometryInput.ts:1:1
Export DEFAULT_HOUSE_ROOF_MATERIAL doesn't exist in target module
>  1 | import {
     | ^^^^^^^
>  2 |   applyHouseReferencePosition,
     | ^^^^^^^^^^^^^^^^^^^^^^^^^^^^^^
>  3 |   applyRoofQa,
     | ^^^^^^^^^^^^^^
>  4 |   buildHouseModel3DFromRawHouseInput,
     | ^^^^^^^^^^^^^^^^^^^^^^^^^^^^^^^^^^^^^
>  5 |   buildHouseReferenceProjectionShape,
     | ^^^^^^^^^^^^^^^^^^^^^^^^^^^^^^^^^^^^^
>  6 |   buildHouseRoofEnvelopeArtifacts,
     | ^^^^^^^^^^^^^^^^^^^^^^^^^^^^^^^^^^
>  7 |   buildHouseRoofModelPipeline,
     | ^^^^^^^^^^^^^^^^^^^^^^^^^^^^^^
>  8 |   composeFootprintFromComposition,
     | ^^^^^^^^^^^^^^^^^^^^^^^^^^^^^^^^^^
>  9 |   composeRoofFromComposition,
     | ^^^^^^^^^^^^^^^^^^^^^^^^^^^^^
> 10 |   DEFAULT_EAVE_OVERHANG_MM,
     | ^^^^^^^^^^^^^^^^^^^^^^^^^^^
> 11 |   DEFAULT_FASCIA_HEIGHT_MM,
     | ^^^^^^^^^^^^^^^^^^^^^^^^^^^
> 12 |   DEFAULT_GUTTER_DEPTH_MM,
     | ^^^^^^^^^^^^^^^^^^^^^^^^^^
> 13 |   DEFAULT_GUTTER_PROJECTION_MM,
     | ^^^^^^^^^^^^^^^^^^^^^^^^^^^^^^^
> 14 |   DEFAULT_GUTTER_WIDTH_MM,
     | ^^^^^^^^^^^^^^^^^^^^^^^^^^
> 15 |   DEFAULT_HOUSE_ROOF_MATERIAL,
     | ^^^^^^^^^^^^^^^^^^^^^^^^^^^^^^
> 16 |   DEFAULT_SOFFIT_DEPTH_MM,
     | ^^^^^^^^^^^^^^^^^^^^^^^^^^
> 17 |   EMPTY_HOUSE_ROOF_STAGE_DIAGNOSTICS,
     | ^^^^^^^^^^^^^^^^^^^^^^^^^^^^^^^^^^^^^
> 18 |   type GeometryTopProjectionShape,
     | ^^^^^^^^^^^^^^^^^^^^^^^^^^^^^^^^^^
> 19 |   type HouseComposition,
     | ^^^^^^^^^^^^^^^^^^^^^^^^
> 20 |   type HouseRoofModelPipelineFailureStage,
     | ^^^^^^^^^^^^^^^^^^^^^^^^^^^^^^^^^^^^^^^^^^
> 21 |   type HouseRoofStageDiagnostics,
     | ^^^^^^^^^^^^^^^^^^^^^^^^^^^^^^^^^
> 22 |   type HouseModel3D,
     | ^^^^^^^^^^^^^^^^^^^^
> 23 |   type RectangleRoofIntent,
     | ^^^^^^^^^^^^^^^^^^^^^^^^^^^
> 24 |   type HouseReferenceGeometry,
     | ^^^^^^^^^^^^^^^^^^^^^^^^^^^^^^
> 25 |   type Polygon3,
     | ^^^^^^^^^^^^^^^^
> 26 |   type RawHouseInput,
     | ^^^^^^^^^^^^^^^^^^^^^
> 27 | } from "@sp/geometry";
     | ^^^^^^^^^^^^^^^^^^^^^^
  28 | import { houseFormTransformToAssemblyPosition } from "./houseFormTransform";
  29 | import { buildHouseFormRawGeometryInput } from "./houseFormRawGeometry";
  30 | import { deriveCompositionUnionPolygon3 } from "./houseFormCompositionFootprint";

The export DEFAULT_HOUSE_ROOF_MATERIAL was not found in module [project]/packages/geometry/src/index.ts [app-ssr] (ecmascript).
Did you mean to import HOUSE_ROOF_FORM_BEHAVIORS?
All exports of the module are statically known (It doesn't have dynamic exports). So it's known statically that the requested export doesn't exist.

Import traces:
  Client Component Browser:
    ./apps/portal/lib/drawings/state/houseFormGeometryInput.ts [Client Component Browser]
    ./apps/portal/lib/drawings/state/objectWorkbenchStatusModel.ts [Client Component Browser]
    ./apps/portal/lib/drawings/state/drawingWorkbenchStore.ts [Client Component Browser]
    ./apps/portal/components/projects/ProjectPage/tabs/EstimatesTab.tsx [Client Component Browser]
    ./apps/portal/components/projects/ProjectPage/ProjectMainTabs.tsx [Client Component Browser]
    ./apps/portal/components/projects/ProjectPage/ProjectPageShell.tsx [Client Component Browser]
    ./apps/portal/components/projects/ProjectPage/ProjectPageFrame.tsx [Client Component Browser]
    ./apps/portal/app/staff/projects/[projectId]/ProjectSnapshotPageClient.tsx [Client Component Browser]
    ./apps/portal/app/staff/projects/[projectId]/ProjectSnapshotPageClient.tsx [Server Component]
    ./apps/portal/app/staff/projects/[projectId]/page.tsx [Server Component]

  Client Component SSR:
    ./apps/portal/lib/drawings/state/houseFormGeometryInput.ts [Client Component SSR]
    ./apps/portal/lib/drawings/state/objectWorkbenchStatusModel.ts [Client Component SSR]
    ./apps/portal/lib/drawings/state/drawingWorkbenchStore.ts [Client Component SSR]
    ./apps/portal/components/projects/ProjectPage/tabs/EstimatesTab.tsx [Client Component SSR]
    ./apps/portal/components/projects/ProjectPage/ProjectMainTabs.tsx [Client Component SSR]
    ./apps/portal/components/projects/ProjectPage/ProjectPageShell.tsx [Client Component SSR]
    ./apps/portal/components/projects/ProjectPage/ProjectPageFrame.tsx [Client Component SSR]
    ./apps/portal/app/staff/projects/[projectId]/ProjectSnapshotPageClient.tsx [Client Component SSR]
    ./apps/portal/app/staff/projects/[projectId]/ProjectSnapshotPageClient.tsx [Server Component]
    ./apps/portal/app/staff/projects/[projectId]/page.tsx [Server Component] @ http://localhost:3001/_next/static/chunks/node_modules_next_dist_115brz8._.js:3272
[ 2464120ms] [ERROR] ./apps/portal/lib/drawings/state/houseFormGeometryInput.ts:1:1
Export DEFAULT_SOFFIT_DEPTH_MM doesn't exist in target module
>  1 | import {
     | ^^^^^^^
>  2 |   applyHouseReferencePosition,
     | ^^^^^^^^^^^^^^^^^^^^^^^^^^^^^^
>  3 |   applyRoofQa,
     | ^^^^^^^^^^^^^^
>  4 |   buildHouseModel3DFromRawHouseInput,
     | ^^^^^^^^^^^^^^^^^^^^^^^^^^^^^^^^^^^^^
>  5 |   buildHouseReferenceProjectionShape,
     | ^^^^^^^^^^^^^^^^^^^^^^^^^^^^^^^^^^^^^
>  6 |   buildHouseRoofEnvelopeArtifacts,
     | ^^^^^^^^^^^^^^^^^^^^^^^^^^^^^^^^^^
>  7 |   buildHouseRoofModelPipeline,
     | ^^^^^^^^^^^^^^^^^^^^^^^^^^^^^^
>  8 |   composeFootprintFromComposition,
     | ^^^^^^^^^^^^^^^^^^^^^^^^^^^^^^^^^^
>  9 |   composeRoofFromComposition,
     | ^^^^^^^^^^^^^^^^^^^^^^^^^^^^^
> 10 |   DEFAULT_EAVE_OVERHANG_MM,
     | ^^^^^^^^^^^^^^^^^^^^^^^^^^^
> 11 |   DEFAULT_FASCIA_HEIGHT_MM,
     | ^^^^^^^^^^^^^^^^^^^^^^^^^^^
> 12 |   DEFAULT_GUTTER_DEPTH_MM,
     | ^^^^^^^^^^^^^^^^^^^^^^^^^^
> 13 |   DEFAULT_GUTTER_PROJECTION_MM,
     | ^^^^^^^^^^^^^^^^^^^^^^^^^^^^^^^
> 14 |   DEFAULT_GUTTER_WIDTH_MM,
     | ^^^^^^^^^^^^^^^^^^^^^^^^^^
> 15 |   DEFAULT_HOUSE_ROOF_MATERIAL,
     | ^^^^^^^^^^^^^^^^^^^^^^^^^^^^^^
> 16 |   DEFAULT_SOFFIT_DEPTH_MM,
     | ^^^^^^^^^^^^^^^^^^^^^^^^^^
> 17 |   EMPTY_HOUSE_ROOF_STAGE_DIAGNOSTICS,
     | ^^^^^^^^^^^^^^^^^^^^^^^^^^^^^^^^^^^^^
> 18 |   type GeometryTopProjectionShape,
     | ^^^^^^^^^^^^^^^^^^^^^^^^^^^^^^^^^^
> 19 |   type HouseComposition,
     | ^^^^^^^^^^^^^^^^^^^^^^^^
> 20 |   type HouseRoofModelPipelineFailureStage,
     | ^^^^^^^^^^^^^^^^^^^^^^^^^^^^^^^^^^^^^^^^^^
> 21 |   type HouseRoofStageDiagnostics,
     | ^^^^^^^^^^^^^^^^^^^^^^^^^^^^^^^^^
> 22 |   type HouseModel3D,
     | ^^^^^^^^^^^^^^^^^^^^
> 23 |   type RectangleRoofIntent,
     | ^^^^^^^^^^^^^^^^^^^^^^^^^^^
> 24 |   type HouseReferenceGeometry,
     | ^^^^^^^^^^^^^^^^^^^^^^^^^^^^^^
> 25 |   type Polygon3,
     | ^^^^^^^^^^^^^^^^
> 26 |   type RawHouseInput,
     | ^^^^^^^^^^^^^^^^^^^^^
> 27 | } from "@sp/geometry";
     | ^^^^^^^^^^^^^^^^^^^^^^
  28 | import { houseFormTransformToAssemblyPosition } from "./houseFormTransform";
  29 | import { buildHouseFormRawGeometryInput } from "./houseFormRawGeometry";
  30 | import { deriveCompositionUnionPolygon3 } from "./houseFormCompositionFootprint";

The export DEFAULT_SOFFIT_DEPTH_MM was not found in module [project]/packages/geometry/src/index.ts [app-client] (ecmascript).
Did you mean to import EMPTY_HOUSE_ROOF_STAGE_DIAGNOSTICS?
All exports of the module are statically known (It doesn't have dynamic exports). So it's known statically that the requested export doesn't exist.

Import traces:
  Client Component Browser:
    ./apps/portal/lib/drawings/state/houseFormGeometryInput.ts [Client Component Browser]
    ./apps/portal/lib/drawings/state/objectWorkbenchStatusModel.ts [Client Component Browser]
    ./apps/portal/lib/drawings/state/drawingWorkbenchStore.ts [Client Component Browser]
    ./apps/portal/components/projects/ProjectPage/tabs/EstimatesTab.tsx [Client Component Browser]
    ./apps/portal/components/projects/ProjectPage/ProjectMainTabs.tsx [Client Component Browser]
    ./apps/portal/components/projects/ProjectPage/ProjectPageShell.tsx [Client Component Browser]
    ./apps/portal/components/projects/ProjectPage/ProjectPageFrame.tsx [Client Component Browser]
    ./apps/portal/app/staff/projects/[projectId]/ProjectSnapshotPageClient.tsx [Client Component Browser]
    ./apps/portal/app/staff/projects/[projectId]/ProjectSnapshotPageClient.tsx [Server Component]
    ./apps/portal/app/staff/projects/[projectId]/page.tsx [Server Component]

  Client Component SSR:
    ./apps/portal/lib/drawings/state/houseFormGeometryInput.ts [Client Component SSR]
    ./apps/portal/lib/drawings/state/objectWorkbenchStatusModel.ts [Client Component SSR]
    ./apps/portal/lib/drawings/state/drawingWorkbenchStore.ts [Client Component SSR]
    ./apps/portal/components/projects/ProjectPage/tabs/EstimatesTab.tsx [Client Component SSR]
    ./apps/portal/components/projects/ProjectPage/ProjectMainTabs.tsx [Client Component SSR]
    ./apps/portal/components/projects/ProjectPage/ProjectPageShell.tsx [Client Component SSR]
    ./apps/portal/components/projects/ProjectPage/ProjectPageFrame.tsx [Client Component SSR]
    ./apps/portal/app/staff/projects/[projectId]/ProjectSnapshotPageClient.tsx [Client Component SSR]
    ./apps/portal/app/staff/projects/[projectId]/ProjectSnapshotPageClient.tsx [Server Component]
    ./apps/portal/app/staff/projects/[projectId]/page.tsx [Server Component] @ http://localhost:3001/_next/static/chunks/node_modules_next_dist_115brz8._.js:3272
[ 2464120ms] [ERROR] ./apps/portal/lib/drawings/state/houseFormGeometryInput.ts:1:1
Export DEFAULT_SOFFIT_DEPTH_MM doesn't exist in target module
>  1 | import {
     | ^^^^^^^
>  2 |   applyHouseReferencePosition,
     | ^^^^^^^^^^^^^^^^^^^^^^^^^^^^^^
>  3 |   applyRoofQa,
     | ^^^^^^^^^^^^^^
>  4 |   buildHouseModel3DFromRawHouseInput,
     | ^^^^^^^^^^^^^^^^^^^^^^^^^^^^^^^^^^^^^
>  5 |   buildHouseReferenceProjectionShape,
     | ^^^^^^^^^^^^^^^^^^^^^^^^^^^^^^^^^^^^^
>  6 |   buildHouseRoofEnvelopeArtifacts,
     | ^^^^^^^^^^^^^^^^^^^^^^^^^^^^^^^^^^
>  7 |   buildHouseRoofModelPipeline,
     | ^^^^^^^^^^^^^^^^^^^^^^^^^^^^^^
>  8 |   composeFootprintFromComposition,
     | ^^^^^^^^^^^^^^^^^^^^^^^^^^^^^^^^^^
>  9 |   composeRoofFromComposition,
     | ^^^^^^^^^^^^^^^^^^^^^^^^^^^^^
> 10 |   DEFAULT_EAVE_OVERHANG_MM,
     | ^^^^^^^^^^^^^^^^^^^^^^^^^^^
> 11 |   DEFAULT_FASCIA_HEIGHT_MM,
     | ^^^^^^^^^^^^^^^^^^^^^^^^^^^
> 12 |   DEFAULT_GUTTER_DEPTH_MM,
     | ^^^^^^^^^^^^^^^^^^^^^^^^^^
> 13 |   DEFAULT_GUTTER_PROJECTION_MM,
     | ^^^^^^^^^^^^^^^^^^^^^^^^^^^^^^^
> 14 |   DEFAULT_GUTTER_WIDTH_MM,
     | ^^^^^^^^^^^^^^^^^^^^^^^^^^
> 15 |   DEFAULT_HOUSE_ROOF_MATERIAL,
     | ^^^^^^^^^^^^^^^^^^^^^^^^^^^^^^
> 16 |   DEFAULT_SOFFIT_DEPTH_MM,
     | ^^^^^^^^^^^^^^^^^^^^^^^^^^
> 17 |   EMPTY_HOUSE_ROOF_STAGE_DIAGNOSTICS,
     | ^^^^^^^^^^^^^^^^^^^^^^^^^^^^^^^^^^^^^
> 18 |   type GeometryTopProjectionShape,
     | ^^^^^^^^^^^^^^^^^^^^^^^^^^^^^^^^^^
> 19 |   type HouseComposition,
     | ^^^^^^^^^^^^^^^^^^^^^^^^
> 20 |   type HouseRoofModelPipelineFailureStage,
     | ^^^^^^^^^^^^^^^^^^^^^^^^^^^^^^^^^^^^^^^^^^
> 21 |   type HouseRoofStageDiagnostics,
     | ^^^^^^^^^^^^^^^^^^^^^^^^^^^^^^^^^
> 22 |   type HouseModel3D,
     | ^^^^^^^^^^^^^^^^^^^^
> 23 |   type RectangleRoofIntent,
     | ^^^^^^^^^^^^^^^^^^^^^^^^^^^
> 24 |   type HouseReferenceGeometry,
     | ^^^^^^^^^^^^^^^^^^^^^^^^^^^^^^
> 25 |   type Polygon3,
     | ^^^^^^^^^^^^^^^^
> 26 |   type RawHouseInput,
     | ^^^^^^^^^^^^^^^^^^^^^
> 27 | } from "@sp/geometry";
     | ^^^^^^^^^^^^^^^^^^^^^^
  28 | import { houseFormTransformToAssemblyPosition } from "./houseFormTransform";
  29 | import { buildHouseFormRawGeometryInput } from "./houseFormRawGeometry";
  30 | import { deriveCompositionUnionPolygon3 } from "./houseFormCompositionFootprint";

The export DEFAULT_SOFFIT_DEPTH_MM was not found in module [project]/packages/geometry/src/index.ts [app-ssr] (ecmascript).
Did you mean to import EMPTY_HOUSE_ROOF_STAGE_DIAGNOSTICS?
All exports of the module are statically known (It doesn't have dynamic exports). So it's known statically that the requested export doesn't exist.

Import traces:
  Client Component Browser:
    ./apps/portal/lib/drawings/state/houseFormGeometryInput.ts [Client Component Browser]
    ./apps/portal/lib/drawings/state/objectWorkbenchStatusModel.ts [Client Component Browser]
    ./apps/portal/lib/drawings/state/drawingWorkbenchStore.ts [Client Component Browser]
    ./apps/portal/components/projects/ProjectPage/tabs/EstimatesTab.tsx [Client Component Browser]
    ./apps/portal/components/projects/ProjectPage/ProjectMainTabs.tsx [Client Component Browser]
    ./apps/portal/components/projects/ProjectPage/ProjectPageShell.tsx [Client Component Browser]
    ./apps/portal/components/projects/ProjectPage/ProjectPageFrame.tsx [Client Component Browser]
    ./apps/portal/app/staff/projects/[projectId]/ProjectSnapshotPageClient.tsx [Client Component Browser]
    ./apps/portal/app/staff/projects/[projectId]/ProjectSnapshotPageClient.tsx [Server Component]
    ./apps/portal/app/staff/projects/[projectId]/page.tsx [Server Component]

  Client Component SSR:
    ./apps/portal/lib/drawings/state/houseFormGeometryInput.ts [Client Component SSR]
    ./apps/portal/lib/drawings/state/objectWorkbenchStatusModel.ts [Client Component SSR]
    ./apps/portal/lib/drawings/state/drawingWorkbenchStore.ts [Client Component SSR]
    ./apps/portal/components/projects/ProjectPage/tabs/EstimatesTab.tsx [Client Component SSR]
    ./apps/portal/components/projects/ProjectPage/ProjectMainTabs.tsx [Client Component SSR]
    ./apps/portal/components/projects/ProjectPage/ProjectPageShell.tsx [Client Component SSR]
    ./apps/portal/components/projects/ProjectPage/ProjectPageFrame.tsx [Client Component SSR]
    ./apps/portal/app/staff/projects/[projectId]/ProjectSnapshotPageClient.tsx [Client Component SSR]
    ./apps/portal/app/staff/projects/[projectId]/ProjectSnapshotPageClient.tsx [Server Component]
    ./apps/portal/app/staff/projects/[projectId]/page.tsx [Server Component] @ http://localhost:3001/_next/static/chunks/node_modules_next_dist_115brz8._.js:3272
[ 2464121ms] [ERROR] ./apps/portal/lib/drawings/state/houseFormGeometryInput.ts:1:1
Export buildHouseRoofEnvelopeArtifacts doesn't exist in target module
>  1 | import {
     | ^^^^^^^
>  2 |   applyHouseReferencePosition,
     | ^^^^^^^^^^^^^^^^^^^^^^^^^^^^^^
>  3 |   applyRoofQa,
     | ^^^^^^^^^^^^^^
>  4 |   buildHouseModel3DFromRawHouseInput,
     | ^^^^^^^^^^^^^^^^^^^^^^^^^^^^^^^^^^^^^
>  5 |   buildHouseReferenceProjectionShape,
     | ^^^^^^^^^^^^^^^^^^^^^^^^^^^^^^^^^^^^^
>  6 |   buildHouseRoofEnvelopeArtifacts,
     | ^^^^^^^^^^^^^^^^^^^^^^^^^^^^^^^^^^
>  7 |   buildHouseRoofModelPipeline,
     | ^^^^^^^^^^^^^^^^^^^^^^^^^^^^^^
>  8 |   composeFootprintFromComposition,
     | ^^^^^^^^^^^^^^^^^^^^^^^^^^^^^^^^^^
>  9 |   composeRoofFromComposition,
     | ^^^^^^^^^^^^^^^^^^^^^^^^^^^^^
> 10 |   DEFAULT_EAVE_OVERHANG_MM,
     | ^^^^^^^^^^^^^^^^^^^^^^^^^^^
> 11 |   DEFAULT_FASCIA_HEIGHT_MM,
     | ^^^^^^^^^^^^^^^^^^^^^^^^^^^
> 12 |   DEFAULT_GUTTER_DEPTH_MM,
     | ^^^^^^^^^^^^^^^^^^^^^^^^^^
> 13 |   DEFAULT_GUTTER_PROJECTION_MM,
     | ^^^^^^^^^^^^^^^^^^^^^^^^^^^^^^^
> 14 |   DEFAULT_GUTTER_WIDTH_MM,
     | ^^^^^^^^^^^^^^^^^^^^^^^^^^
> 15 |   DEFAULT_HOUSE_ROOF_MATERIAL,
     | ^^^^^^^^^^^^^^^^^^^^^^^^^^^^^^
> 16 |   DEFAULT_SOFFIT_DEPTH_MM,
     | ^^^^^^^^^^^^^^^^^^^^^^^^^^
> 17 |   EMPTY_HOUSE_ROOF_STAGE_DIAGNOSTICS,
     | ^^^^^^^^^^^^^^^^^^^^^^^^^^^^^^^^^^^^^
> 18 |   type GeometryTopProjectionShape,
     | ^^^^^^^^^^^^^^^^^^^^^^^^^^^^^^^^^^
> 19 |   type HouseComposition,
     | ^^^^^^^^^^^^^^^^^^^^^^^^
> 20 |   type HouseRoofModelPipelineFailureStage,
     | ^^^^^^^^^^^^^^^^^^^^^^^^^^^^^^^^^^^^^^^^^^
> 21 |   type HouseRoofStageDiagnostics,
     | ^^^^^^^^^^^^^^^^^^^^^^^^^^^^^^^^^
> 22 |   type HouseModel3D,
     | ^^^^^^^^^^^^^^^^^^^^
> 23 |   type RectangleRoofIntent,
     | ^^^^^^^^^^^^^^^^^^^^^^^^^^^
> 24 |   type HouseReferenceGeometry,
     | ^^^^^^^^^^^^^^^^^^^^^^^^^^^^^^
> 25 |   type Polygon3,
     | ^^^^^^^^^^^^^^^^
> 26 |   type RawHouseInput,
     | ^^^^^^^^^^^^^^^^^^^^^
> 27 | } from "@sp/geometry";
     | ^^^^^^^^^^^^^^^^^^^^^^
  28 | import { houseFormTransformToAssemblyPosition } from "./houseFormTransform";
  29 | import { buildHouseFormRawGeometryInput } from "./houseFormRawGeometry";
  30 | import { deriveCompositionUnionPolygon3 } from "./houseFormCompositionFootprint";

The export buildHouseRoofEnvelopeArtifacts was not found in module [project]/packages/geometry/src/index.ts [app-client] (ecmascript).
Did you mean to import buildHouseRoofModelPipeline?
All exports of the module are statically known (It doesn't have dynamic exports). So it's known statically that the requested export doesn't exist.

Import traces:
  Client Component Browser:
    ./apps/portal/lib/drawings/state/houseFormGeometryInput.ts [Client Component Browser]
    ./apps/portal/lib/drawings/state/objectWorkbenchStatusModel.ts [Client Component Browser]
    ./apps/portal/lib/drawings/state/drawingWorkbenchStore.ts [Client Component Browser]
    ./apps/portal/components/projects/ProjectPage/tabs/EstimatesTab.tsx [Client Component Browser]
    ./apps/portal/components/projects/ProjectPage/ProjectMainTabs.tsx [Client Component Browser]
    ./apps/portal/components/projects/ProjectPage/ProjectPageShell.tsx [Client Component Browser]
    ./apps/portal/components/projects/ProjectPage/ProjectPageFrame.tsx [Client Component Browser]
    ./apps/portal/app/staff/projects/[projectId]/ProjectSnapshotPageClient.tsx [Client Component Browser]
    ./apps/portal/app/staff/projects/[projectId]/ProjectSnapshotPageClient.tsx [Server Component]
    ./apps/portal/app/staff/projects/[projectId]/page.tsx [Server Component]

  Client Component SSR:
    ./apps/portal/lib/drawings/state/houseFormGeometryInput.ts [Client Component SSR]
    ./apps/portal/lib/drawings/state/objectWorkbenchStatusModel.ts [Client Component SSR]
    ./apps/portal/lib/drawings/state/drawingWorkbenchStore.ts [Client Component SSR]
    ./apps/portal/components/projects/ProjectPage/tabs/EstimatesTab.tsx [Client Component SSR]
    ./apps/portal/components/projects/ProjectPage/ProjectMainTabs.tsx [Client Component SSR]
    ./apps/portal/components/projects/ProjectPage/ProjectPageShell.tsx [Client Component SSR]
    ./apps/portal/components/projects/ProjectPage/ProjectPageFrame.tsx [Client Component SSR]
    ./apps/portal/app/staff/projects/[projectId]/ProjectSnapshotPageClient.tsx [Client Component SSR]
    ./apps/portal/app/staff/projects/[projectId]/ProjectSnapshotPageClient.tsx [Server Component]
    ./apps/portal/app/staff/projects/[projectId]/page.tsx [Server Component] @ http://localhost:3001/_next/static/chunks/node_modules_next_dist_115brz8._.js:3272
[ 2464121ms] [ERROR] ./apps/portal/lib/drawings/state/houseFormGeometryInput.ts:1:1
Export buildHouseRoofEnvelopeArtifacts doesn't exist in target module
>  1 | import {
     | ^^^^^^^
>  2 |   applyHouseReferencePosition,
     | ^^^^^^^^^^^^^^^^^^^^^^^^^^^^^^
>  3 |   applyRoofQa,
     | ^^^^^^^^^^^^^^
>  4 |   buildHouseModel3DFromRawHouseInput,
     | ^^^^^^^^^^^^^^^^^^^^^^^^^^^^^^^^^^^^^
>  5 |   buildHouseReferenceProjectionShape,
     | ^^^^^^^^^^^^^^^^^^^^^^^^^^^^^^^^^^^^^
>  6 |   buildHouseRoofEnvelopeArtifacts,
     | ^^^^^^^^^^^^^^^^^^^^^^^^^^^^^^^^^^
>  7 |   buildHouseRoofModelPipeline,
     | ^^^^^^^^^^^^^^^^^^^^^^^^^^^^^^
>  8 |   composeFootprintFromComposition,
     | ^^^^^^^^^^^^^^^^^^^^^^^^^^^^^^^^^^
>  9 |   composeRoofFromComposition,
     | ^^^^^^^^^^^^^^^^^^^^^^^^^^^^^
> 10 |   DEFAULT_EAVE_OVERHANG_MM,
     | ^^^^^^^^^^^^^^^^^^^^^^^^^^^
> 11 |   DEFAULT_FASCIA_HEIGHT_MM,
     | ^^^^^^^^^^^^^^^^^^^^^^^^^^^
> 12 |   DEFAULT_GUTTER_DEPTH_MM,
     | ^^^^^^^^^^^^^^^^^^^^^^^^^^
> 13 |   DEFAULT_GUTTER_PROJECTION_MM,
     | ^^^^^^^^^^^^^^^^^^^^^^^^^^^^^^^
> 14 |   DEFAULT_GUTTER_WIDTH_MM,
     | ^^^^^^^^^^^^^^^^^^^^^^^^^^
> 15 |   DEFAULT_HOUSE_ROOF_MATERIAL,
     | ^^^^^^^^^^^^^^^^^^^^^^^^^^^^^^
> 16 |   DEFAULT_SOFFIT_DEPTH_MM,
     | ^^^^^^^^^^^^^^^^^^^^^^^^^^
> 17 |   EMPTY_HOUSE_ROOF_STAGE_DIAGNOSTICS,
     | ^^^^^^^^^^^^^^^^^^^^^^^^^^^^^^^^^^^^^
> 18 |   type GeometryTopProjectionShape,
     | ^^^^^^^^^^^^^^^^^^^^^^^^^^^^^^^^^^
> 19 |   type HouseComposition,
     | ^^^^^^^^^^^^^^^^^^^^^^^^
> 20 |   type HouseRoofModelPipelineFailureStage,
     | ^^^^^^^^^^^^^^^^^^^^^^^^^^^^^^^^^^^^^^^^^^
> 21 |   type HouseRoofStageDiagnostics,
     | ^^^^^^^^^^^^^^^^^^^^^^^^^^^^^^^^^
> 22 |   type HouseModel3D,
     | ^^^^^^^^^^^^^^^^^^^^
> 23 |   type RectangleRoofIntent,
     | ^^^^^^^^^^^^^^^^^^^^^^^^^^^
> 24 |   type HouseReferenceGeometry,
     | ^^^^^^^^^^^^^^^^^^^^^^^^^^^^^^
> 25 |   type Polygon3,
     | ^^^^^^^^^^^^^^^^
> 26 |   type RawHouseInput,
     | ^^^^^^^^^^^^^^^^^^^^^
> 27 | } from "@sp/geometry";
     | ^^^^^^^^^^^^^^^^^^^^^^
  28 | import { houseFormTransformToAssemblyPosition } from "./houseFormTransform";
  29 | import { buildHouseFormRawGeometryInput } from "./houseFormRawGeometry";
  30 | import { deriveCompositionUnionPolygon3 } from "./houseFormCompositionFootprint";

The export buildHouseRoofEnvelopeArtifacts was not found in module [project]/packages/geometry/src/index.ts [app-ssr] (ecmascript).
Did you mean to import buildHouseRoofModelPipeline?
All exports of the module are statically known (It doesn't have dynamic exports). So it's known statically that the requested export doesn't exist.

Import traces:
  Client Component Browser:
    ./apps/portal/lib/drawings/state/houseFormGeometryInput.ts [Client Component Browser]
    ./apps/portal/lib/drawings/state/objectWorkbenchStatusModel.ts [Client Component Browser]
    ./apps/portal/lib/drawings/state/drawingWorkbenchStore.ts [Client Component Browser]
    ./apps/portal/components/projects/ProjectPage/tabs/EstimatesTab.tsx [Client Component Browser]
    ./apps/portal/components/projects/ProjectPage/ProjectMainTabs.tsx [Client Component Browser]
    ./apps/portal/components/projects/ProjectPage/ProjectPageShell.tsx [Client Component Browser]
    ./apps/portal/components/projects/ProjectPage/ProjectPageFrame.tsx [Client Component Browser]
    ./apps/portal/app/staff/projects/[projectId]/ProjectSnapshotPageClient.tsx [Client Component Browser]
    ./apps/portal/app/staff/projects/[projectId]/ProjectSnapshotPageClient.tsx [Server Component]
    ./apps/portal/app/staff/projects/[projectId]/page.tsx [Server Component]

  Client Component SSR:
    ./apps/portal/lib/drawings/state/houseFormGeometryInput.ts [Client Component SSR]
    ./apps/portal/lib/drawings/state/objectWorkbenchStatusModel.ts [Client Component SSR]
    ./apps/portal/lib/drawings/state/drawingWorkbenchStore.ts [Client Component SSR]
    ./apps/portal/components/projects/ProjectPage/tabs/EstimatesTab.tsx [Client Component SSR]
    ./apps/portal/components/projects/ProjectPage/ProjectMainTabs.tsx [Client Component SSR]
    ./apps/portal/components/projects/ProjectPage/ProjectPageShell.tsx [Client Component SSR]
    ./apps/portal/components/projects/ProjectPage/ProjectPageFrame.tsx [Client Component SSR]
    ./apps/portal/app/staff/projects/[projectId]/ProjectSnapshotPageClient.tsx [Client Component SSR]
    ./apps/portal/app/staff/projects/[projectId]/ProjectSnapshotPageClient.tsx [Server Component]
    ./apps/portal/app/staff/projects/[projectId]/page.tsx [Server Component] @ http://localhost:3001/_next/static/chunks/node_modules_next_dist_115brz8._.js:3272
[ 2464182ms] [ERROR] ./apps/portal/lib/drawings/state/houseFormGeometryInput.ts:1:1
Export DEFAULT_EAVE_OVERHANG_MM doesn't exist in target module
>  1 | import {
     | ^^^^^^^
>  2 |   applyHouseReferencePosition,
     | ^^^^^^^^^^^^^^^^^^^^^^^^^^^^^^
>  3 |   applyRoofQa,
     | ^^^^^^^^^^^^^^
>  4 |   buildHouseModel3DFromRawHouseInput,
     | ^^^^^^^^^^^^^^^^^^^^^^^^^^^^^^^^^^^^^
>  5 |   buildHouseReferenceProjectionShape,
     | ^^^^^^^^^^^^^^^^^^^^^^^^^^^^^^^^^^^^^
>  6 |   buildHouseRoofEnvelopeArtifacts,
     | ^^^^^^^^^^^^^^^^^^^^^^^^^^^^^^^^^^
>  7 |   buildHouseRoofModelPipeline,
     | ^^^^^^^^^^^^^^^^^^^^^^^^^^^^^^
>  8 |   composeFootprintFromComposition,
     | ^^^^^^^^^^^^^^^^^^^^^^^^^^^^^^^^^^
>  9 |   composeRoofFromComposition,
     | ^^^^^^^^^^^^^^^^^^^^^^^^^^^^^
> 10 |   DEFAULT_EAVE_OVERHANG_MM,
     | ^^^^^^^^^^^^^^^^^^^^^^^^^^^
> 11 |   DEFAULT_FASCIA_HEIGHT_MM,
     | ^^^^^^^^^^^^^^^^^^^^^^^^^^^
> 12 |   DEFAULT_GUTTER_DEPTH_MM,
     | ^^^^^^^^^^^^^^^^^^^^^^^^^^
> 13 |   DEFAULT_GUTTER_PROJECTION_MM,
     | ^^^^^^^^^^^^^^^^^^^^^^^^^^^^^^^
> 14 |   DEFAULT_GUTTER_WIDTH_MM,
     | ^^^^^^^^^^^^^^^^^^^^^^^^^^
> 15 |   DEFAULT_HOUSE_ROOF_MATERIAL,
     | ^^^^^^^^^^^^^^^^^^^^^^^^^^^^^^
> 16 |   DEFAULT_SOFFIT_DEPTH_MM,
     | ^^^^^^^^^^^^^^^^^^^^^^^^^^
> 17 |   EMPTY_HOUSE_ROOF_STAGE_DIAGNOSTICS,
     | ^^^^^^^^^^^^^^^^^^^^^^^^^^^^^^^^^^^^^
> 18 |   type GeometryTopProjectionShape,
     | ^^^^^^^^^^^^^^^^^^^^^^^^^^^^^^^^^^
> 19 |   type HouseComposition,
     | ^^^^^^^^^^^^^^^^^^^^^^^^
> 20 |   type HouseRoofModelPipelineFailureStage,
     | ^^^^^^^^^^^^^^^^^^^^^^^^^^^^^^^^^^^^^^^^^^
> 21 |   type HouseRoofStageDiagnostics,
     | ^^^^^^^^^^^^^^^^^^^^^^^^^^^^^^^^^
> 22 |   type HouseModel3D,
     | ^^^^^^^^^^^^^^^^^^^^
> 23 |   type RectangleRoofIntent,
     | ^^^^^^^^^^^^^^^^^^^^^^^^^^^
> 24 |   type HouseReferenceGeometry,
     | ^^^^^^^^^^^^^^^^^^^^^^^^^^^^^^
> 25 |   type Polygon3,
     | ^^^^^^^^^^^^^^^^
> 26 |   type RawHouseInput,
     | ^^^^^^^^^^^^^^^^^^^^^
> 27 | } from "@sp/geometry";
     | ^^^^^^^^^^^^^^^^^^^^^^
  28 | import { houseFormTransformToAssemblyPosition } from "./houseFormTransform";
  29 | import { buildHouseFormRawGeometryInput } from "./houseFormRawGeometry";
  30 | import { deriveCompositionUnionPolygon3 } from "./houseFormCompositionFootprint";

The export DEFAULT_EAVE_OVERHANG_MM was not found in module [project]/packages/geometry/src/index.ts [app-client] (ecmascript).
Did you mean to import EMPTY_HOUSE_ROOF_STAGE_DIAGNOSTICS?
All exports of the module are statically known (It doesn't have dynamic exports). So it's known statically that the requested export doesn't exist.

Import traces:
  Client Component Browser:
    ./apps/portal/lib/drawings/state/houseFormGeometryInput.ts [Client Component Browser]
    ./apps/portal/lib/drawings/state/objectWorkbenchStatusModel.ts [Client Component Browser]
    ./apps/portal/lib/drawings/state/drawingWorkbenchStore.ts [Client Component Browser]
    ./apps/portal/components/projects/ProjectPage/tabs/EstimatesTab.tsx [Client Component Browser]
    ./apps/portal/components/projects/ProjectPage/ProjectMainTabs.tsx [Client Component Browser]
    ./apps/portal/components/projects/ProjectPage/ProjectPageShell.tsx [Client Component Browser]
    ./apps/portal/components/projects/ProjectPage/ProjectPageFrame.tsx [Client Component Browser]
    ./apps/portal/app/staff/projects/[projectId]/ProjectSnapshotPageClient.tsx [Client Component Browser]
    ./apps/portal/app/staff/projects/[projectId]/ProjectSnapshotPageClient.tsx [Server Component]
    ./apps/portal/app/staff/projects/[projectId]/page.tsx [Server Component]

  Client Component SSR:
    ./apps/portal/lib/drawings/state/houseFormGeometryInput.ts [Client Component SSR]
    ./apps/portal/lib/drawings/state/objectWorkbenchStatusModel.ts [Client Component SSR]
    ./apps/portal/lib/drawings/state/drawingWorkbenchStore.ts [Client Component SSR]
    ./apps/portal/components/projects/ProjectPage/tabs/EstimatesTab.tsx [Client Component SSR]
    ./apps/portal/components/projects/ProjectPage/ProjectMainTabs.tsx [Client Component SSR]
    ./apps/portal/components/projects/ProjectPage/ProjectPageShell.tsx [Client Component SSR]
    ./apps/portal/components/projects/ProjectPage/ProjectPageFrame.tsx [Client Component SSR]
    ./apps/portal/app/staff/projects/[projectId]/ProjectSnapshotPageClient.tsx [Client Component SSR]
    ./apps/portal/app/staff/projects/[projectId]/ProjectSnapshotPageClient.tsx [Server Component]
    ./apps/portal/app/staff/projects/[projectId]/page.tsx [Server Component] @ http://localhost:3001/_next/static/chunks/node_modules_next_dist_115brz8._.js:3272
[ 2464183ms] [ERROR] ./apps/portal/lib/drawings/state/houseFormGeometryInput.ts:1:1
Export DEFAULT_EAVE_OVERHANG_MM doesn't exist in target module
>  1 | import {
     | ^^^^^^^
>  2 |   applyHouseReferencePosition,
     | ^^^^^^^^^^^^^^^^^^^^^^^^^^^^^^
>  3 |   applyRoofQa,
     | ^^^^^^^^^^^^^^
>  4 |   buildHouseModel3DFromRawHouseInput,
     | ^^^^^^^^^^^^^^^^^^^^^^^^^^^^^^^^^^^^^
>  5 |   buildHouseReferenceProjectionShape,
     | ^^^^^^^^^^^^^^^^^^^^^^^^^^^^^^^^^^^^^
>  6 |   buildHouseRoofEnvelopeArtifacts,
     | ^^^^^^^^^^^^^^^^^^^^^^^^^^^^^^^^^^
>  7 |   buildHouseRoofModelPipeline,
     | ^^^^^^^^^^^^^^^^^^^^^^^^^^^^^^
>  8 |   composeFootprintFromComposition,
     | ^^^^^^^^^^^^^^^^^^^^^^^^^^^^^^^^^^
>  9 |   composeRoofFromComposition,
     | ^^^^^^^^^^^^^^^^^^^^^^^^^^^^^
> 10 |   DEFAULT_EAVE_OVERHANG_MM,
     | ^^^^^^^^^^^^^^^^^^^^^^^^^^^
> 11 |   DEFAULT_FASCIA_HEIGHT_MM,
     | ^^^^^^^^^^^^^^^^^^^^^^^^^^^
> 12 |   DEFAULT_GUTTER_DEPTH_MM,
     | ^^^^^^^^^^^^^^^^^^^^^^^^^^
> 13 |   DEFAULT_GUTTER_PROJECTION_MM,
     | ^^^^^^^^^^^^^^^^^^^^^^^^^^^^^^^
> 14 |   DEFAULT_GUTTER_WIDTH_MM,
     | ^^^^^^^^^^^^^^^^^^^^^^^^^^
> 15 |   DEFAULT_HOUSE_ROOF_MATERIAL,
     | ^^^^^^^^^^^^^^^^^^^^^^^^^^^^^^
> 16 |   DEFAULT_SOFFIT_DEPTH_MM,
     | ^^^^^^^^^^^^^^^^^^^^^^^^^^
> 17 |   EMPTY_HOUSE_ROOF_STAGE_DIAGNOSTICS,
     | ^^^^^^^^^^^^^^^^^^^^^^^^^^^^^^^^^^^^^
> 18 |   type GeometryTopProjectionShape,
     | ^^^^^^^^^^^^^^^^^^^^^^^^^^^^^^^^^^
> 19 |   type HouseComposition,
     | ^^^^^^^^^^^^^^^^^^^^^^^^
> 20 |   type HouseRoofModelPipelineFailureStage,
     | ^^^^^^^^^^^^^^^^^^^^^^^^^^^^^^^^^^^^^^^^^^
> 21 |   type HouseRoofStageDiagnostics,
     | ^^^^^^^^^^^^^^^^^^^^^^^^^^^^^^^^^
> 22 |   type HouseModel3D,
     | ^^^^^^^^^^^^^^^^^^^^
> 23 |   type RectangleRoofIntent,
     | ^^^^^^^^^^^^^^^^^^^^^^^^^^^
> 24 |   type HouseReferenceGeometry,
     | ^^^^^^^^^^^^^^^^^^^^^^^^^^^^^^
> 25 |   type Polygon3,
     | ^^^^^^^^^^^^^^^^
> 26 |   type RawHouseInput,
     | ^^^^^^^^^^^^^^^^^^^^^
> 27 | } from "@sp/geometry";
     | ^^^^^^^^^^^^^^^^^^^^^^
  28 | import { houseFormTransformToAssemblyPosition } from "./houseFormTransform";
  29 | import { buildHouseFormRawGeometryInput } from "./houseFormRawGeometry";
  30 | import { deriveCompositionUnionPolygon3 } from "./houseFormCompositionFootprint";

The export DEFAULT_EAVE_OVERHANG_MM was not found in module [project]/packages/geometry/src/index.ts [app-ssr] (ecmascript).
Did you mean to import EMPTY_HOUSE_ROOF_STAGE_DIAGNOSTICS?
All exports of the module are statically known (It doesn't have dynamic exports). So it's known statically that the requested export doesn't exist.

Import traces:
  Client Component Browser:
    ./apps/portal/lib/drawings/state/houseFormGeometryInput.ts [Client Component Browser]
    ./apps/portal/lib/drawings/state/objectWorkbenchStatusModel.ts [Client Component Browser]
    ./apps/portal/lib/drawings/state/drawingWorkbenchStore.ts [Client Component Browser]
    ./apps/portal/components/projects/ProjectPage/tabs/EstimatesTab.tsx [Client Component Browser]
    ./apps/portal/components/projects/ProjectPage/ProjectMainTabs.tsx [Client Component Browser]
    ./apps/portal/components/projects/ProjectPage/ProjectPageShell.tsx [Client Component Browser]
    ./apps/portal/components/projects/ProjectPage/ProjectPageFrame.tsx [Client Component Browser]
    ./apps/portal/app/staff/projects/[projectId]/ProjectSnapshotPageClient.tsx [Client Component Browser]
    ./apps/portal/app/staff/projects/[projectId]/ProjectSnapshotPageClient.tsx [Server Component]
    ./apps/portal/app/staff/projects/[projectId]/page.tsx [Server Component]

  Client Component SSR:
    ./apps/portal/lib/drawings/state/houseFormGeometryInput.ts [Client Component SSR]
    ./apps/portal/lib/drawings/state/objectWorkbenchStatusModel.ts [Client Component SSR]
    ./apps/portal/lib/drawings/state/drawingWorkbenchStore.ts [Client Component SSR]
    ./apps/portal/components/projects/ProjectPage/tabs/EstimatesTab.tsx [Client Component SSR]
    ./apps/portal/components/projects/ProjectPage/ProjectMainTabs.tsx [Client Component SSR]
    ./apps/portal/components/projects/ProjectPage/ProjectPageShell.tsx [Client Component SSR]
    ./apps/portal/components/projects/ProjectPage/ProjectPageFrame.tsx [Client Component SSR]
    ./apps/portal/app/staff/projects/[projectId]/ProjectSnapshotPageClient.tsx [Client Component SSR]
    ./apps/portal/app/staff/projects/[projectId]/ProjectSnapshotPageClient.tsx [Server Component]
    ./apps/portal/app/staff/projects/[projectId]/page.tsx [Server Component] @ http://localhost:3001/_next/static/chunks/node_modules_next_dist_115brz8._.js:3272
[ 2464183ms] [ERROR] ./apps/portal/lib/drawings/state/houseFormGeometryInput.ts:1:1
Export DEFAULT_FASCIA_HEIGHT_MM doesn't exist in target module
>  1 | import {
     | ^^^^^^^
>  2 |   applyHouseReferencePosition,
     | ^^^^^^^^^^^^^^^^^^^^^^^^^^^^^^
>  3 |   applyRoofQa,
     | ^^^^^^^^^^^^^^
>  4 |   buildHouseModel3DFromRawHouseInput,
     | ^^^^^^^^^^^^^^^^^^^^^^^^^^^^^^^^^^^^^
>  5 |   buildHouseReferenceProjectionShape,
     | ^^^^^^^^^^^^^^^^^^^^^^^^^^^^^^^^^^^^^
>  6 |   buildHouseRoofEnvelopeArtifacts,
     | ^^^^^^^^^^^^^^^^^^^^^^^^^^^^^^^^^^
>  7 |   buildHouseRoofModelPipeline,
     | ^^^^^^^^^^^^^^^^^^^^^^^^^^^^^^
>  8 |   composeFootprintFromComposition,
     | ^^^^^^^^^^^^^^^^^^^^^^^^^^^^^^^^^^
>  9 |   composeRoofFromComposition,
     | ^^^^^^^^^^^^^^^^^^^^^^^^^^^^^
> 10 |   DEFAULT_EAVE_OVERHANG_MM,
     | ^^^^^^^^^^^^^^^^^^^^^^^^^^^
> 11 |   DEFAULT_FASCIA_HEIGHT_MM,
     | ^^^^^^^^^^^^^^^^^^^^^^^^^^^
> 12 |   DEFAULT_GUTTER_DEPTH_MM,
     | ^^^^^^^^^^^^^^^^^^^^^^^^^^
> 13 |   DEFAULT_GUTTER_PROJECTION_MM,
     | ^^^^^^^^^^^^^^^^^^^^^^^^^^^^^^^
> 14 |   DEFAULT_GUTTER_WIDTH_MM,
     | ^^^^^^^^^^^^^^^^^^^^^^^^^^
> 15 |   DEFAULT_HOUSE_ROOF_MATERIAL,
     | ^^^^^^^^^^^^^^^^^^^^^^^^^^^^^^
> 16 |   DEFAULT_SOFFIT_DEPTH_MM,
     | ^^^^^^^^^^^^^^^^^^^^^^^^^^
> 17 |   EMPTY_HOUSE_ROOF_STAGE_DIAGNOSTICS,
     | ^^^^^^^^^^^^^^^^^^^^^^^^^^^^^^^^^^^^^
> 18 |   type GeometryTopProjectionShape,
     | ^^^^^^^^^^^^^^^^^^^^^^^^^^^^^^^^^^
> 19 |   type HouseComposition,
     | ^^^^^^^^^^^^^^^^^^^^^^^^
> 20 |   type HouseRoofModelPipelineFailureStage,
     | ^^^^^^^^^^^^^^^^^^^^^^^^^^^^^^^^^^^^^^^^^^
> 21 |   type HouseRoofStageDiagnostics,
     | ^^^^^^^^^^^^^^^^^^^^^^^^^^^^^^^^^
> 22 |   type HouseModel3D,
     | ^^^^^^^^^^^^^^^^^^^^
> 23 |   type RectangleRoofIntent,
     | ^^^^^^^^^^^^^^^^^^^^^^^^^^^
> 24 |   type HouseReferenceGeometry,
     | ^^^^^^^^^^^^^^^^^^^^^^^^^^^^^^
> 25 |   type Polygon3,
     | ^^^^^^^^^^^^^^^^
> 26 |   type RawHouseInput,
     | ^^^^^^^^^^^^^^^^^^^^^
> 27 | } from "@sp/geometry";
     | ^^^^^^^^^^^^^^^^^^^^^^
  28 | import { houseFormTransformToAssemblyPosition } from "./houseFormTransform";
  29 | import { buildHouseFormRawGeometryInput } from "./houseFormRawGeometry";
  30 | import { deriveCompositionUnionPolygon3 } from "./houseFormCompositionFootprint";

The export DEFAULT_FASCIA_HEIGHT_MM was not found in module [project]/packages/geometry/src/index.ts [app-client] (ecmascript).
Did you mean to import EMPTY_HOUSE_ROOF_STAGE_DIAGNOSTICS?
All exports of the module are statically known (It doesn't have dynamic exports). So it's known statically that the requested export doesn't exist.

Import traces:
  Client Component Browser:
    ./apps/portal/lib/drawings/state/houseFormGeometryInput.ts [Client Component Browser]
    ./apps/portal/lib/drawings/state/objectWorkbenchStatusModel.ts [Client Component Browser]
    ./apps/portal/lib/drawings/state/drawingWorkbenchStore.ts [Client Component Browser]
    ./apps/portal/components/projects/ProjectPage/tabs/EstimatesTab.tsx [Client Component Browser]
    ./apps/portal/components/projects/ProjectPage/ProjectMainTabs.tsx [Client Component Browser]
    ./apps/portal/components/projects/ProjectPage/ProjectPageShell.tsx [Client Component Browser]
    ./apps/portal/components/projects/ProjectPage/ProjectPageFrame.tsx [Client Component Browser]
    ./apps/portal/app/staff/projects/[projectId]/ProjectSnapshotPageClient.tsx [Client Component Browser]
    ./apps/portal/app/staff/projects/[projectId]/ProjectSnapshotPageClient.tsx [Server Component]
    ./apps/portal/app/staff/projects/[projectId]/page.tsx [Server Component]

  Client Component SSR:
    ./apps/portal/lib/drawings/state/houseFormGeometryInput.ts [Client Component SSR]
    ./apps/portal/lib/drawings/state/objectWorkbenchStatusModel.ts [Client Component SSR]
    ./apps/portal/lib/drawings/state/drawingWorkbenchStore.ts [Client Component SSR]
    ./apps/portal/components/projects/ProjectPage/tabs/EstimatesTab.tsx [Client Component SSR]
    ./apps/portal/components/projects/ProjectPage/ProjectMainTabs.tsx [Client Component SSR]
    ./apps/portal/components/projects/ProjectPage/ProjectPageShell.tsx [Client Component SSR]
    ./apps/portal/components/projects/ProjectPage/ProjectPageFrame.tsx [Client Component SSR]
    ./apps/portal/app/staff/projects/[projectId]/ProjectSnapshotPageClient.tsx [Client Component SSR]
    ./apps/portal/app/staff/projects/[projectId]/ProjectSnapshotPageClient.tsx [Server Component]
    ./apps/portal/app/staff/projects/[projectId]/page.tsx [Server Component] @ http://localhost:3001/_next/static/chunks/node_modules_next_dist_115brz8._.js:3272
[ 2464183ms] [ERROR] ./apps/portal/lib/drawings/state/houseFormGeometryInput.ts:1:1
Export DEFAULT_FASCIA_HEIGHT_MM doesn't exist in target module
>  1 | import {
     | ^^^^^^^
>  2 |   applyHouseReferencePosition,
     | ^^^^^^^^^^^^^^^^^^^^^^^^^^^^^^
>  3 |   applyRoofQa,
     | ^^^^^^^^^^^^^^
>  4 |   buildHouseModel3DFromRawHouseInput,
     | ^^^^^^^^^^^^^^^^^^^^^^^^^^^^^^^^^^^^^
>  5 |   buildHouseReferenceProjectionShape,
     | ^^^^^^^^^^^^^^^^^^^^^^^^^^^^^^^^^^^^^
>  6 |   buildHouseRoofEnvelopeArtifacts,
     | ^^^^^^^^^^^^^^^^^^^^^^^^^^^^^^^^^^
>  7 |   buildHouseRoofModelPipeline,
     | ^^^^^^^^^^^^^^^^^^^^^^^^^^^^^^
>  8 |   composeFootprintFromComposition,
     | ^^^^^^^^^^^^^^^^^^^^^^^^^^^^^^^^^^
>  9 |   composeRoofFromComposition,
     | ^^^^^^^^^^^^^^^^^^^^^^^^^^^^^
> 10 |   DEFAULT_EAVE_OVERHANG_MM,
     | ^^^^^^^^^^^^^^^^^^^^^^^^^^^
> 11 |   DEFAULT_FASCIA_HEIGHT_MM,
     | ^^^^^^^^^^^^^^^^^^^^^^^^^^^
> 12 |   DEFAULT_GUTTER_DEPTH_MM,
     | ^^^^^^^^^^^^^^^^^^^^^^^^^^
> 13 |   DEFAULT_GUTTER_PROJECTION_MM,
     | ^^^^^^^^^^^^^^^^^^^^^^^^^^^^^^^
> 14 |   DEFAULT_GUTTER_WIDTH_MM,
     | ^^^^^^^^^^^^^^^^^^^^^^^^^^
> 15 |   DEFAULT_HOUSE_ROOF_MATERIAL,
     | ^^^^^^^^^^^^^^^^^^^^^^^^^^^^^^
> 16 |   DEFAULT_SOFFIT_DEPTH_MM,
     | ^^^^^^^^^^^^^^^^^^^^^^^^^^
> 17 |   EMPTY_HOUSE_ROOF_STAGE_DIAGNOSTICS,
     | ^^^^^^^^^^^^^^^^^^^^^^^^^^^^^^^^^^^^^
> 18 |   type GeometryTopProjectionShape,
     | ^^^^^^^^^^^^^^^^^^^^^^^^^^^^^^^^^^
> 19 |   type HouseComposition,
     | ^^^^^^^^^^^^^^^^^^^^^^^^
> 20 |   type HouseRoofModelPipelineFailureStage,
     | ^^^^^^^^^^^^^^^^^^^^^^^^^^^^^^^^^^^^^^^^^^
> 21 |   type HouseRoofStageDiagnostics,
     | ^^^^^^^^^^^^^^^^^^^^^^^^^^^^^^^^^
> 22 |   type HouseModel3D,
     | ^^^^^^^^^^^^^^^^^^^^
> 23 |   type RectangleRoofIntent,
     | ^^^^^^^^^^^^^^^^^^^^^^^^^^^
> 24 |   type HouseReferenceGeometry,
     | ^^^^^^^^^^^^^^^^^^^^^^^^^^^^^^
> 25 |   type Polygon3,
     | ^^^^^^^^^^^^^^^^
> 26 |   type RawHouseInput,
     | ^^^^^^^^^^^^^^^^^^^^^
> 27 | } from "@sp/geometry";
     | ^^^^^^^^^^^^^^^^^^^^^^
  28 | import { houseFormTransformToAssemblyPosition } from "./houseFormTransform";
  29 | import { buildHouseFormRawGeometryInput } from "./houseFormRawGeometry";
  30 | import { deriveCompositionUnionPolygon3 } from "./houseFormCompositionFootprint";

The export DEFAULT_FASCIA_HEIGHT_MM was not found in module [project]/packages/geometry/src/index.ts [app-ssr] (ecmascript).
Did you mean to import EMPTY_HOUSE_ROOF_STAGE_DIAGNOSTICS?
All exports of the module are statically known (It doesn't have dynamic exports). So it's known statically that the requested export doesn't exist.

Import traces:
  Client Component Browser:
    ./apps/portal/lib/drawings/state/houseFormGeometryInput.ts [Client Component Browser]
    ./apps/portal/lib/drawings/state/objectWorkbenchStatusModel.ts [Client Component Browser]
    ./apps/portal/lib/drawings/state/drawingWorkbenchStore.ts [Client Component Browser]
    ./apps/portal/components/projects/ProjectPage/tabs/EstimatesTab.tsx [Client Component Browser]
    ./apps/portal/components/projects/ProjectPage/ProjectMainTabs.tsx [Client Component Browser]
    ./apps/portal/components/projects/ProjectPage/ProjectPageShell.tsx [Client Component Browser]
    ./apps/portal/components/projects/ProjectPage/ProjectPageFrame.tsx [Client Component Browser]
    ./apps/portal/app/staff/projects/[projectId]/ProjectSnapshotPageClient.tsx [Client Component Browser]
    ./apps/portal/app/staff/projects/[projectId]/ProjectSnapshotPageClient.tsx [Server Component]
    ./apps/portal/app/staff/projects/[projectId]/page.tsx [Server Component]

  Client Component SSR:
    ./apps/portal/lib/drawings/state/houseFormGeometryInput.ts [Client Component SSR]
    ./apps/portal/lib/drawings/state/objectWorkbenchStatusModel.ts [Client Component SSR]
    ./apps/portal/lib/drawings/state/drawingWorkbenchStore.ts [Client Component SSR]
    ./apps/portal/components/projects/ProjectPage/tabs/EstimatesTab.tsx [Client Component SSR]
    ./apps/portal/components/projects/ProjectPage/ProjectMainTabs.tsx [Client Component SSR]
    ./apps/portal/components/projects/ProjectPage/ProjectPageShell.tsx [Client Component SSR]
    ./apps/portal/components/projects/ProjectPage/ProjectPageFrame.tsx [Client Component SSR]
    ./apps/portal/app/staff/projects/[projectId]/ProjectSnapshotPageClient.tsx [Client Component SSR]
    ./apps/portal/app/staff/projects/[projectId]/ProjectSnapshotPageClient.tsx [Server Component]
    ./apps/portal/app/staff/projects/[projectId]/page.tsx [Server Component] @ http://localhost:3001/_next/static/chunks/node_modules_next_dist_115brz8._.js:3272
[ 2464183ms] [ERROR] ./apps/portal/lib/drawings/state/houseFormGeometryInput.ts:1:1
Export DEFAULT_GUTTER_DEPTH_MM doesn't exist in target module
>  1 | import {
     | ^^^^^^^
>  2 |   applyHouseReferencePosition,
     | ^^^^^^^^^^^^^^^^^^^^^^^^^^^^^^
>  3 |   applyRoofQa,
     | ^^^^^^^^^^^^^^
>  4 |   buildHouseModel3DFromRawHouseInput,
     | ^^^^^^^^^^^^^^^^^^^^^^^^^^^^^^^^^^^^^
>  5 |   buildHouseReferenceProjectionShape,
     | ^^^^^^^^^^^^^^^^^^^^^^^^^^^^^^^^^^^^^
>  6 |   buildHouseRoofEnvelopeArtifacts,
     | ^^^^^^^^^^^^^^^^^^^^^^^^^^^^^^^^^^
>  7 |   buildHouseRoofModelPipeline,
     | ^^^^^^^^^^^^^^^^^^^^^^^^^^^^^^
>  8 |   composeFootprintFromComposition,
     | ^^^^^^^^^^^^^^^^^^^^^^^^^^^^^^^^^^
>  9 |   composeRoofFromComposition,
     | ^^^^^^^^^^^^^^^^^^^^^^^^^^^^^
> 10 |   DEFAULT_EAVE_OVERHANG_MM,
     | ^^^^^^^^^^^^^^^^^^^^^^^^^^^
> 11 |   DEFAULT_FASCIA_HEIGHT_MM,
     | ^^^^^^^^^^^^^^^^^^^^^^^^^^^
> 12 |   DEFAULT_GUTTER_DEPTH_MM,
     | ^^^^^^^^^^^^^^^^^^^^^^^^^^
> 13 |   DEFAULT_GUTTER_PROJECTION_MM,
     | ^^^^^^^^^^^^^^^^^^^^^^^^^^^^^^^
> 14 |   DEFAULT_GUTTER_WIDTH_MM,
     | ^^^^^^^^^^^^^^^^^^^^^^^^^^
> 15 |   DEFAULT_HOUSE_ROOF_MATERIAL,
     | ^^^^^^^^^^^^^^^^^^^^^^^^^^^^^^
> 16 |   DEFAULT_SOFFIT_DEPTH_MM,
     | ^^^^^^^^^^^^^^^^^^^^^^^^^^
> 17 |   EMPTY_HOUSE_ROOF_STAGE_DIAGNOSTICS,
     | ^^^^^^^^^^^^^^^^^^^^^^^^^^^^^^^^^^^^^
> 18 |   type GeometryTopProjectionShape,
     | ^^^^^^^^^^^^^^^^^^^^^^^^^^^^^^^^^^
> 19 |   type HouseComposition,
     | ^^^^^^^^^^^^^^^^^^^^^^^^
> 20 |   type HouseRoofModelPipelineFailureStage,
     | ^^^^^^^^^^^^^^^^^^^^^^^^^^^^^^^^^^^^^^^^^^
> 21 |   type HouseRoofStageDiagnostics,
     | ^^^^^^^^^^^^^^^^^^^^^^^^^^^^^^^^^
> 22 |   type HouseModel3D,
     | ^^^^^^^^^^^^^^^^^^^^
> 23 |   type RectangleRoofIntent,
     | ^^^^^^^^^^^^^^^^^^^^^^^^^^^
> 24 |   type HouseReferenceGeometry,
     | ^^^^^^^^^^^^^^^^^^^^^^^^^^^^^^
> 25 |   type Polygon3,
     | ^^^^^^^^^^^^^^^^
> 26 |   type RawHouseInput,
     | ^^^^^^^^^^^^^^^^^^^^^
> 27 | } from "@sp/geometry";
     | ^^^^^^^^^^^^^^^^^^^^^^
  28 | import { houseFormTransformToAssemblyPosition } from "./houseFormTransform";
  29 | import { buildHouseFormRawGeometryInput } from "./houseFormRawGeometry";
  30 | import { deriveCompositionUnionPolygon3 } from "./houseFormCompositionFootprint";

The export DEFAULT_GUTTER_DEPTH_MM was not found in module [project]/packages/geometry/src/index.ts [app-client] (ecmascript).
Did you mean to import EMPTY_HOUSE_ROOF_STAGE_DIAGNOSTICS?
All exports of the module are statically known (It doesn't have dynamic exports). So it's known statically that the requested export doesn't exist.

Import traces:
  Client Component Browser:
    ./apps/portal/lib/drawings/state/houseFormGeometryInput.ts [Client Component Browser]
    ./apps/portal/lib/drawings/state/objectWorkbenchStatusModel.ts [Client Component Browser]
    ./apps/portal/lib/drawings/state/drawingWorkbenchStore.ts [Client Component Browser]
    ./apps/portal/components/projects/ProjectPage/tabs/EstimatesTab.tsx [Client Component Browser]
    ./apps/portal/components/projects/ProjectPage/ProjectMainTabs.tsx [Client Component Browser]
    ./apps/portal/components/projects/ProjectPage/ProjectPageShell.tsx [Client Component Browser]
    ./apps/portal/components/projects/ProjectPage/ProjectPageFrame.tsx [Client Component Browser]
    ./apps/portal/app/staff/projects/[projectId]/ProjectSnapshotPageClient.tsx [Client Component Browser]
    ./apps/portal/app/staff/projects/[projectId]/ProjectSnapshotPageClient.tsx [Server Component]
    ./apps/portal/app/staff/projects/[projectId]/page.tsx [Server Component]

  Client Component SSR:
    ./apps/portal/lib/drawings/state/houseFormGeometryInput.ts [Client Component SSR]
    ./apps/portal/lib/drawings/state/objectWorkbenchStatusModel.ts [Client Component SSR]
    ./apps/portal/lib/drawings/state/drawingWorkbenchStore.ts [Client Component SSR]
    ./apps/portal/components/projects/ProjectPage/tabs/EstimatesTab.tsx [Client Component SSR]
    ./apps/portal/components/projects/ProjectPage/ProjectMainTabs.tsx [Client Component SSR]
    ./apps/portal/components/projects/ProjectPage/ProjectPageShell.tsx [Client Component SSR]
    ./apps/portal/components/projects/ProjectPage/ProjectPageFrame.tsx [Client Component SSR]
    ./apps/portal/app/staff/projects/[projectId]/ProjectSnapshotPageClient.tsx [Client Component SSR]
    ./apps/portal/app/staff/projects/[projectId]/ProjectSnapshotPageClient.tsx [Server Component]
    ./apps/portal/app/staff/projects/[projectId]/page.tsx [Server Component] @ http://localhost:3001/_next/static/chunks/node_modules_next_dist_115brz8._.js:3272
[ 2464184ms] [ERROR] ./apps/portal/lib/drawings/state/houseFormGeometryInput.ts:1:1
Export DEFAULT_GUTTER_DEPTH_MM doesn't exist in target module
>  1 | import {
     | ^^^^^^^
>  2 |   applyHouseReferencePosition,
     | ^^^^^^^^^^^^^^^^^^^^^^^^^^^^^^
>  3 |   applyRoofQa,
     | ^^^^^^^^^^^^^^
>  4 |   buildHouseModel3DFromRawHouseInput,
     | ^^^^^^^^^^^^^^^^^^^^^^^^^^^^^^^^^^^^^
>  5 |   buildHouseReferenceProjectionShape,
     | ^^^^^^^^^^^^^^^^^^^^^^^^^^^^^^^^^^^^^
>  6 |   buildHouseRoofEnvelopeArtifacts,
     | ^^^^^^^^^^^^^^^^^^^^^^^^^^^^^^^^^^
>  7 |   buildHouseRoofModelPipeline,
     | ^^^^^^^^^^^^^^^^^^^^^^^^^^^^^^
>  8 |   composeFootprintFromComposition,
     | ^^^^^^^^^^^^^^^^^^^^^^^^^^^^^^^^^^
>  9 |   composeRoofFromComposition,
     | ^^^^^^^^^^^^^^^^^^^^^^^^^^^^^
> 10 |   DEFAULT_EAVE_OVERHANG_MM,
     | ^^^^^^^^^^^^^^^^^^^^^^^^^^^
> 11 |   DEFAULT_FASCIA_HEIGHT_MM,
     | ^^^^^^^^^^^^^^^^^^^^^^^^^^^
> 12 |   DEFAULT_GUTTER_DEPTH_MM,
     | ^^^^^^^^^^^^^^^^^^^^^^^^^^
> 13 |   DEFAULT_GUTTER_PROJECTION_MM,
     | ^^^^^^^^^^^^^^^^^^^^^^^^^^^^^^^
> 14 |   DEFAULT_GUTTER_WIDTH_MM,
     | ^^^^^^^^^^^^^^^^^^^^^^^^^^
> 15 |   DEFAULT_HOUSE_ROOF_MATERIAL,
     | ^^^^^^^^^^^^^^^^^^^^^^^^^^^^^^
> 16 |   DEFAULT_SOFFIT_DEPTH_MM,
     | ^^^^^^^^^^^^^^^^^^^^^^^^^^
> 17 |   EMPTY_HOUSE_ROOF_STAGE_DIAGNOSTICS,
     | ^^^^^^^^^^^^^^^^^^^^^^^^^^^^^^^^^^^^^
> 18 |   type GeometryTopProjectionShape,
     | ^^^^^^^^^^^^^^^^^^^^^^^^^^^^^^^^^^
> 19 |   type HouseComposition,
     | ^^^^^^^^^^^^^^^^^^^^^^^^
> 20 |   type HouseRoofModelPipelineFailureStage,
     | ^^^^^^^^^^^^^^^^^^^^^^^^^^^^^^^^^^^^^^^^^^
> 21 |   type HouseRoofStageDiagnostics,
     | ^^^^^^^^^^^^^^^^^^^^^^^^^^^^^^^^^
> 22 |   type HouseModel3D,
     | ^^^^^^^^^^^^^^^^^^^^
> 23 |   type RectangleRoofIntent,
     | ^^^^^^^^^^^^^^^^^^^^^^^^^^^
> 24 |   type HouseReferenceGeometry,
     | ^^^^^^^^^^^^^^^^^^^^^^^^^^^^^^
> 25 |   type Polygon3,
     | ^^^^^^^^^^^^^^^^
> 26 |   type RawHouseInput,
     | ^^^^^^^^^^^^^^^^^^^^^
> 27 | } from "@sp/geometry";
     | ^^^^^^^^^^^^^^^^^^^^^^
  28 | import { houseFormTransformToAssemblyPosition } from "./houseFormTransform";
  29 | import { buildHouseFormRawGeometryInput } from "./houseFormRawGeometry";
  30 | import { deriveCompositionUnionPolygon3 } from "./houseFormCompositionFootprint";

The export DEFAULT_GUTTER_DEPTH_MM was not found in module [project]/packages/geometry/src/index.ts [app-ssr] (ecmascript).
Did you mean to import EMPTY_HOUSE_ROOF_STAGE_DIAGNOSTICS?
All exports of the module are statically known (It doesn't have dynamic exports). So it's known statically that the requested export doesn't exist.

Import traces:
  Client Component Browser:
    ./apps/portal/lib/drawings/state/houseFormGeometryInput.ts [Client Component Browser]
    ./apps/portal/lib/drawings/state/objectWorkbenchStatusModel.ts [Client Component Browser]
    ./apps/portal/lib/drawings/state/drawingWorkbenchStore.ts [Client Component Browser]
    ./apps/portal/components/projects/ProjectPage/tabs/EstimatesTab.tsx [Client Component Browser]
    ./apps/portal/components/projects/ProjectPage/ProjectMainTabs.tsx [Client Component Browser]
    ./apps/portal/components/projects/ProjectPage/ProjectPageShell.tsx [Client Component Browser]
    ./apps/portal/components/projects/ProjectPage/ProjectPageFrame.tsx [Client Component Browser]
    ./apps/portal/app/staff/projects/[projectId]/ProjectSnapshotPageClient.tsx [Client Component Browser]
    ./apps/portal/app/staff/projects/[projectId]/ProjectSnapshotPageClient.tsx [Server Component]
    ./apps/portal/app/staff/projects/[projectId]/page.tsx [Server Component]

  Client Component SSR:
    ./apps/portal/lib/drawings/state/houseFormGeometryInput.ts [Client Component SSR]
    ./apps/portal/lib/drawings/state/objectWorkbenchStatusModel.ts [Client Component SSR]
    ./apps/portal/lib/drawings/state/drawingWorkbenchStore.ts [Client Component SSR]
    ./apps/portal/components/projects/ProjectPage/tabs/EstimatesTab.tsx [Client Component SSR]
    ./apps/portal/components/projects/ProjectPage/ProjectMainTabs.tsx [Client Component SSR]
    ./apps/portal/components/projects/ProjectPage/ProjectPageShell.tsx [Client Component SSR]
    ./apps/portal/components/projects/ProjectPage/ProjectPageFrame.tsx [Client Component SSR]
    ./apps/portal/app/staff/projects/[projectId]/ProjectSnapshotPageClient.tsx [Client Component SSR]
    ./apps/portal/app/staff/projects/[projectId]/ProjectSnapshotPageClient.tsx [Server Component]
    ./apps/portal/app/staff/projects/[projectId]/page.tsx [Server Component] @ http://localhost:3001/_next/static/chunks/node_modules_next_dist_115brz8._.js:3272
[ 2464184ms] [ERROR] ./apps/portal/lib/drawings/state/houseFormGeometryInput.ts:1:1
Export DEFAULT_GUTTER_PROJECTION_MM doesn't exist in target module
>  1 | import {
     | ^^^^^^^
>  2 |   applyHouseReferencePosition,
     | ^^^^^^^^^^^^^^^^^^^^^^^^^^^^^^
>  3 |   applyRoofQa,
     | ^^^^^^^^^^^^^^
>  4 |   buildHouseModel3DFromRawHouseInput,
     | ^^^^^^^^^^^^^^^^^^^^^^^^^^^^^^^^^^^^^
>  5 |   buildHouseReferenceProjectionShape,
     | ^^^^^^^^^^^^^^^^^^^^^^^^^^^^^^^^^^^^^
>  6 |   buildHouseRoofEnvelopeArtifacts,
     | ^^^^^^^^^^^^^^^^^^^^^^^^^^^^^^^^^^
>  7 |   buildHouseRoofModelPipeline,
     | ^^^^^^^^^^^^^^^^^^^^^^^^^^^^^^
>  8 |   composeFootprintFromComposition,
     | ^^^^^^^^^^^^^^^^^^^^^^^^^^^^^^^^^^
>  9 |   composeRoofFromComposition,
     | ^^^^^^^^^^^^^^^^^^^^^^^^^^^^^
> 10 |   DEFAULT_EAVE_OVERHANG_MM,
     | ^^^^^^^^^^^^^^^^^^^^^^^^^^^
> 11 |   DEFAULT_FASCIA_HEIGHT_MM,
     | ^^^^^^^^^^^^^^^^^^^^^^^^^^^
> 12 |   DEFAULT_GUTTER_DEPTH_MM,
     | ^^^^^^^^^^^^^^^^^^^^^^^^^^
> 13 |   DEFAULT_GUTTER_PROJECTION_MM,
     | ^^^^^^^^^^^^^^^^^^^^^^^^^^^^^^^
> 14 |   DEFAULT_GUTTER_WIDTH_MM,
     | ^^^^^^^^^^^^^^^^^^^^^^^^^^
> 15 |   DEFAULT_HOUSE_ROOF_MATERIAL,
     | ^^^^^^^^^^^^^^^^^^^^^^^^^^^^^^
> 16 |   DEFAULT_SOFFIT_DEPTH_MM,
     | ^^^^^^^^^^^^^^^^^^^^^^^^^^
> 17 |   EMPTY_HOUSE_ROOF_STAGE_DIAGNOSTICS,
     | ^^^^^^^^^^^^^^^^^^^^^^^^^^^^^^^^^^^^^
> 18 |   type GeometryTopProjectionShape,
     | ^^^^^^^^^^^^^^^^^^^^^^^^^^^^^^^^^^
> 19 |   type HouseComposition,
     | ^^^^^^^^^^^^^^^^^^^^^^^^
> 20 |   type HouseRoofModelPipelineFailureStage,
     | ^^^^^^^^^^^^^^^^^^^^^^^^^^^^^^^^^^^^^^^^^^
> 21 |   type HouseRoofStageDiagnostics,
     | ^^^^^^^^^^^^^^^^^^^^^^^^^^^^^^^^^
> 22 |   type HouseModel3D,
     | ^^^^^^^^^^^^^^^^^^^^
> 23 |   type RectangleRoofIntent,
     | ^^^^^^^^^^^^^^^^^^^^^^^^^^^
> 24 |   type HouseReferenceGeometry,
     | ^^^^^^^^^^^^^^^^^^^^^^^^^^^^^^
> 25 |   type Polygon3,
     | ^^^^^^^^^^^^^^^^
> 26 |   type RawHouseInput,
     | ^^^^^^^^^^^^^^^^^^^^^
> 27 | } from "@sp/geometry";
     | ^^^^^^^^^^^^^^^^^^^^^^
  28 | import { houseFormTransformToAssemblyPosition } from "./houseFormTransform";
  29 | import { buildHouseFormRawGeometryInput } from "./houseFormRawGeometry";
  30 | import { deriveCompositionUnionPolygon3 } from "./houseFormCompositionFootprint";

The export DEFAULT_GUTTER_PROJECTION_MM was not found in module [project]/packages/geometry/src/index.ts [app-client] (ecmascript).
Did you mean to import EMPTY_HOUSE_ROOF_STAGE_DIAGNOSTICS?
All exports of the module are statically known (It doesn't have dynamic exports). So it's known statically that the requested export doesn't exist.

Import traces:
  Client Component Browser:
    ./apps/portal/lib/drawings/state/houseFormGeometryInput.ts [Client Component Browser]
    ./apps/portal/lib/drawings/state/objectWorkbenchStatusModel.ts [Client Component Browser]
    ./apps/portal/lib/drawings/state/drawingWorkbenchStore.ts [Client Component Browser]
    ./apps/portal/components/projects/ProjectPage/tabs/EstimatesTab.tsx [Client Component Browser]
    ./apps/portal/components/projects/ProjectPage/ProjectMainTabs.tsx [Client Component Browser]
    ./apps/portal/components/projects/ProjectPage/ProjectPageShell.tsx [Client Component Browser]
    ./apps/portal/components/projects/ProjectPage/ProjectPageFrame.tsx [Client Component Browser]
    ./apps/portal/app/staff/projects/[projectId]/ProjectSnapshotPageClient.tsx [Client Component Browser]
    ./apps/portal/app/staff/projects/[projectId]/ProjectSnapshotPageClient.tsx [Server Component]
    ./apps/portal/app/staff/projects/[projectId]/page.tsx [Server Component]

  Client Component SSR:
    ./apps/portal/lib/drawings/state/houseFormGeometryInput.ts [Client Component SSR]
    ./apps/portal/lib/drawings/state/objectWorkbenchStatusModel.ts [Client Component SSR]
    ./apps/portal/lib/drawings/state/drawingWorkbenchStore.ts [Client Component SSR]
    ./apps/portal/components/projects/ProjectPage/tabs/EstimatesTab.tsx [Client Component SSR]
    ./apps/portal/components/projects/ProjectPage/ProjectMainTabs.tsx [Client Component SSR]
    ./apps/portal/components/projects/ProjectPage/ProjectPageShell.tsx [Client Component SSR]
    ./apps/portal/components/projects/ProjectPage/ProjectPageFrame.tsx [Client Component SSR]
    ./apps/portal/app/staff/projects/[projectId]/ProjectSnapshotPageClient.tsx [Client Component SSR]
    ./apps/portal/app/staff/projects/[projectId]/ProjectSnapshotPageClient.tsx [Server Component]
    ./apps/portal/app/staff/projects/[projectId]/page.tsx [Server Component] @ http://localhost:3001/_next/static/chunks/node_modules_next_dist_115brz8._.js:3272
[ 2464185ms] [ERROR] ./apps/portal/lib/drawings/state/houseFormGeometryInput.ts:1:1
Export DEFAULT_GUTTER_PROJECTION_MM doesn't exist in target module
>  1 | import {
     | ^^^^^^^
>  2 |   applyHouseReferencePosition,
     | ^^^^^^^^^^^^^^^^^^^^^^^^^^^^^^
>  3 |   applyRoofQa,
     | ^^^^^^^^^^^^^^
>  4 |   buildHouseModel3DFromRawHouseInput,
     | ^^^^^^^^^^^^^^^^^^^^^^^^^^^^^^^^^^^^^
>  5 |   buildHouseReferenceProjectionShape,
     | ^^^^^^^^^^^^^^^^^^^^^^^^^^^^^^^^^^^^^
>  6 |   buildHouseRoofEnvelopeArtifacts,
     | ^^^^^^^^^^^^^^^^^^^^^^^^^^^^^^^^^^
>  7 |   buildHouseRoofModelPipeline,
     | ^^^^^^^^^^^^^^^^^^^^^^^^^^^^^^
>  8 |   composeFootprintFromComposition,
     | ^^^^^^^^^^^^^^^^^^^^^^^^^^^^^^^^^^
>  9 |   composeRoofFromComposition,
     | ^^^^^^^^^^^^^^^^^^^^^^^^^^^^^
> 10 |   DEFAULT_EAVE_OVERHANG_MM,
     | ^^^^^^^^^^^^^^^^^^^^^^^^^^^
> 11 |   DEFAULT_FASCIA_HEIGHT_MM,
     | ^^^^^^^^^^^^^^^^^^^^^^^^^^^
> 12 |   DEFAULT_GUTTER_DEPTH_MM,
     | ^^^^^^^^^^^^^^^^^^^^^^^^^^
> 13 |   DEFAULT_GUTTER_PROJECTION_MM,
     | ^^^^^^^^^^^^^^^^^^^^^^^^^^^^^^^
> 14 |   DEFAULT_GUTTER_WIDTH_MM,
     | ^^^^^^^^^^^^^^^^^^^^^^^^^^
> 15 |   DEFAULT_HOUSE_ROOF_MATERIAL,
     | ^^^^^^^^^^^^^^^^^^^^^^^^^^^^^^
> 16 |   DEFAULT_SOFFIT_DEPTH_MM,
     | ^^^^^^^^^^^^^^^^^^^^^^^^^^
> 17 |   EMPTY_HOUSE_ROOF_STAGE_DIAGNOSTICS,
     | ^^^^^^^^^^^^^^^^^^^^^^^^^^^^^^^^^^^^^
> 18 |   type GeometryTopProjectionShape,
     | ^^^^^^^^^^^^^^^^^^^^^^^^^^^^^^^^^^
> 19 |   type HouseComposition,
     | ^^^^^^^^^^^^^^^^^^^^^^^^
> 20 |   type HouseRoofModelPipelineFailureStage,
     | ^^^^^^^^^^^^^^^^^^^^^^^^^^^^^^^^^^^^^^^^^^
> 21 |   type HouseRoofStageDiagnostics,
     | ^^^^^^^^^^^^^^^^^^^^^^^^^^^^^^^^^
> 22 |   type HouseModel3D,
     | ^^^^^^^^^^^^^^^^^^^^
> 23 |   type RectangleRoofIntent,
     | ^^^^^^^^^^^^^^^^^^^^^^^^^^^
> 24 |   type HouseReferenceGeometry,
     | ^^^^^^^^^^^^^^^^^^^^^^^^^^^^^^
> 25 |   type Polygon3,
     | ^^^^^^^^^^^^^^^^
> 26 |   type RawHouseInput,
     | ^^^^^^^^^^^^^^^^^^^^^
> 27 | } from "@sp/geometry";
     | ^^^^^^^^^^^^^^^^^^^^^^
  28 | import { houseFormTransformToAssemblyPosition } from "./houseFormTransform";
  29 | import { buildHouseFormRawGeometryInput } from "./houseFormRawGeometry";
  30 | import { deriveCompositionUnionPolygon3 } from "./houseFormCompositionFootprint";

The export DEFAULT_GUTTER_PROJECTION_MM was not found in module [project]/packages/geometry/src/index.ts [app-ssr] (ecmascript).
Did you mean to import EMPTY_HOUSE_ROOF_STAGE_DIAGNOSTICS?
All exports of the module are statically known (It doesn't have dynamic exports). So it's known statically that the requested export doesn't exist.

Import traces:
  Client Component Browser:
    ./apps/portal/lib/drawings/state/houseFormGeometryInput.ts [Client Component Browser]
    ./apps/portal/lib/drawings/state/objectWorkbenchStatusModel.ts [Client Component Browser]
    ./apps/portal/lib/drawings/state/drawingWorkbenchStore.ts [Client Component Browser]
    ./apps/portal/components/projects/ProjectPage/tabs/EstimatesTab.tsx [Client Component Browser]
    ./apps/portal/components/projects/ProjectPage/ProjectMainTabs.tsx [Client Component Browser]
    ./apps/portal/components/projects/ProjectPage/ProjectPageShell.tsx [Client Component Browser]
    ./apps/portal/components/projects/ProjectPage/ProjectPageFrame.tsx [Client Component Browser]
    ./apps/portal/app/staff/projects/[projectId]/ProjectSnapshotPageClient.tsx [Client Component Browser]
    ./apps/portal/app/staff/projects/[projectId]/ProjectSnapshotPageClient.tsx [Server Component]
    ./apps/portal/app/staff/projects/[projectId]/page.tsx [Server Component]

  Client Component SSR:
    ./apps/portal/lib/drawings/state/houseFormGeometryInput.ts [Client Component SSR]
    ./apps/portal/lib/drawings/state/objectWorkbenchStatusModel.ts [Client Component SSR]
    ./apps/portal/lib/drawings/state/drawingWorkbenchStore.ts [Client Component SSR]
    ./apps/portal/components/projects/ProjectPage/tabs/EstimatesTab.tsx [Client Component SSR]
    ./apps/portal/components/projects/ProjectPage/ProjectMainTabs.tsx [Client Component SSR]
    ./apps/portal/components/projects/ProjectPage/ProjectPageShell.tsx [Client Component SSR]
    ./apps/portal/components/projects/ProjectPage/ProjectPageFrame.tsx [Client Component SSR]
    ./apps/portal/app/staff/projects/[projectId]/ProjectSnapshotPageClient.tsx [Client Component SSR]
    ./apps/portal/app/staff/projects/[projectId]/ProjectSnapshotPageClient.tsx [Server Component]
    ./apps/portal/app/staff/projects/[projectId]/page.tsx [Server Component] @ http://localhost:3001/_next/static/chunks/node_modules_next_dist_115brz8._.js:3272
[ 2464185ms] [ERROR] ./apps/portal/lib/drawings/state/houseFormGeometryInput.ts:1:1
Export DEFAULT_GUTTER_WIDTH_MM doesn't exist in target module
>  1 | import {
     | ^^^^^^^
>  2 |   applyHouseReferencePosition,
     | ^^^^^^^^^^^^^^^^^^^^^^^^^^^^^^
>  3 |   applyRoofQa,
     | ^^^^^^^^^^^^^^
>  4 |   buildHouseModel3DFromRawHouseInput,
     | ^^^^^^^^^^^^^^^^^^^^^^^^^^^^^^^^^^^^^
>  5 |   buildHouseReferenceProjectionShape,
     | ^^^^^^^^^^^^^^^^^^^^^^^^^^^^^^^^^^^^^
>  6 |   buildHouseRoofEnvelopeArtifacts,
     | ^^^^^^^^^^^^^^^^^^^^^^^^^^^^^^^^^^
>  7 |   buildHouseRoofModelPipeline,
     | ^^^^^^^^^^^^^^^^^^^^^^^^^^^^^^
>  8 |   composeFootprintFromComposition,
     | ^^^^^^^^^^^^^^^^^^^^^^^^^^^^^^^^^^
>  9 |   composeRoofFromComposition,
     | ^^^^^^^^^^^^^^^^^^^^^^^^^^^^^
> 10 |   DEFAULT_EAVE_OVERHANG_MM,
     | ^^^^^^^^^^^^^^^^^^^^^^^^^^^
> 11 |   DEFAULT_FASCIA_HEIGHT_MM,
     | ^^^^^^^^^^^^^^^^^^^^^^^^^^^
> 12 |   DEFAULT_GUTTER_DEPTH_MM,
     | ^^^^^^^^^^^^^^^^^^^^^^^^^^
> 13 |   DEFAULT_GUTTER_PROJECTION_MM,
     | ^^^^^^^^^^^^^^^^^^^^^^^^^^^^^^^
> 14 |   DEFAULT_GUTTER_WIDTH_MM,
     | ^^^^^^^^^^^^^^^^^^^^^^^^^^
> 15 |   DEFAULT_HOUSE_ROOF_MATERIAL,
     | ^^^^^^^^^^^^^^^^^^^^^^^^^^^^^^
> 16 |   DEFAULT_SOFFIT_DEPTH_MM,
     | ^^^^^^^^^^^^^^^^^^^^^^^^^^
> 17 |   EMPTY_HOUSE_ROOF_STAGE_DIAGNOSTICS,
     | ^^^^^^^^^^^^^^^^^^^^^^^^^^^^^^^^^^^^^
> 18 |   type GeometryTopProjectionShape,
     | ^^^^^^^^^^^^^^^^^^^^^^^^^^^^^^^^^^
> 19 |   type HouseComposition,
     | ^^^^^^^^^^^^^^^^^^^^^^^^
> 20 |   type HouseRoofModelPipelineFailureStage,
     | ^^^^^^^^^^^^^^^^^^^^^^^^^^^^^^^^^^^^^^^^^^
> 21 |   type HouseRoofStageDiagnostics,
     | ^^^^^^^^^^^^^^^^^^^^^^^^^^^^^^^^^
> 22 |   type HouseModel3D,
     | ^^^^^^^^^^^^^^^^^^^^
> 23 |   type RectangleRoofIntent,
     | ^^^^^^^^^^^^^^^^^^^^^^^^^^^
> 24 |   type HouseReferenceGeometry,
     | ^^^^^^^^^^^^^^^^^^^^^^^^^^^^^^
> 25 |   type Polygon3,
     | ^^^^^^^^^^^^^^^^
> 26 |   type RawHouseInput,
     | ^^^^^^^^^^^^^^^^^^^^^
> 27 | } from "@sp/geometry";
     | ^^^^^^^^^^^^^^^^^^^^^^
  28 | import { houseFormTransformToAssemblyPosition } from "./houseFormTransform";
  29 | import { buildHouseFormRawGeometryInput } from "./houseFormRawGeometry";
  30 | import { deriveCompositionUnionPolygon3 } from "./houseFormCompositionFootprint";

The export DEFAULT_GUTTER_WIDTH_MM was not found in module [project]/packages/geometry/src/index.ts [app-client] (ecmascript).
Did you mean to import EMPTY_HOUSE_ROOF_STAGE_DIAGNOSTICS?
All exports of the module are statically known (It doesn't have dynamic exports). So it's known statically that the requested export doesn't exist.

Import traces:
  Client Component Browser:
    ./apps/portal/lib/drawings/state/houseFormGeometryInput.ts [Client Component Browser]
    ./apps/portal/lib/drawings/state/objectWorkbenchStatusModel.ts [Client Component Browser]
    ./apps/portal/lib/drawings/state/drawingWorkbenchStore.ts [Client Component Browser]
    ./apps/portal/components/projects/ProjectPage/tabs/EstimatesTab.tsx [Client Component Browser]
    ./apps/portal/components/projects/ProjectPage/ProjectMainTabs.tsx [Client Component Browser]
    ./apps/portal/components/projects/ProjectPage/ProjectPageShell.tsx [Client Component Browser]
    ./apps/portal/components/projects/ProjectPage/ProjectPageFrame.tsx [Client Component Browser]
    ./apps/portal/app/staff/projects/[projectId]/ProjectSnapshotPageClient.tsx [Client Component Browser]
    ./apps/portal/app/staff/projects/[projectId]/ProjectSnapshotPageClient.tsx [Server Component]
    ./apps/portal/app/staff/projects/[projectId]/page.tsx [Server Component]

  Client Component SSR:
    ./apps/portal/lib/drawings/state/houseFormGeometryInput.ts [Client Component SSR]
    ./apps/portal/lib/drawings/state/objectWorkbenchStatusModel.ts [Client Component SSR]
    ./apps/portal/lib/drawings/state/drawingWorkbenchStore.ts [Client Component SSR]
    ./apps/portal/components/projects/ProjectPage/tabs/EstimatesTab.tsx [Client Component SSR]
    ./apps/portal/components/projects/ProjectPage/ProjectMainTabs.tsx [Client Component SSR]
    ./apps/portal/components/projects/ProjectPage/ProjectPageShell.tsx [Client Component SSR]
    ./apps/portal/components/projects/ProjectPage/ProjectPageFrame.tsx [Client Component SSR]
    ./apps/portal/app/staff/projects/[projectId]/ProjectSnapshotPageClient.tsx [Client Component SSR]
    ./apps/portal/app/staff/projects/[projectId]/ProjectSnapshotPageClient.tsx [Server Component]
    ./apps/portal/app/staff/projects/[projectId]/page.tsx [Server Component] @ http://localhost:3001/_next/static/chunks/node_modules_next_dist_115brz8._.js:3272
[ 2464186ms] [ERROR] ./apps/portal/lib/drawings/state/houseFormGeometryInput.ts:1:1
Export DEFAULT_GUTTER_WIDTH_MM doesn't exist in target module
>  1 | import {
     | ^^^^^^^
>  2 |   applyHouseReferencePosition,
     | ^^^^^^^^^^^^^^^^^^^^^^^^^^^^^^
>  3 |   applyRoofQa,
     | ^^^^^^^^^^^^^^
>  4 |   buildHouseModel3DFromRawHouseInput,
     | ^^^^^^^^^^^^^^^^^^^^^^^^^^^^^^^^^^^^^
>  5 |   buildHouseReferenceProjectionShape,
     | ^^^^^^^^^^^^^^^^^^^^^^^^^^^^^^^^^^^^^
>  6 |   buildHouseRoofEnvelopeArtifacts,
     | ^^^^^^^^^^^^^^^^^^^^^^^^^^^^^^^^^^
>  7 |   buildHouseRoofModelPipeline,
     | ^^^^^^^^^^^^^^^^^^^^^^^^^^^^^^
>  8 |   composeFootprintFromComposition,
     | ^^^^^^^^^^^^^^^^^^^^^^^^^^^^^^^^^^
>  9 |   composeRoofFromComposition,
     | ^^^^^^^^^^^^^^^^^^^^^^^^^^^^^
> 10 |   DEFAULT_EAVE_OVERHANG_MM,
     | ^^^^^^^^^^^^^^^^^^^^^^^^^^^
> 11 |   DEFAULT_FASCIA_HEIGHT_MM,
     | ^^^^^^^^^^^^^^^^^^^^^^^^^^^
> 12 |   DEFAULT_GUTTER_DEPTH_MM,
     | ^^^^^^^^^^^^^^^^^^^^^^^^^^
> 13 |   DEFAULT_GUTTER_PROJECTION_MM,
     | ^^^^^^^^^^^^^^^^^^^^^^^^^^^^^^^
> 14 |   DEFAULT_GUTTER_WIDTH_MM,
     | ^^^^^^^^^^^^^^^^^^^^^^^^^^
> 15 |   DEFAULT_HOUSE_ROOF_MATERIAL,
     | ^^^^^^^^^^^^^^^^^^^^^^^^^^^^^^
> 16 |   DEFAULT_SOFFIT_DEPTH_MM,
     | ^^^^^^^^^^^^^^^^^^^^^^^^^^
> 17 |   EMPTY_HOUSE_ROOF_STAGE_DIAGNOSTICS,
     | ^^^^^^^^^^^^^^^^^^^^^^^^^^^^^^^^^^^^^
> 18 |   type GeometryTopProjectionShape,
     | ^^^^^^^^^^^^^^^^^^^^^^^^^^^^^^^^^^
> 19 |   type HouseComposition,
     | ^^^^^^^^^^^^^^^^^^^^^^^^
> 20 |   type HouseRoofModelPipelineFailureStage,
     | ^^^^^^^^^^^^^^^^^^^^^^^^^^^^^^^^^^^^^^^^^^
> 21 |   type HouseRoofStageDiagnostics,
     | ^^^^^^^^^^^^^^^^^^^^^^^^^^^^^^^^^
> 22 |   type HouseModel3D,
     | ^^^^^^^^^^^^^^^^^^^^
> 23 |   type RectangleRoofIntent,
     | ^^^^^^^^^^^^^^^^^^^^^^^^^^^
> 24 |   type HouseReferenceGeometry,
     | ^^^^^^^^^^^^^^^^^^^^^^^^^^^^^^
> 25 |   type Polygon3,
     | ^^^^^^^^^^^^^^^^
> 26 |   type RawHouseInput,
     | ^^^^^^^^^^^^^^^^^^^^^
> 27 | } from "@sp/geometry";
     | ^^^^^^^^^^^^^^^^^^^^^^
  28 | import { houseFormTransformToAssemblyPosition } from "./houseFormTransform";
  29 | import { buildHouseFormRawGeometryInput } from "./houseFormRawGeometry";
  30 | import { deriveCompositionUnionPolygon3 } from "./houseFormCompositionFootprint";

The export DEFAULT_GUTTER_WIDTH_MM was not found in module [project]/packages/geometry/src/index.ts [app-ssr] (ecmascript).
Did you mean to import EMPTY_HOUSE_ROOF_STAGE_DIAGNOSTICS?
All exports of the module are statically known (It doesn't have dynamic exports). So it's known statically that the requested export doesn't exist.

Import traces:
  Client Component Browser:
    ./apps/portal/lib/drawings/state/houseFormGeometryInput.ts [Client Component Browser]
    ./apps/portal/lib/drawings/state/objectWorkbenchStatusModel.ts [Client Component Browser]
    ./apps/portal/lib/drawings/state/drawingWorkbenchStore.ts [Client Component Browser]
    ./apps/portal/components/projects/ProjectPage/tabs/EstimatesTab.tsx [Client Component Browser]
    ./apps/portal/components/projects/ProjectPage/ProjectMainTabs.tsx [Client Component Browser]
    ./apps/portal/components/projects/ProjectPage/ProjectPageShell.tsx [Client Component Browser]
    ./apps/portal/components/projects/ProjectPage/ProjectPageFrame.tsx [Client Component Browser]
    ./apps/portal/app/staff/projects/[projectId]/ProjectSnapshotPageClient.tsx [Client Component Browser]
    ./apps/portal/app/staff/projects/[projectId]/ProjectSnapshotPageClient.tsx [Server Component]
    ./apps/portal/app/staff/projects/[projectId]/page.tsx [Server Component]

  Client Component SSR:
    ./apps/portal/lib/drawings/state/houseFormGeometryInput.ts [Client Component SSR]
    ./apps/portal/lib/drawings/state/objectWorkbenchStatusModel.ts [Client Component SSR]
    ./apps/portal/lib/drawings/state/drawingWorkbenchStore.ts [Client Component SSR]
    ./apps/portal/components/projects/ProjectPage/tabs/EstimatesTab.tsx [Client Component SSR]
    ./apps/portal/components/projects/ProjectPage/ProjectMainTabs.tsx [Client Component SSR]
    ./apps/portal/components/projects/ProjectPage/ProjectPageShell.tsx [Client Component SSR]
    ./apps/portal/components/projects/ProjectPage/ProjectPageFrame.tsx [Client Component SSR]
    ./apps/portal/app/staff/projects/[projectId]/ProjectSnapshotPageClient.tsx [Client Component SSR]
    ./apps/portal/app/staff/projects/[projectId]/ProjectSnapshotPageClient.tsx [Server Component]
    ./apps/portal/app/staff/projects/[projectId]/page.tsx [Server Component] @ http://localhost:3001/_next/static/chunks/node_modules_next_dist_115brz8._.js:3272
[ 2464186ms] [ERROR] ./apps/portal/lib/drawings/state/houseFormGeometryInput.ts:1:1
Export DEFAULT_HOUSE_ROOF_MATERIAL doesn't exist in target module
>  1 | import {
     | ^^^^^^^
>  2 |   applyHouseReferencePosition,
     | ^^^^^^^^^^^^^^^^^^^^^^^^^^^^^^
>  3 |   applyRoofQa,
     | ^^^^^^^^^^^^^^
>  4 |   buildHouseModel3DFromRawHouseInput,
     | ^^^^^^^^^^^^^^^^^^^^^^^^^^^^^^^^^^^^^
>  5 |   buildHouseReferenceProjectionShape,
     | ^^^^^^^^^^^^^^^^^^^^^^^^^^^^^^^^^^^^^
>  6 |   buildHouseRoofEnvelopeArtifacts,
     | ^^^^^^^^^^^^^^^^^^^^^^^^^^^^^^^^^^
>  7 |   buildHouseRoofModelPipeline,
     | ^^^^^^^^^^^^^^^^^^^^^^^^^^^^^^
>  8 |   composeFootprintFromComposition,
     | ^^^^^^^^^^^^^^^^^^^^^^^^^^^^^^^^^^
>  9 |   composeRoofFromComposition,
     | ^^^^^^^^^^^^^^^^^^^^^^^^^^^^^
> 10 |   DEFAULT_EAVE_OVERHANG_MM,
     | ^^^^^^^^^^^^^^^^^^^^^^^^^^^
> 11 |   DEFAULT_FASCIA_HEIGHT_MM,
     | ^^^^^^^^^^^^^^^^^^^^^^^^^^^
> 12 |   DEFAULT_GUTTER_DEPTH_MM,
     | ^^^^^^^^^^^^^^^^^^^^^^^^^^
> 13 |   DEFAULT_GUTTER_PROJECTION_MM,
     | ^^^^^^^^^^^^^^^^^^^^^^^^^^^^^^^
> 14 |   DEFAULT_GUTTER_WIDTH_MM,
     | ^^^^^^^^^^^^^^^^^^^^^^^^^^
> 15 |   DEFAULT_HOUSE_ROOF_MATERIAL,
     | ^^^^^^^^^^^^^^^^^^^^^^^^^^^^^^
> 16 |   DEFAULT_SOFFIT_DEPTH_MM,
     | ^^^^^^^^^^^^^^^^^^^^^^^^^^
> 17 |   EMPTY_HOUSE_ROOF_STAGE_DIAGNOSTICS,
     | ^^^^^^^^^^^^^^^^^^^^^^^^^^^^^^^^^^^^^
> 18 |   type GeometryTopProjectionShape,
     | ^^^^^^^^^^^^^^^^^^^^^^^^^^^^^^^^^^
> 19 |   type HouseComposition,
     | ^^^^^^^^^^^^^^^^^^^^^^^^
> 20 |   type HouseRoofModelPipelineFailureStage,
     | ^^^^^^^^^^^^^^^^^^^^^^^^^^^^^^^^^^^^^^^^^^
> 21 |   type HouseRoofStageDiagnostics,
     | ^^^^^^^^^^^^^^^^^^^^^^^^^^^^^^^^^
> 22 |   type HouseModel3D,
     | ^^^^^^^^^^^^^^^^^^^^
> 23 |   type RectangleRoofIntent,
     | ^^^^^^^^^^^^^^^^^^^^^^^^^^^
> 24 |   type HouseReferenceGeometry,
     | ^^^^^^^^^^^^^^^^^^^^^^^^^^^^^^
> 25 |   type Polygon3,
     | ^^^^^^^^^^^^^^^^
> 26 |   type RawHouseInput,
     | ^^^^^^^^^^^^^^^^^^^^^
> 27 | } from "@sp/geometry";
     | ^^^^^^^^^^^^^^^^^^^^^^
  28 | import { houseFormTransformToAssemblyPosition } from "./houseFormTransform";
  29 | import { buildHouseFormRawGeometryInput } from "./houseFormRawGeometry";
  30 | import { deriveCompositionUnionPolygon3 } from "./houseFormCompositionFootprint";

The export DEFAULT_HOUSE_ROOF_MATERIAL was not found in module [project]/packages/geometry/src/index.ts [app-client] (ecmascript).
Did you mean to import HOUSE_ROOF_FORM_BEHAVIORS?
All exports of the module are statically known (It doesn't have dynamic exports). So it's known statically that the requested export doesn't exist.

Import traces:
  Client Component Browser:
    ./apps/portal/lib/drawings/state/houseFormGeometryInput.ts [Client Component Browser]
    ./apps/portal/lib/drawings/state/objectWorkbenchStatusModel.ts [Client Component Browser]
    ./apps/portal/lib/drawings/state/drawingWorkbenchStore.ts [Client Component Browser]
    ./apps/portal/components/projects/ProjectPage/tabs/EstimatesTab.tsx [Client Component Browser]
    ./apps/portal/components/projects/ProjectPage/ProjectMainTabs.tsx [Client Component Browser]
    ./apps/portal/components/projects/ProjectPage/ProjectPageShell.tsx [Client Component Browser]
    ./apps/portal/components/projects/ProjectPage/ProjectPageFrame.tsx [Client Component Browser]
    ./apps/portal/app/staff/projects/[projectId]/ProjectSnapshotPageClient.tsx [Client Component Browser]
    ./apps/portal/app/staff/projects/[projectId]/ProjectSnapshotPageClient.tsx [Server Component]
    ./apps/portal/app/staff/projects/[projectId]/page.tsx [Server Component]

  Client Component SSR:
    ./apps/portal/lib/drawings/state/houseFormGeometryInput.ts [Client Component SSR]
    ./apps/portal/lib/drawings/state/objectWorkbenchStatusModel.ts [Client Component SSR]
    ./apps/portal/lib/drawings/state/drawingWorkbenchStore.ts [Client Component SSR]
    ./apps/portal/components/projects/ProjectPage/tabs/EstimatesTab.tsx [Client Component SSR]
    ./apps/portal/components/projects/ProjectPage/ProjectMainTabs.tsx [Client Component SSR]
    ./apps/portal/components/projects/ProjectPage/ProjectPageShell.tsx [Client Component SSR]
    ./apps/portal/components/projects/ProjectPage/ProjectPageFrame.tsx [Client Component SSR]
    ./apps/portal/app/staff/projects/[projectId]/ProjectSnapshotPageClient.tsx [Client Component SSR]
    ./apps/portal/app/staff/projects/[projectId]/ProjectSnapshotPageClient.tsx [Server Component]
    ./apps/portal/app/staff/projects/[projectId]/page.tsx [Server Component] @ http://localhost:3001/_next/static/chunks/node_modules_next_dist_115brz8._.js:3272
[ 2464186ms] [ERROR] ./apps/portal/lib/drawings/state/houseFormGeometryInput.ts:1:1
Export DEFAULT_HOUSE_ROOF_MATERIAL doesn't exist in target module
>  1 | import {
     | ^^^^^^^
>  2 |   applyHouseReferencePosition,
     | ^^^^^^^^^^^^^^^^^^^^^^^^^^^^^^
>  3 |   applyRoofQa,
     | ^^^^^^^^^^^^^^
>  4 |   buildHouseModel3DFromRawHouseInput,
     | ^^^^^^^^^^^^^^^^^^^^^^^^^^^^^^^^^^^^^
>  5 |   buildHouseReferenceProjectionShape,
     | ^^^^^^^^^^^^^^^^^^^^^^^^^^^^^^^^^^^^^
>  6 |   buildHouseRoofEnvelopeArtifacts,
     | ^^^^^^^^^^^^^^^^^^^^^^^^^^^^^^^^^^
>  7 |   buildHouseRoofModelPipeline,
     | ^^^^^^^^^^^^^^^^^^^^^^^^^^^^^^
>  8 |   composeFootprintFromComposition,
     | ^^^^^^^^^^^^^^^^^^^^^^^^^^^^^^^^^^
>  9 |   composeRoofFromComposition,
     | ^^^^^^^^^^^^^^^^^^^^^^^^^^^^^
> 10 |   DEFAULT_EAVE_OVERHANG_MM,
     | ^^^^^^^^^^^^^^^^^^^^^^^^^^^
> 11 |   DEFAULT_FASCIA_HEIGHT_MM,
     | ^^^^^^^^^^^^^^^^^^^^^^^^^^^
> 12 |   DEFAULT_GUTTER_DEPTH_MM,
     | ^^^^^^^^^^^^^^^^^^^^^^^^^^
> 13 |   DEFAULT_GUTTER_PROJECTION_MM,
     | ^^^^^^^^^^^^^^^^^^^^^^^^^^^^^^^
> 14 |   DEFAULT_GUTTER_WIDTH_MM,
     | ^^^^^^^^^^^^^^^^^^^^^^^^^^
> 15 |   DEFAULT_HOUSE_ROOF_MATERIAL,
     | ^^^^^^^^^^^^^^^^^^^^^^^^^^^^^^
> 16 |   DEFAULT_SOFFIT_DEPTH_MM,
     | ^^^^^^^^^^^^^^^^^^^^^^^^^^
> 17 |   EMPTY_HOUSE_ROOF_STAGE_DIAGNOSTICS,
     | ^^^^^^^^^^^^^^^^^^^^^^^^^^^^^^^^^^^^^
> 18 |   type GeometryTopProjectionShape,
     | ^^^^^^^^^^^^^^^^^^^^^^^^^^^^^^^^^^
> 19 |   type HouseComposition,
     | ^^^^^^^^^^^^^^^^^^^^^^^^
> 20 |   type HouseRoofModelPipelineFailureStage,
     | ^^^^^^^^^^^^^^^^^^^^^^^^^^^^^^^^^^^^^^^^^^
> 21 |   type HouseRoofStageDiagnostics,
     | ^^^^^^^^^^^^^^^^^^^^^^^^^^^^^^^^^
> 22 |   type HouseModel3D,
     | ^^^^^^^^^^^^^^^^^^^^
> 23 |   type RectangleRoofIntent,
     | ^^^^^^^^^^^^^^^^^^^^^^^^^^^
> 24 |   type HouseReferenceGeometry,
     | ^^^^^^^^^^^^^^^^^^^^^^^^^^^^^^
> 25 |   type Polygon3,
     | ^^^^^^^^^^^^^^^^
> 26 |   type RawHouseInput,
     | ^^^^^^^^^^^^^^^^^^^^^
> 27 | } from "@sp/geometry";
     | ^^^^^^^^^^^^^^^^^^^^^^
  28 | import { houseFormTransformToAssemblyPosition } from "./houseFormTransform";
  29 | import { buildHouseFormRawGeometryInput } from "./houseFormRawGeometry";
  30 | import { deriveCompositionUnionPolygon3 } from "./houseFormCompositionFootprint";

The export DEFAULT_HOUSE_ROOF_MATERIAL was not found in module [project]/packages/geometry/src/index.ts [app-ssr] (ecmascript).
Did you mean to import HOUSE_ROOF_FORM_BEHAVIORS?
All exports of the module are statically known (It doesn't have dynamic exports). So it's known statically that the requested export doesn't exist.

Import traces:
  Client Component Browser:
    ./apps/portal/lib/drawings/state/houseFormGeometryInput.ts [Client Component Browser]
    ./apps/portal/lib/drawings/state/objectWorkbenchStatusModel.ts [Client Component Browser]
    ./apps/portal/lib/drawings/state/drawingWorkbenchStore.ts [Client Component Browser]
    ./apps/portal/components/projects/ProjectPage/tabs/EstimatesTab.tsx [Client Component Browser]
    ./apps/portal/components/projects/ProjectPage/ProjectMainTabs.tsx [Client Component Browser]
    ./apps/portal/components/projects/ProjectPage/ProjectPageShell.tsx [Client Component Browser]
    ./apps/portal/components/projects/ProjectPage/ProjectPageFrame.tsx [Client Component Browser]
    ./apps/portal/app/staff/projects/[projectId]/ProjectSnapshotPageClient.tsx [Client Component Browser]
    ./apps/portal/app/staff/projects/[projectId]/ProjectSnapshotPageClient.tsx [Server Component]
    ./apps/portal/app/staff/projects/[projectId]/page.tsx [Server Component]

  Client Component SSR:
    ./apps/portal/lib/drawings/state/houseFormGeometryInput.ts [Client Component SSR]
    ./apps/portal/lib/drawings/state/objectWorkbenchStatusModel.ts [Client Component SSR]
    ./apps/portal/lib/drawings/state/drawingWorkbenchStore.ts [Client Component SSR]
    ./apps/portal/components/projects/ProjectPage/tabs/EstimatesTab.tsx [Client Component SSR]
    ./apps/portal/components/projects/ProjectPage/ProjectMainTabs.tsx [Client Component SSR]
    ./apps/portal/components/projects/ProjectPage/ProjectPageShell.tsx [Client Component SSR]
    ./apps/portal/components/projects/ProjectPage/ProjectPageFrame.tsx [Client Component SSR]
    ./apps/portal/app/staff/projects/[projectId]/ProjectSnapshotPageClient.tsx [Client Component SSR]
    ./apps/portal/app/staff/projects/[projectId]/ProjectSnapshotPageClient.tsx [Server Component]
    ./apps/portal/app/staff/projects/[projectId]/page.tsx [Server Component] @ http://localhost:3001/_next/static/chunks/node_modules_next_dist_115brz8._.js:3272
[ 2464186ms] [ERROR] ./apps/portal/lib/drawings/state/houseFormGeometryInput.ts:1:1
Export DEFAULT_SOFFIT_DEPTH_MM doesn't exist in target module
>  1 | import {
     | ^^^^^^^
>  2 |   applyHouseReferencePosition,
     | ^^^^^^^^^^^^^^^^^^^^^^^^^^^^^^
>  3 |   applyRoofQa,
     | ^^^^^^^^^^^^^^
>  4 |   buildHouseModel3DFromRawHouseInput,
     | ^^^^^^^^^^^^^^^^^^^^^^^^^^^^^^^^^^^^^
>  5 |   buildHouseReferenceProjectionShape,
     | ^^^^^^^^^^^^^^^^^^^^^^^^^^^^^^^^^^^^^
>  6 |   buildHouseRoofEnvelopeArtifacts,
     | ^^^^^^^^^^^^^^^^^^^^^^^^^^^^^^^^^^
>  7 |   buildHouseRoofModelPipeline,
     | ^^^^^^^^^^^^^^^^^^^^^^^^^^^^^^
>  8 |   composeFootprintFromComposition,
     | ^^^^^^^^^^^^^^^^^^^^^^^^^^^^^^^^^^
>  9 |   composeRoofFromComposition,
     | ^^^^^^^^^^^^^^^^^^^^^^^^^^^^^
> 10 |   DEFAULT_EAVE_OVERHANG_MM,
     | ^^^^^^^^^^^^^^^^^^^^^^^^^^^
> 11 |   DEFAULT_FASCIA_HEIGHT_MM,
     | ^^^^^^^^^^^^^^^^^^^^^^^^^^^
> 12 |   DEFAULT_GUTTER_DEPTH_MM,
     | ^^^^^^^^^^^^^^^^^^^^^^^^^^
> 13 |   DEFAULT_GUTTER_PROJECTION_MM,
     | ^^^^^^^^^^^^^^^^^^^^^^^^^^^^^^^
> 14 |   DEFAULT_GUTTER_WIDTH_MM,
     | ^^^^^^^^^^^^^^^^^^^^^^^^^^
> 15 |   DEFAULT_HOUSE_ROOF_MATERIAL,
     | ^^^^^^^^^^^^^^^^^^^^^^^^^^^^^^
> 16 |   DEFAULT_SOFFIT_DEPTH_MM,
     | ^^^^^^^^^^^^^^^^^^^^^^^^^^
> 17 |   EMPTY_HOUSE_ROOF_STAGE_DIAGNOSTICS,
     | ^^^^^^^^^^^^^^^^^^^^^^^^^^^^^^^^^^^^^
> 18 |   type GeometryTopProjectionShape,
     | ^^^^^^^^^^^^^^^^^^^^^^^^^^^^^^^^^^
> 19 |   type HouseComposition,
     | ^^^^^^^^^^^^^^^^^^^^^^^^
> 20 |   type HouseRoofModelPipelineFailureStage,
     | ^^^^^^^^^^^^^^^^^^^^^^^^^^^^^^^^^^^^^^^^^^
> 21 |   type HouseRoofStageDiagnostics,
     | ^^^^^^^^^^^^^^^^^^^^^^^^^^^^^^^^^
> 22 |   type HouseModel3D,
     | ^^^^^^^^^^^^^^^^^^^^
> 23 |   type RectangleRoofIntent,
     | ^^^^^^^^^^^^^^^^^^^^^^^^^^^
> 24 |   type HouseReferenceGeometry,
     | ^^^^^^^^^^^^^^^^^^^^^^^^^^^^^^
> 25 |   type Polygon3,
     | ^^^^^^^^^^^^^^^^
> 26 |   type RawHouseInput,
     | ^^^^^^^^^^^^^^^^^^^^^
> 27 | } from "@sp/geometry";
     | ^^^^^^^^^^^^^^^^^^^^^^
  28 | import { houseFormTransformToAssemblyPosition } from "./houseFormTransform";
  29 | import { buildHouseFormRawGeometryInput } from "./houseFormRawGeometry";
  30 | import { deriveCompositionUnionPolygon3 } from "./houseFormCompositionFootprint";

The export DEFAULT_SOFFIT_DEPTH_MM was not found in module [project]/packages/geometry/src/index.ts [app-client] (ecmascript).
Did you mean to import EMPTY_HOUSE_ROOF_STAGE_DIAGNOSTICS?
All exports of the module are statically known (It doesn't have dynamic exports). So it's known statically that the requested export doesn't exist.

Import traces:
  Client Component Browser:
    ./apps/portal/lib/drawings/state/houseFormGeometryInput.ts [Client Component Browser]
    ./apps/portal/lib/drawings/state/objectWorkbenchStatusModel.ts [Client Component Browser]
    ./apps/portal/lib/drawings/state/drawingWorkbenchStore.ts [Client Component Browser]
    ./apps/portal/components/projects/ProjectPage/tabs/EstimatesTab.tsx [Client Component Browser]
    ./apps/portal/components/projects/ProjectPage/ProjectMainTabs.tsx [Client Component Browser]
    ./apps/portal/components/projects/ProjectPage/ProjectPageShell.tsx [Client Component Browser]
    ./apps/portal/components/projects/ProjectPage/ProjectPageFrame.tsx [Client Component Browser]
    ./apps/portal/app/staff/projects/[projectId]/ProjectSnapshotPageClient.tsx [Client Component Browser]
    ./apps/portal/app/staff/projects/[projectId]/ProjectSnapshotPageClient.tsx [Server Component]
    ./apps/portal/app/staff/projects/[projectId]/page.tsx [Server Component]

  Client Component SSR:
    ./apps/portal/lib/drawings/state/houseFormGeometryInput.ts [Client Component SSR]
    ./apps/portal/lib/drawings/state/objectWorkbenchStatusModel.ts [Client Component SSR]
    ./apps/portal/lib/drawings/state/drawingWorkbenchStore.ts [Client Component SSR]
    ./apps/portal/components/projects/ProjectPage/tabs/EstimatesTab.tsx [Client Component SSR]
    ./apps/portal/components/projects/ProjectPage/ProjectMainTabs.tsx [Client Component SSR]
    ./apps/portal/components/projects/ProjectPage/ProjectPageShell.tsx [Client Component SSR]
    ./apps/portal/components/projects/ProjectPage/ProjectPageFrame.tsx [Client Component SSR]
    ./apps/portal/app/staff/projects/[projectId]/ProjectSnapshotPageClient.tsx [Client Component SSR]
    ./apps/portal/app/staff/projects/[projectId]/ProjectSnapshotPageClient.tsx [Server Component]
    ./apps/portal/app/staff/projects/[projectId]/page.tsx [Server Component] @ http://localhost:3001/_next/static/chunks/node_modules_next_dist_115brz8._.js:3272
[ 2464186ms] [ERROR] ./apps/portal/lib/drawings/state/houseFormGeometryInput.ts:1:1
Export DEFAULT_SOFFIT_DEPTH_MM doesn't exist in target module
>  1 | import {
     | ^^^^^^^
>  2 |   applyHouseReferencePosition,
     | ^^^^^^^^^^^^^^^^^^^^^^^^^^^^^^
>  3 |   applyRoofQa,
     | ^^^^^^^^^^^^^^
>  4 |   buildHouseModel3DFromRawHouseInput,
     | ^^^^^^^^^^^^^^^^^^^^^^^^^^^^^^^^^^^^^
>  5 |   buildHouseReferenceProjectionShape,
     | ^^^^^^^^^^^^^^^^^^^^^^^^^^^^^^^^^^^^^
>  6 |   buildHouseRoofEnvelopeArtifacts,
     | ^^^^^^^^^^^^^^^^^^^^^^^^^^^^^^^^^^
>  7 |   buildHouseRoofModelPipeline,
     | ^^^^^^^^^^^^^^^^^^^^^^^^^^^^^^
>  8 |   composeFootprintFromComposition,
     | ^^^^^^^^^^^^^^^^^^^^^^^^^^^^^^^^^^
>  9 |   composeRoofFromComposition,
     | ^^^^^^^^^^^^^^^^^^^^^^^^^^^^^
> 10 |   DEFAULT_EAVE_OVERHANG_MM,
     | ^^^^^^^^^^^^^^^^^^^^^^^^^^^
> 11 |   DEFAULT_FASCIA_HEIGHT_MM,
     | ^^^^^^^^^^^^^^^^^^^^^^^^^^^
> 12 |   DEFAULT_GUTTER_DEPTH_MM,
     | ^^^^^^^^^^^^^^^^^^^^^^^^^^
> 13 |   DEFAULT_GUTTER_PROJECTION_MM,
     | ^^^^^^^^^^^^^^^^^^^^^^^^^^^^^^^
> 14 |   DEFAULT_GUTTER_WIDTH_MM,
     | ^^^^^^^^^^^^^^^^^^^^^^^^^^
> 15 |   DEFAULT_HOUSE_ROOF_MATERIAL,
     | ^^^^^^^^^^^^^^^^^^^^^^^^^^^^^^
> 16 |   DEFAULT_SOFFIT_DEPTH_MM,
     | ^^^^^^^^^^^^^^^^^^^^^^^^^^
> 17 |   EMPTY_HOUSE_ROOF_STAGE_DIAGNOSTICS,
     | ^^^^^^^^^^^^^^^^^^^^^^^^^^^^^^^^^^^^^
> 18 |   type GeometryTopProjectionShape,
     | ^^^^^^^^^^^^^^^^^^^^^^^^^^^^^^^^^^
> 19 |   type HouseComposition,
     | ^^^^^^^^^^^^^^^^^^^^^^^^
> 20 |   type HouseRoofModelPipelineFailureStage,
     | ^^^^^^^^^^^^^^^^^^^^^^^^^^^^^^^^^^^^^^^^^^
> 21 |   type HouseRoofStageDiagnostics,
     | ^^^^^^^^^^^^^^^^^^^^^^^^^^^^^^^^^
> 22 |   type HouseModel3D,
     | ^^^^^^^^^^^^^^^^^^^^
> 23 |   type RectangleRoofIntent,
     | ^^^^^^^^^^^^^^^^^^^^^^^^^^^
> 24 |   type HouseReferenceGeometry,
     | ^^^^^^^^^^^^^^^^^^^^^^^^^^^^^^
> 25 |   type Polygon3,
     | ^^^^^^^^^^^^^^^^
> 26 |   type RawHouseInput,
     | ^^^^^^^^^^^^^^^^^^^^^
> 27 | } from "@sp/geometry";
     | ^^^^^^^^^^^^^^^^^^^^^^
  28 | import { houseFormTransformToAssemblyPosition } from "./houseFormTransform";
  29 | import { buildHouseFormRawGeometryInput } from "./houseFormRawGeometry";
  30 | import { deriveCompositionUnionPolygon3 } from "./houseFormCompositionFootprint";

The export DEFAULT_SOFFIT_DEPTH_MM was not found in module [project]/packages/geometry/src/index.ts [app-ssr] (ecmascript).
Did you mean to import EMPTY_HOUSE_ROOF_STAGE_DIAGNOSTICS?
All exports of the module are statically known (It doesn't have dynamic exports). So it's known statically that the requested export doesn't exist.

Import traces:
  Client Component Browser:
    ./apps/portal/lib/drawings/state/houseFormGeometryInput.ts [Client Component Browser]
    ./apps/portal/lib/drawings/state/objectWorkbenchStatusModel.ts [Client Component Browser]
    ./apps/portal/lib/drawings/state/drawingWorkbenchStore.ts [Client Component Browser]
    ./apps/portal/components/projects/ProjectPage/tabs/EstimatesTab.tsx [Client Component Browser]
    ./apps/portal/components/projects/ProjectPage/ProjectMainTabs.tsx [Client Component Browser]
    ./apps/portal/components/projects/ProjectPage/ProjectPageShell.tsx [Client Component Browser]
    ./apps/portal/components/projects/ProjectPage/ProjectPageFrame.tsx [Client Component Browser]
    ./apps/portal/app/staff/projects/[projectId]/ProjectSnapshotPageClient.tsx [Client Component Browser]
    ./apps/portal/app/staff/projects/[projectId]/ProjectSnapshotPageClient.tsx [Server Component]
    ./apps/portal/app/staff/projects/[projectId]/page.tsx [Server Component]

  Client Component SSR:
    ./apps/portal/lib/drawings/state/houseFormGeometryInput.ts [Client Component SSR]
    ./apps/portal/lib/drawings/state/objectWorkbenchStatusModel.ts [Client Component SSR]
    ./apps/portal/lib/drawings/state/drawingWorkbenchStore.ts [Client Component SSR]
    ./apps/portal/components/projects/ProjectPage/tabs/EstimatesTab.tsx [Client Component SSR]
    ./apps/portal/components/projects/ProjectPage/ProjectMainTabs.tsx [Client Component SSR]
    ./apps/portal/components/projects/ProjectPage/ProjectPageShell.tsx [Client Component SSR]
    ./apps/portal/components/projects/ProjectPage/ProjectPageFrame.tsx [Client Component SSR]
    ./apps/portal/app/staff/projects/[projectId]/ProjectSnapshotPageClient.tsx [Client Component SSR]
    ./apps/portal/app/staff/projects/[projectId]/ProjectSnapshotPageClient.tsx [Server Component]
    ./apps/portal/app/staff/projects/[projectId]/page.tsx [Server Component] @ http://localhost:3001/_next/static/chunks/node_modules_next_dist_115brz8._.js:3272
[ 2464187ms] [ERROR] ./apps/portal/lib/drawings/state/houseFormGeometryInput.ts:1:1
Export buildHouseRoofEnvelopeArtifacts doesn't exist in target module
>  1 | import {
     | ^^^^^^^
>  2 |   applyHouseReferencePosition,
     | ^^^^^^^^^^^^^^^^^^^^^^^^^^^^^^
>  3 |   applyRoofQa,
     | ^^^^^^^^^^^^^^
>  4 |   buildHouseModel3DFromRawHouseInput,
     | ^^^^^^^^^^^^^^^^^^^^^^^^^^^^^^^^^^^^^
>  5 |   buildHouseReferenceProjectionShape,
     | ^^^^^^^^^^^^^^^^^^^^^^^^^^^^^^^^^^^^^
>  6 |   buildHouseRoofEnvelopeArtifacts,
     | ^^^^^^^^^^^^^^^^^^^^^^^^^^^^^^^^^^
>  7 |   buildHouseRoofModelPipeline,
     | ^^^^^^^^^^^^^^^^^^^^^^^^^^^^^^
>  8 |   composeFootprintFromComposition,
     | ^^^^^^^^^^^^^^^^^^^^^^^^^^^^^^^^^^
>  9 |   composeRoofFromComposition,
     | ^^^^^^^^^^^^^^^^^^^^^^^^^^^^^
> 10 |   DEFAULT_EAVE_OVERHANG_MM,
     | ^^^^^^^^^^^^^^^^^^^^^^^^^^^
> 11 |   DEFAULT_FASCIA_HEIGHT_MM,
     | ^^^^^^^^^^^^^^^^^^^^^^^^^^^
> 12 |   DEFAULT_GUTTER_DEPTH_MM,
     | ^^^^^^^^^^^^^^^^^^^^^^^^^^
> 13 |   DEFAULT_GUTTER_PROJECTION_MM,
     | ^^^^^^^^^^^^^^^^^^^^^^^^^^^^^^^
> 14 |   DEFAULT_GUTTER_WIDTH_MM,
     | ^^^^^^^^^^^^^^^^^^^^^^^^^^
> 15 |   DEFAULT_HOUSE_ROOF_MATERIAL,
     | ^^^^^^^^^^^^^^^^^^^^^^^^^^^^^^
> 16 |   DEFAULT_SOFFIT_DEPTH_MM,
     | ^^^^^^^^^^^^^^^^^^^^^^^^^^
> 17 |   EMPTY_HOUSE_ROOF_STAGE_DIAGNOSTICS,
     | ^^^^^^^^^^^^^^^^^^^^^^^^^^^^^^^^^^^^^
> 18 |   type GeometryTopProjectionShape,
     | ^^^^^^^^^^^^^^^^^^^^^^^^^^^^^^^^^^
> 19 |   type HouseComposition,
     | ^^^^^^^^^^^^^^^^^^^^^^^^
> 20 |   type HouseRoofModelPipelineFailureStage,
     | ^^^^^^^^^^^^^^^^^^^^^^^^^^^^^^^^^^^^^^^^^^
> 21 |   type HouseRoofStageDiagnostics,
     | ^^^^^^^^^^^^^^^^^^^^^^^^^^^^^^^^^
> 22 |   type HouseModel3D,
     | ^^^^^^^^^^^^^^^^^^^^
> 23 |   type RectangleRoofIntent,
     | ^^^^^^^^^^^^^^^^^^^^^^^^^^^
> 24 |   type HouseReferenceGeometry,
     | ^^^^^^^^^^^^^^^^^^^^^^^^^^^^^^
> 25 |   type Polygon3,
     | ^^^^^^^^^^^^^^^^
> 26 |   type RawHouseInput,
     | ^^^^^^^^^^^^^^^^^^^^^
> 27 | } from "@sp/geometry";
     | ^^^^^^^^^^^^^^^^^^^^^^
  28 | import { houseFormTransformToAssemblyPosition } from "./houseFormTransform";
  29 | import { buildHouseFormRawGeometryInput } from "./houseFormRawGeometry";
  30 | import { deriveCompositionUnionPolygon3 } from "./houseFormCompositionFootprint";

The export buildHouseRoofEnvelopeArtifacts was not found in module [project]/packages/geometry/src/index.ts [app-client] (ecmascript).
Did you mean to import buildHouseRoofModelPipeline?
All exports of the module are statically known (It doesn't have dynamic exports). So it's known statically that the requested export doesn't exist.

Import traces:
  Client Component Browser:
    ./apps/portal/lib/drawings/state/houseFormGeometryInput.ts [Client Component Browser]
    ./apps/portal/lib/drawings/state/objectWorkbenchStatusModel.ts [Client Component Browser]
    ./apps/portal/lib/drawings/state/drawingWorkbenchStore.ts [Client Component Browser]
    ./apps/portal/components/projects/ProjectPage/tabs/EstimatesTab.tsx [Client Component Browser]
    ./apps/portal/components/projects/ProjectPage/ProjectMainTabs.tsx [Client Component Browser]
    ./apps/portal/components/projects/ProjectPage/ProjectPageShell.tsx [Client Component Browser]
    ./apps/portal/components/projects/ProjectPage/ProjectPageFrame.tsx [Client Component Browser]
    ./apps/portal/app/staff/projects/[projectId]/ProjectSnapshotPageClient.tsx [Client Component Browser]
    ./apps/portal/app/staff/projects/[projectId]/ProjectSnapshotPageClient.tsx [Server Component]
    ./apps/portal/app/staff/projects/[projectId]/page.tsx [Server Component]

  Client Component SSR:
    ./apps/portal/lib/drawings/state/houseFormGeometryInput.ts [Client Component SSR]
    ./apps/portal/lib/drawings/state/objectWorkbenchStatusModel.ts [Client Component SSR]
    ./apps/portal/lib/drawings/state/drawingWorkbenchStore.ts [Client Component SSR]
    ./apps/portal/components/projects/ProjectPage/tabs/EstimatesTab.tsx [Client Component SSR]
    ./apps/portal/components/projects/ProjectPage/ProjectMainTabs.tsx [Client Component SSR]
    ./apps/portal/components/projects/ProjectPage/ProjectPageShell.tsx [Client Component SSR]
    ./apps/portal/components/projects/ProjectPage/ProjectPageFrame.tsx [Client Component SSR]
    ./apps/portal/app/staff/projects/[projectId]/ProjectSnapshotPageClient.tsx [Client Component SSR]
    ./apps/portal/app/staff/projects/[projectId]/ProjectSnapshotPageClient.tsx [Server Component]
    ./apps/portal/app/staff/projects/[projectId]/page.tsx [Server Component] @ http://localhost:3001/_next/static/chunks/node_modules_next_dist_115brz8._.js:3272
[ 2464187ms] [ERROR] ./apps/portal/lib/drawings/state/houseFormGeometryInput.ts:1:1
Export buildHouseRoofEnvelopeArtifacts doesn't exist in target module
>  1 | import {
     | ^^^^^^^
>  2 |   applyHouseReferencePosition,
     | ^^^^^^^^^^^^^^^^^^^^^^^^^^^^^^
>  3 |   applyRoofQa,
     | ^^^^^^^^^^^^^^
>  4 |   buildHouseModel3DFromRawHouseInput,
     | ^^^^^^^^^^^^^^^^^^^^^^^^^^^^^^^^^^^^^
>  5 |   buildHouseReferenceProjectionShape,
     | ^^^^^^^^^^^^^^^^^^^^^^^^^^^^^^^^^^^^^
>  6 |   buildHouseRoofEnvelopeArtifacts,
     | ^^^^^^^^^^^^^^^^^^^^^^^^^^^^^^^^^^
>  7 |   buildHouseRoofModelPipeline,
     | ^^^^^^^^^^^^^^^^^^^^^^^^^^^^^^
>  8 |   composeFootprintFromComposition,
     | ^^^^^^^^^^^^^^^^^^^^^^^^^^^^^^^^^^
>  9 |   composeRoofFromComposition,
     | ^^^^^^^^^^^^^^^^^^^^^^^^^^^^^
> 10 |   DEFAULT_EAVE_OVERHANG_MM,
     | ^^^^^^^^^^^^^^^^^^^^^^^^^^^
> 11 |   DEFAULT_FASCIA_HEIGHT_MM,
     | ^^^^^^^^^^^^^^^^^^^^^^^^^^^
> 12 |   DEFAULT_GUTTER_DEPTH_MM,
     | ^^^^^^^^^^^^^^^^^^^^^^^^^^
> 13 |   DEFAULT_GUTTER_PROJECTION_MM,
     | ^^^^^^^^^^^^^^^^^^^^^^^^^^^^^^^
> 14 |   DEFAULT_GUTTER_WIDTH_MM,
     | ^^^^^^^^^^^^^^^^^^^^^^^^^^
> 15 |   DEFAULT_HOUSE_ROOF_MATERIAL,
     | ^^^^^^^^^^^^^^^^^^^^^^^^^^^^^^
> 16 |   DEFAULT_SOFFIT_DEPTH_MM,
     | ^^^^^^^^^^^^^^^^^^^^^^^^^^
> 17 |   EMPTY_HOUSE_ROOF_STAGE_DIAGNOSTICS,
     | ^^^^^^^^^^^^^^^^^^^^^^^^^^^^^^^^^^^^^
> 18 |   type GeometryTopProjectionShape,
     | ^^^^^^^^^^^^^^^^^^^^^^^^^^^^^^^^^^
> 19 |   type HouseComposition,
     | ^^^^^^^^^^^^^^^^^^^^^^^^
> 20 |   type HouseRoofModelPipelineFailureStage,
     | ^^^^^^^^^^^^^^^^^^^^^^^^^^^^^^^^^^^^^^^^^^
> 21 |   type HouseRoofStageDiagnostics,
     | ^^^^^^^^^^^^^^^^^^^^^^^^^^^^^^^^^
> 22 |   type HouseModel3D,
     | ^^^^^^^^^^^^^^^^^^^^
> 23 |   type RectangleRoofIntent,
     | ^^^^^^^^^^^^^^^^^^^^^^^^^^^
> 24 |   type HouseReferenceGeometry,
     | ^^^^^^^^^^^^^^^^^^^^^^^^^^^^^^
> 25 |   type Polygon3,
     | ^^^^^^^^^^^^^^^^
> 26 |   type RawHouseInput,
     | ^^^^^^^^^^^^^^^^^^^^^
> 27 | } from "@sp/geometry";
     | ^^^^^^^^^^^^^^^^^^^^^^
  28 | import { houseFormTransformToAssemblyPosition } from "./houseFormTransform";
  29 | import { buildHouseFormRawGeometryInput } from "./houseFormRawGeometry";
  30 | import { deriveCompositionUnionPolygon3 } from "./houseFormCompositionFootprint";

The export buildHouseRoofEnvelopeArtifacts was not found in module [project]/packages/geometry/src/index.ts [app-ssr] (ecmascript).
Did you mean to import buildHouseRoofModelPipeline?
All exports of the module are statically known (It doesn't have dynamic exports). So it's known statically that the requested export doesn't exist.

Import traces:
  Client Component Browser:
    ./apps/portal/lib/drawings/state/houseFormGeometryInput.ts [Client Component Browser]
    ./apps/portal/lib/drawings/state/objectWorkbenchStatusModel.ts [Client Component Browser]
    ./apps/portal/lib/drawings/state/drawingWorkbenchStore.ts [Client Component Browser]
    ./apps/portal/components/projects/ProjectPage/tabs/EstimatesTab.tsx [Client Component Browser]
    ./apps/portal/components/projects/ProjectPage/ProjectMainTabs.tsx [Client Component Browser]
    ./apps/portal/components/projects/ProjectPage/ProjectPageShell.tsx [Client Component Browser]
    ./apps/portal/components/projects/ProjectPage/ProjectPageFrame.tsx [Client Component Browser]
    ./apps/portal/app/staff/projects/[projectId]/ProjectSnapshotPageClient.tsx [Client Component Browser]
    ./apps/portal/app/staff/projects/[projectId]/ProjectSnapshotPageClient.tsx [Server Component]
    ./apps/portal/app/staff/projects/[projectId]/page.tsx [Server Component]

  Client Component SSR:
    ./apps/portal/lib/drawings/state/houseFormGeometryInput.ts [Client Component SSR]
    ./apps/portal/lib/drawings/state/objectWorkbenchStatusModel.ts [Client Component SSR]
    ./apps/portal/lib/drawings/state/drawingWorkbenchStore.ts [Client Component SSR]
    ./apps/portal/components/projects/ProjectPage/tabs/EstimatesTab.tsx [Client Component SSR]
    ./apps/portal/components/projects/ProjectPage/ProjectMainTabs.tsx [Client Component SSR]
    ./apps/portal/components/projects/ProjectPage/ProjectPageShell.tsx [Client Component SSR]
    ./apps/portal/components/projects/ProjectPage/ProjectPageFrame.tsx [Client Component SSR]
    ./apps/portal/app/staff/projects/[projectId]/ProjectSnapshotPageClient.tsx [Client Component SSR]
    ./apps/portal/app/staff/projects/[projectId]/ProjectSnapshotPageClient.tsx [Server Component]
    ./apps/portal/app/staff/projects/[projectId]/page.tsx [Server Component] @ http://localhost:3001/_next/static/chunks/node_modules_next_dist_115brz8._.js:3272
[ 2464235ms] [LOG] [Fast Refresh] rebuilding @ http://localhost:3001/_next/static/chunks/node_modules_next_dist_115brz8._.js:2431
[ 2465044ms] [ERROR] ./apps/portal/lib/drawings/state/houseFormGeometryInput.ts:1:1
Export DEFAULT_EAVE_OVERHANG_MM doesn't exist in target module
>  1 | import {
     | ^^^^^^^
>  2 |   applyHouseReferencePosition,
     | ^^^^^^^^^^^^^^^^^^^^^^^^^^^^^^
>  3 |   applyRoofQa,
     | ^^^^^^^^^^^^^^
>  4 |   buildHouseModel3DFromRawHouseInput,
     | ^^^^^^^^^^^^^^^^^^^^^^^^^^^^^^^^^^^^^
>  5 |   buildHouseReferenceProjectionShape,
     | ^^^^^^^^^^^^^^^^^^^^^^^^^^^^^^^^^^^^^
>  6 |   buildHouseRoofEnvelopeArtifacts,
     | ^^^^^^^^^^^^^^^^^^^^^^^^^^^^^^^^^^
>  7 |   buildHouseRoofModelPipeline,
     | ^^^^^^^^^^^^^^^^^^^^^^^^^^^^^^
>  8 |   composeFootprintFromComposition,
     | ^^^^^^^^^^^^^^^^^^^^^^^^^^^^^^^^^^
>  9 |   composeRoofFromComposition,
     | ^^^^^^^^^^^^^^^^^^^^^^^^^^^^^
> 10 |   DEFAULT_EAVE_OVERHANG_MM,
     | ^^^^^^^^^^^^^^^^^^^^^^^^^^^
> 11 |   DEFAULT_FASCIA_HEIGHT_MM,
     | ^^^^^^^^^^^^^^^^^^^^^^^^^^^
> 12 |   DEFAULT_GUTTER_DEPTH_MM,
     | ^^^^^^^^^^^^^^^^^^^^^^^^^^
> 13 |   DEFAULT_GUTTER_PROJECTION_MM,
     | ^^^^^^^^^^^^^^^^^^^^^^^^^^^^^^^
> 14 |   DEFAULT_GUTTER_WIDTH_MM,
     | ^^^^^^^^^^^^^^^^^^^^^^^^^^
> 15 |   DEFAULT_HOUSE_ROOF_MATERIAL,
     | ^^^^^^^^^^^^^^^^^^^^^^^^^^^^^^
> 16 |   DEFAULT_SOFFIT_DEPTH_MM,
     | ^^^^^^^^^^^^^^^^^^^^^^^^^^
> 17 |   EMPTY_HOUSE_ROOF_STAGE_DIAGNOSTICS,
     | ^^^^^^^^^^^^^^^^^^^^^^^^^^^^^^^^^^^^^
> 18 |   type GeometryTopProjectionShape,
     | ^^^^^^^^^^^^^^^^^^^^^^^^^^^^^^^^^^
> 19 |   type HouseComposition,
     | ^^^^^^^^^^^^^^^^^^^^^^^^
> 20 |   type HouseRoofModelPipelineFailureStage,
     | ^^^^^^^^^^^^^^^^^^^^^^^^^^^^^^^^^^^^^^^^^^
> 21 |   type HouseRoofStageDiagnostics,
     | ^^^^^^^^^^^^^^^^^^^^^^^^^^^^^^^^^
> 22 |   type HouseModel3D,
     | ^^^^^^^^^^^^^^^^^^^^
> 23 |   type RectangleRoofIntent,
     | ^^^^^^^^^^^^^^^^^^^^^^^^^^^
> 24 |   type HouseReferenceGeometry,
     | ^^^^^^^^^^^^^^^^^^^^^^^^^^^^^^
> 25 |   type Polygon3,
     | ^^^^^^^^^^^^^^^^
> 26 |   type RawHouseInput,
     | ^^^^^^^^^^^^^^^^^^^^^
> 27 | } from "@sp/geometry";
     | ^^^^^^^^^^^^^^^^^^^^^^
  28 | import { houseFormTransformToAssemblyPosition } from "./houseFormTransform";
  29 | import { buildHouseFormRawGeometryInput } from "./houseFormRawGeometry";
  30 | import { deriveCompositionUnionPolygon3 } from "./houseFormCompositionFootprint";

The export DEFAULT_EAVE_OVERHANG_MM was not found in module [project]/packages/geometry/src/index.ts [app-client] (ecmascript).
Did you mean to import EMPTY_HOUSE_ROOF_STAGE_DIAGNOSTICS?
All exports of the module are statically known (It doesn't have dynamic exports). So it's known statically that the requested export doesn't exist.

Import traces:
  Client Component Browser:
    ./apps/portal/lib/drawings/state/houseFormGeometryInput.ts [Client Component Browser]
    ./apps/portal/lib/drawings/state/objectWorkbenchStatusModel.ts [Client Component Browser]
    ./apps/portal/lib/drawings/state/drawingWorkbenchStore.ts [Client Component Browser]
    ./apps/portal/components/projects/ProjectPage/tabs/EstimatesTab.tsx [Client Component Browser]
    ./apps/portal/components/projects/ProjectPage/ProjectMainTabs.tsx [Client Component Browser]
    ./apps/portal/components/projects/ProjectPage/ProjectPageShell.tsx [Client Component Browser]
    ./apps/portal/components/projects/ProjectPage/ProjectPageFrame.tsx [Client Component Browser]
    ./apps/portal/app/staff/projects/[projectId]/ProjectSnapshotPageClient.tsx [Client Component Browser]
    ./apps/portal/app/staff/projects/[projectId]/ProjectSnapshotPageClient.tsx [Server Component]
    ./apps/portal/app/staff/projects/[projectId]/page.tsx [Server Component]

  Client Component SSR:
    ./apps/portal/lib/drawings/state/houseFormGeometryInput.ts [Client Component SSR]
    ./apps/portal/lib/drawings/state/objectWorkbenchStatusModel.ts [Client Component SSR]
    ./apps/portal/lib/drawings/state/drawingWorkbenchStore.ts [Client Component SSR]
    ./apps/portal/components/projects/ProjectPage/tabs/EstimatesTab.tsx [Client Component SSR]
    ./apps/portal/components/projects/ProjectPage/ProjectMainTabs.tsx [Client Component SSR]
    ./apps/portal/components/projects/ProjectPage/ProjectPageShell.tsx [Client Component SSR]
    ./apps/portal/components/projects/ProjectPage/ProjectPageFrame.tsx [Client Component SSR]
    ./apps/portal/app/staff/projects/[projectId]/ProjectSnapshotPageClient.tsx [Client Component SSR]
    ./apps/portal/app/staff/projects/[projectId]/ProjectSnapshotPageClient.tsx [Server Component]
    ./apps/portal/app/staff/projects/[projectId]/page.tsx [Server Component] @ http://localhost:3001/_next/static/chunks/node_modules_next_dist_115brz8._.js:3272
[ 2465044ms] [ERROR] ./apps/portal/lib/drawings/state/houseFormGeometryInput.ts:1:1
Export DEFAULT_EAVE_OVERHANG_MM doesn't exist in target module
>  1 | import {
     | ^^^^^^^
>  2 |   applyHouseReferencePosition,
     | ^^^^^^^^^^^^^^^^^^^^^^^^^^^^^^
>  3 |   applyRoofQa,
     | ^^^^^^^^^^^^^^
>  4 |   buildHouseModel3DFromRawHouseInput,
     | ^^^^^^^^^^^^^^^^^^^^^^^^^^^^^^^^^^^^^
>  5 |   buildHouseReferenceProjectionShape,
     | ^^^^^^^^^^^^^^^^^^^^^^^^^^^^^^^^^^^^^
>  6 |   buildHouseRoofEnvelopeArtifacts,
     | ^^^^^^^^^^^^^^^^^^^^^^^^^^^^^^^^^^
>  7 |   buildHouseRoofModelPipeline,
     | ^^^^^^^^^^^^^^^^^^^^^^^^^^^^^^
>  8 |   composeFootprintFromComposition,
     | ^^^^^^^^^^^^^^^^^^^^^^^^^^^^^^^^^^
>  9 |   composeRoofFromComposition,
     | ^^^^^^^^^^^^^^^^^^^^^^^^^^^^^
> 10 |   DEFAULT_EAVE_OVERHANG_MM,
     | ^^^^^^^^^^^^^^^^^^^^^^^^^^^
> 11 |   DEFAULT_FASCIA_HEIGHT_MM,
     | ^^^^^^^^^^^^^^^^^^^^^^^^^^^
> 12 |   DEFAULT_GUTTER_DEPTH_MM,
     | ^^^^^^^^^^^^^^^^^^^^^^^^^^
> 13 |   DEFAULT_GUTTER_PROJECTION_MM,
     | ^^^^^^^^^^^^^^^^^^^^^^^^^^^^^^^
> 14 |   DEFAULT_GUTTER_WIDTH_MM,
     | ^^^^^^^^^^^^^^^^^^^^^^^^^^
> 15 |   DEFAULT_HOUSE_ROOF_MATERIAL,
     | ^^^^^^^^^^^^^^^^^^^^^^^^^^^^^^
> 16 |   DEFAULT_SOFFIT_DEPTH_MM,
     | ^^^^^^^^^^^^^^^^^^^^^^^^^^
> 17 |   EMPTY_HOUSE_ROOF_STAGE_DIAGNOSTICS,
     | ^^^^^^^^^^^^^^^^^^^^^^^^^^^^^^^^^^^^^
> 18 |   type GeometryTopProjectionShape,
     | ^^^^^^^^^^^^^^^^^^^^^^^^^^^^^^^^^^
> 19 |   type HouseComposition,
     | ^^^^^^^^^^^^^^^^^^^^^^^^
> 20 |   type HouseRoofModelPipelineFailureStage,
     | ^^^^^^^^^^^^^^^^^^^^^^^^^^^^^^^^^^^^^^^^^^
> 21 |   type HouseRoofStageDiagnostics,
     | ^^^^^^^^^^^^^^^^^^^^^^^^^^^^^^^^^
> 22 |   type HouseModel3D,
     | ^^^^^^^^^^^^^^^^^^^^
> 23 |   type RectangleRoofIntent,
     | ^^^^^^^^^^^^^^^^^^^^^^^^^^^
> 24 |   type HouseReferenceGeometry,
     | ^^^^^^^^^^^^^^^^^^^^^^^^^^^^^^
> 25 |   type Polygon3,
     | ^^^^^^^^^^^^^^^^
> 26 |   type RawHouseInput,
     | ^^^^^^^^^^^^^^^^^^^^^
> 27 | } from "@sp/geometry";
     | ^^^^^^^^^^^^^^^^^^^^^^
  28 | import { houseFormTransformToAssemblyPosition } from "./houseFormTransform";
  29 | import { buildHouseFormRawGeometryInput } from "./houseFormRawGeometry";
  30 | import { deriveCompositionUnionPolygon3 } from "./houseFormCompositionFootprint";

The export DEFAULT_EAVE_OVERHANG_MM was not found in module [project]/packages/geometry/src/index.ts [app-ssr] (ecmascript).
Did you mean to import EMPTY_HOUSE_ROOF_STAGE_DIAGNOSTICS?
All exports of the module are statically known (It doesn't have dynamic exports). So it's known statically that the requested export doesn't exist.

Import traces:
  Client Component Browser:
    ./apps/portal/lib/drawings/state/houseFormGeometryInput.ts [Client Component Browser]
    ./apps/portal/lib/drawings/state/objectWorkbenchStatusModel.ts [Client Component Browser]
    ./apps/portal/lib/drawings/state/drawingWorkbenchStore.ts [Client Component Browser]
    ./apps/portal/components/projects/ProjectPage/tabs/EstimatesTab.tsx [Client Component Browser]
    ./apps/portal/components/projects/ProjectPage/ProjectMainTabs.tsx [Client Component Browser]
    ./apps/portal/components/projects/ProjectPage/ProjectPageShell.tsx [Client Component Browser]
    ./apps/portal/components/projects/ProjectPage/ProjectPageFrame.tsx [Client Component Browser]
    ./apps/portal/app/staff/projects/[projectId]/ProjectSnapshotPageClient.tsx [Client Component Browser]
    ./apps/portal/app/staff/projects/[projectId]/ProjectSnapshotPageClient.tsx [Server Component]
    ./apps/portal/app/staff/projects/[projectId]/page.tsx [Server Component]

  Client Component SSR:
    ./apps/portal/lib/drawings/state/houseFormGeometryInput.ts [Client Component SSR]
    ./apps/portal/lib/drawings/state/objectWorkbenchStatusModel.ts [Client Component SSR]
    ./apps/portal/lib/drawings/state/drawingWorkbenchStore.ts [Client Component SSR]
    ./apps/portal/components/projects/ProjectPage/tabs/EstimatesTab.tsx [Client Component SSR]
    ./apps/portal/components/projects/ProjectPage/ProjectMainTabs.tsx [Client Component SSR]
    ./apps/portal/components/projects/ProjectPage/ProjectPageShell.tsx [Client Component SSR]
    ./apps/portal/components/projects/ProjectPage/ProjectPageFrame.tsx [Client Component SSR]
    ./apps/portal/app/staff/projects/[projectId]/ProjectSnapshotPageClient.tsx [Client Component SSR]
    ./apps/portal/app/staff/projects/[projectId]/ProjectSnapshotPageClient.tsx [Server Component]
    ./apps/portal/app/staff/projects/[projectId]/page.tsx [Server Component] @ http://localhost:3001/_next/static/chunks/node_modules_next_dist_115brz8._.js:3272
[ 2465045ms] [ERROR] ./apps/portal/lib/drawings/state/houseFormGeometryInput.ts:1:1
Export DEFAULT_FASCIA_HEIGHT_MM doesn't exist in target module
>  1 | import {
     | ^^^^^^^
>  2 |   applyHouseReferencePosition,
     | ^^^^^^^^^^^^^^^^^^^^^^^^^^^^^^
>  3 |   applyRoofQa,
     | ^^^^^^^^^^^^^^
>  4 |   buildHouseModel3DFromRawHouseInput,
     | ^^^^^^^^^^^^^^^^^^^^^^^^^^^^^^^^^^^^^
>  5 |   buildHouseReferenceProjectionShape,
     | ^^^^^^^^^^^^^^^^^^^^^^^^^^^^^^^^^^^^^
>  6 |   buildHouseRoofEnvelopeArtifacts,
     | ^^^^^^^^^^^^^^^^^^^^^^^^^^^^^^^^^^
>  7 |   buildHouseRoofModelPipeline,
     | ^^^^^^^^^^^^^^^^^^^^^^^^^^^^^^
>  8 |   composeFootprintFromComposition,
     | ^^^^^^^^^^^^^^^^^^^^^^^^^^^^^^^^^^
>  9 |   composeRoofFromComposition,
     | ^^^^^^^^^^^^^^^^^^^^^^^^^^^^^
> 10 |   DEFAULT_EAVE_OVERHANG_MM,
     | ^^^^^^^^^^^^^^^^^^^^^^^^^^^
> 11 |   DEFAULT_FASCIA_HEIGHT_MM,
     | ^^^^^^^^^^^^^^^^^^^^^^^^^^^
> 12 |   DEFAULT_GUTTER_DEPTH_MM,
     | ^^^^^^^^^^^^^^^^^^^^^^^^^^
> 13 |   DEFAULT_GUTTER_PROJECTION_MM,
     | ^^^^^^^^^^^^^^^^^^^^^^^^^^^^^^^
> 14 |   DEFAULT_GUTTER_WIDTH_MM,
     | ^^^^^^^^^^^^^^^^^^^^^^^^^^
> 15 |   DEFAULT_HOUSE_ROOF_MATERIAL,
     | ^^^^^^^^^^^^^^^^^^^^^^^^^^^^^^
> 16 |   DEFAULT_SOFFIT_DEPTH_MM,
     | ^^^^^^^^^^^^^^^^^^^^^^^^^^
> 17 |   EMPTY_HOUSE_ROOF_STAGE_DIAGNOSTICS,
     | ^^^^^^^^^^^^^^^^^^^^^^^^^^^^^^^^^^^^^
> 18 |   type GeometryTopProjectionShape,
     | ^^^^^^^^^^^^^^^^^^^^^^^^^^^^^^^^^^
> 19 |   type HouseComposition,
     | ^^^^^^^^^^^^^^^^^^^^^^^^
> 20 |   type HouseRoofModelPipelineFailureStage,
     | ^^^^^^^^^^^^^^^^^^^^^^^^^^^^^^^^^^^^^^^^^^
> 21 |   type HouseRoofStageDiagnostics,
     | ^^^^^^^^^^^^^^^^^^^^^^^^^^^^^^^^^
> 22 |   type HouseModel3D,
     | ^^^^^^^^^^^^^^^^^^^^
> 23 |   type RectangleRoofIntent,
     | ^^^^^^^^^^^^^^^^^^^^^^^^^^^
> 24 |   type HouseReferenceGeometry,
     | ^^^^^^^^^^^^^^^^^^^^^^^^^^^^^^
> 25 |   type Polygon3,
     | ^^^^^^^^^^^^^^^^
> 26 |   type RawHouseInput,
     | ^^^^^^^^^^^^^^^^^^^^^
> 27 | } from "@sp/geometry";
     | ^^^^^^^^^^^^^^^^^^^^^^
  28 | import { houseFormTransformToAssemblyPosition } from "./houseFormTransform";
  29 | import { buildHouseFormRawGeometryInput } from "./houseFormRawGeometry";
  30 | import { deriveCompositionUnionPolygon3 } from "./houseFormCompositionFootprint";

The export DEFAULT_FASCIA_HEIGHT_MM was not found in module [project]/packages/geometry/src/index.ts [app-client] (ecmascript).
Did you mean to import EMPTY_HOUSE_ROOF_STAGE_DIAGNOSTICS?
All exports of the module are statically known (It doesn't have dynamic exports). So it's known statically that the requested export doesn't exist.

Import traces:
  Client Component Browser:
    ./apps/portal/lib/drawings/state/houseFormGeometryInput.ts [Client Component Browser]
    ./apps/portal/lib/drawings/state/objectWorkbenchStatusModel.ts [Client Component Browser]
    ./apps/portal/lib/drawings/state/drawingWorkbenchStore.ts [Client Component Browser]
    ./apps/portal/components/projects/ProjectPage/tabs/EstimatesTab.tsx [Client Component Browser]
    ./apps/portal/components/projects/ProjectPage/ProjectMainTabs.tsx [Client Component Browser]
    ./apps/portal/components/projects/ProjectPage/ProjectPageShell.tsx [Client Component Browser]
    ./apps/portal/components/projects/ProjectPage/ProjectPageFrame.tsx [Client Component Browser]
    ./apps/portal/app/staff/projects/[projectId]/ProjectSnapshotPageClient.tsx [Client Component Browser]
    ./apps/portal/app/staff/projects/[projectId]/ProjectSnapshotPageClient.tsx [Server Component]
    ./apps/portal/app/staff/projects/[projectId]/page.tsx [Server Component]

  Client Component SSR:
    ./apps/portal/lib/drawings/state/houseFormGeometryInput.ts [Client Component SSR]
    ./apps/portal/lib/drawings/state/objectWorkbenchStatusModel.ts [Client Component SSR]
    ./apps/portal/lib/drawings/state/drawingWorkbenchStore.ts [Client Component SSR]
    ./apps/portal/components/projects/ProjectPage/tabs/EstimatesTab.tsx [Client Component SSR]
    ./apps/portal/components/projects/ProjectPage/ProjectMainTabs.tsx [Client Component SSR]
    ./apps/portal/components/projects/ProjectPage/ProjectPageShell.tsx [Client Component SSR]
    ./apps/portal/components/projects/ProjectPage/ProjectPageFrame.tsx [Client Component SSR]
    ./apps/portal/app/staff/projects/[projectId]/ProjectSnapshotPageClient.tsx [Client Component SSR]
    ./apps/portal/app/staff/projects/[projectId]/ProjectSnapshotPageClient.tsx [Server Component]
    ./apps/portal/app/staff/projects/[projectId]/page.tsx [Server Component] @ http://localhost:3001/_next/static/chunks/node_modules_next_dist_115brz8._.js:3272
[ 2465045ms] [ERROR] ./apps/portal/lib/drawings/state/houseFormGeometryInput.ts:1:1
Export DEFAULT_FASCIA_HEIGHT_MM doesn't exist in target module
>  1 | import {
     | ^^^^^^^
>  2 |   applyHouseReferencePosition,
     | ^^^^^^^^^^^^^^^^^^^^^^^^^^^^^^
>  3 |   applyRoofQa,
     | ^^^^^^^^^^^^^^
>  4 |   buildHouseModel3DFromRawHouseInput,
     | ^^^^^^^^^^^^^^^^^^^^^^^^^^^^^^^^^^^^^
>  5 |   buildHouseReferenceProjectionShape,
     | ^^^^^^^^^^^^^^^^^^^^^^^^^^^^^^^^^^^^^
>  6 |   buildHouseRoofEnvelopeArtifacts,
     | ^^^^^^^^^^^^^^^^^^^^^^^^^^^^^^^^^^
>  7 |   buildHouseRoofModelPipeline,
     | ^^^^^^^^^^^^^^^^^^^^^^^^^^^^^^
>  8 |   composeFootprintFromComposition,
     | ^^^^^^^^^^^^^^^^^^^^^^^^^^^^^^^^^^
>  9 |   composeRoofFromComposition,
     | ^^^^^^^^^^^^^^^^^^^^^^^^^^^^^
> 10 |   DEFAULT_EAVE_OVERHANG_MM,
     | ^^^^^^^^^^^^^^^^^^^^^^^^^^^
> 11 |   DEFAULT_FASCIA_HEIGHT_MM,
     | ^^^^^^^^^^^^^^^^^^^^^^^^^^^
> 12 |   DEFAULT_GUTTER_DEPTH_MM,
     | ^^^^^^^^^^^^^^^^^^^^^^^^^^
> 13 |   DEFAULT_GUTTER_PROJECTION_MM,
     | ^^^^^^^^^^^^^^^^^^^^^^^^^^^^^^^
> 14 |   DEFAULT_GUTTER_WIDTH_MM,
     | ^^^^^^^^^^^^^^^^^^^^^^^^^^
> 15 |   DEFAULT_HOUSE_ROOF_MATERIAL,
     | ^^^^^^^^^^^^^^^^^^^^^^^^^^^^^^
> 16 |   DEFAULT_SOFFIT_DEPTH_MM,
     | ^^^^^^^^^^^^^^^^^^^^^^^^^^
> 17 |   EMPTY_HOUSE_ROOF_STAGE_DIAGNOSTICS,
     | ^^^^^^^^^^^^^^^^^^^^^^^^^^^^^^^^^^^^^
> 18 |   type GeometryTopProjectionShape,
     | ^^^^^^^^^^^^^^^^^^^^^^^^^^^^^^^^^^
> 19 |   type HouseComposition,
     | ^^^^^^^^^^^^^^^^^^^^^^^^
> 20 |   type HouseRoofModelPipelineFailureStage,
     | ^^^^^^^^^^^^^^^^^^^^^^^^^^^^^^^^^^^^^^^^^^
> 21 |   type HouseRoofStageDiagnostics,
     | ^^^^^^^^^^^^^^^^^^^^^^^^^^^^^^^^^
> 22 |   type HouseModel3D,
     | ^^^^^^^^^^^^^^^^^^^^
> 23 |   type RectangleRoofIntent,
     | ^^^^^^^^^^^^^^^^^^^^^^^^^^^
> 24 |   type HouseReferenceGeometry,
     | ^^^^^^^^^^^^^^^^^^^^^^^^^^^^^^
> 25 |   type Polygon3,
     | ^^^^^^^^^^^^^^^^
> 26 |   type RawHouseInput,
     | ^^^^^^^^^^^^^^^^^^^^^
> 27 | } from "@sp/geometry";
     | ^^^^^^^^^^^^^^^^^^^^^^
  28 | import { houseFormTransformToAssemblyPosition } from "./houseFormTransform";
  29 | import { buildHouseFormRawGeometryInput } from "./houseFormRawGeometry";
  30 | import { deriveCompositionUnionPolygon3 } from "./houseFormCompositionFootprint";

The export DEFAULT_FASCIA_HEIGHT_MM was not found in module [project]/packages/geometry/src/index.ts [app-ssr] (ecmascript).
Did you mean to import EMPTY_HOUSE_ROOF_STAGE_DIAGNOSTICS?
All exports of the module are statically known (It doesn't have dynamic exports). So it's known statically that the requested export doesn't exist.

Import traces:
  Client Component Browser:
    ./apps/portal/lib/drawings/state/houseFormGeometryInput.ts [Client Component Browser]
    ./apps/portal/lib/drawings/state/objectWorkbenchStatusModel.ts [Client Component Browser]
    ./apps/portal/lib/drawings/state/drawingWorkbenchStore.ts [Client Component Browser]
    ./apps/portal/components/projects/ProjectPage/tabs/EstimatesTab.tsx [Client Component Browser]
    ./apps/portal/components/projects/ProjectPage/ProjectMainTabs.tsx [Client Component Browser]
    ./apps/portal/components/projects/ProjectPage/ProjectPageShell.tsx [Client Component Browser]
    ./apps/portal/components/projects/ProjectPage/ProjectPageFrame.tsx [Client Component Browser]
    ./apps/portal/app/staff/projects/[projectId]/ProjectSnapshotPageClient.tsx [Client Component Browser]
    ./apps/portal/app/staff/projects/[projectId]/ProjectSnapshotPageClient.tsx [Server Component]
    ./apps/portal/app/staff/projects/[projectId]/page.tsx [Server Component]

  Client Component SSR:
    ./apps/portal/lib/drawings/state/houseFormGeometryInput.ts [Client Component SSR]
    ./apps/portal/lib/drawings/state/objectWorkbenchStatusModel.ts [Client Component SSR]
    ./apps/portal/lib/drawings/state/drawingWorkbenchStore.ts [Client Component SSR]
    ./apps/portal/components/projects/ProjectPage/tabs/EstimatesTab.tsx [Client Component SSR]
    ./apps/portal/components/projects/ProjectPage/ProjectMainTabs.tsx [Client Component SSR]
    ./apps/portal/components/projects/ProjectPage/ProjectPageShell.tsx [Client Component SSR]
    ./apps/portal/components/projects/ProjectPage/ProjectPageFrame.tsx [Client Component SSR]
    ./apps/portal/app/staff/projects/[projectId]/ProjectSnapshotPageClient.tsx [Client Component SSR]
    ./apps/portal/app/staff/projects/[projectId]/ProjectSnapshotPageClient.tsx [Server Component]
    ./apps/portal/app/staff/projects/[projectId]/page.tsx [Server Component] @ http://localhost:3001/_next/static/chunks/node_modules_next_dist_115brz8._.js:3272
[ 2465045ms] [ERROR] ./apps/portal/lib/drawings/state/houseFormGeometryInput.ts:1:1
Export DEFAULT_GUTTER_DEPTH_MM doesn't exist in target module
>  1 | import {
     | ^^^^^^^
>  2 |   applyHouseReferencePosition,
     | ^^^^^^^^^^^^^^^^^^^^^^^^^^^^^^
>  3 |   applyRoofQa,
     | ^^^^^^^^^^^^^^
>  4 |   buildHouseModel3DFromRawHouseInput,
     | ^^^^^^^^^^^^^^^^^^^^^^^^^^^^^^^^^^^^^
>  5 |   buildHouseReferenceProjectionShape,
     | ^^^^^^^^^^^^^^^^^^^^^^^^^^^^^^^^^^^^^
>  6 |   buildHouseRoofEnvelopeArtifacts,
     | ^^^^^^^^^^^^^^^^^^^^^^^^^^^^^^^^^^
>  7 |   buildHouseRoofModelPipeline,
     | ^^^^^^^^^^^^^^^^^^^^^^^^^^^^^^
>  8 |   composeFootprintFromComposition,
     | ^^^^^^^^^^^^^^^^^^^^^^^^^^^^^^^^^^
>  9 |   composeRoofFromComposition,
     | ^^^^^^^^^^^^^^^^^^^^^^^^^^^^^
> 10 |   DEFAULT_EAVE_OVERHANG_MM,
     | ^^^^^^^^^^^^^^^^^^^^^^^^^^^
> 11 |   DEFAULT_FASCIA_HEIGHT_MM,
     | ^^^^^^^^^^^^^^^^^^^^^^^^^^^
> 12 |   DEFAULT_GUTTER_DEPTH_MM,
     | ^^^^^^^^^^^^^^^^^^^^^^^^^^
> 13 |   DEFAULT_GUTTER_PROJECTION_MM,
     | ^^^^^^^^^^^^^^^^^^^^^^^^^^^^^^^
> 14 |   DEFAULT_GUTTER_WIDTH_MM,
     | ^^^^^^^^^^^^^^^^^^^^^^^^^^
> 15 |   DEFAULT_HOUSE_ROOF_MATERIAL,
     | ^^^^^^^^^^^^^^^^^^^^^^^^^^^^^^
> 16 |   DEFAULT_SOFFIT_DEPTH_MM,
     | ^^^^^^^^^^^^^^^^^^^^^^^^^^
> 17 |   EMPTY_HOUSE_ROOF_STAGE_DIAGNOSTICS,
     | ^^^^^^^^^^^^^^^^^^^^^^^^^^^^^^^^^^^^^
> 18 |   type GeometryTopProjectionShape,
     | ^^^^^^^^^^^^^^^^^^^^^^^^^^^^^^^^^^
> 19 |   type HouseComposition,
     | ^^^^^^^^^^^^^^^^^^^^^^^^
> 20 |   type HouseRoofModelPipelineFailureStage,
     | ^^^^^^^^^^^^^^^^^^^^^^^^^^^^^^^^^^^^^^^^^^
> 21 |   type HouseRoofStageDiagnostics,
     | ^^^^^^^^^^^^^^^^^^^^^^^^^^^^^^^^^
> 22 |   type HouseModel3D,
     | ^^^^^^^^^^^^^^^^^^^^
> 23 |   type RectangleRoofIntent,
     | ^^^^^^^^^^^^^^^^^^^^^^^^^^^
> 24 |   type HouseReferenceGeometry,
     | ^^^^^^^^^^^^^^^^^^^^^^^^^^^^^^
> 25 |   type Polygon3,
     | ^^^^^^^^^^^^^^^^
> 26 |   type RawHouseInput,
     | ^^^^^^^^^^^^^^^^^^^^^
> 27 | } from "@sp/geometry";
     | ^^^^^^^^^^^^^^^^^^^^^^
  28 | import { houseFormTransformToAssemblyPosition } from "./houseFormTransform";
  29 | import { buildHouseFormRawGeometryInput } from "./houseFormRawGeometry";
  30 | import { deriveCompositionUnionPolygon3 } from "./houseFormCompositionFootprint";

The export DEFAULT_GUTTER_DEPTH_MM was not found in module [project]/packages/geometry/src/index.ts [app-client] (ecmascript).
Did you mean to import EMPTY_HOUSE_ROOF_STAGE_DIAGNOSTICS?
All exports of the module are statically known (It doesn't have dynamic exports). So it's known statically that the requested export doesn't exist.

Import traces:
  Client Component Browser:
    ./apps/portal/lib/drawings/state/houseFormGeometryInput.ts [Client Component Browser]
    ./apps/portal/lib/drawings/state/objectWorkbenchStatusModel.ts [Client Component Browser]
    ./apps/portal/lib/drawings/state/drawingWorkbenchStore.ts [Client Component Browser]
    ./apps/portal/components/projects/ProjectPage/tabs/EstimatesTab.tsx [Client Component Browser]
    ./apps/portal/components/projects/ProjectPage/ProjectMainTabs.tsx [Client Component Browser]
    ./apps/portal/components/projects/ProjectPage/ProjectPageShell.tsx [Client Component Browser]
    ./apps/portal/components/projects/ProjectPage/ProjectPageFrame.tsx [Client Component Browser]
    ./apps/portal/app/staff/projects/[projectId]/ProjectSnapshotPageClient.tsx [Client Component Browser]
    ./apps/portal/app/staff/projects/[projectId]/ProjectSnapshotPageClient.tsx [Server Component]
    ./apps/portal/app/staff/projects/[projectId]/page.tsx [Server Component]

  Client Component SSR:
    ./apps/portal/lib/drawings/state/houseFormGeometryInput.ts [Client Component SSR]
    ./apps/portal/lib/drawings/state/objectWorkbenchStatusModel.ts [Client Component SSR]
    ./apps/portal/lib/drawings/state/drawingWorkbenchStore.ts [Client Component SSR]
    ./apps/portal/components/projects/ProjectPage/tabs/EstimatesTab.tsx [Client Component SSR]
    ./apps/portal/components/projects/ProjectPage/ProjectMainTabs.tsx [Client Component SSR]
    ./apps/portal/components/projects/ProjectPage/ProjectPageShell.tsx [Client Component SSR]
    ./apps/portal/components/projects/ProjectPage/ProjectPageFrame.tsx [Client Component SSR]
    ./apps/portal/app/staff/projects/[projectId]/ProjectSnapshotPageClient.tsx [Client Component SSR]
    ./apps/portal/app/staff/projects/[projectId]/ProjectSnapshotPageClient.tsx [Server Component]
    ./apps/portal/app/staff/projects/[projectId]/page.tsx [Server Component] @ http://localhost:3001/_next/static/chunks/node_modules_next_dist_115brz8._.js:3272
[ 2465045ms] [ERROR] ./apps/portal/lib/drawings/state/houseFormGeometryInput.ts:1:1
Export DEFAULT_GUTTER_DEPTH_MM doesn't exist in target module
>  1 | import {
     | ^^^^^^^
>  2 |   applyHouseReferencePosition,
     | ^^^^^^^^^^^^^^^^^^^^^^^^^^^^^^
>  3 |   applyRoofQa,
     | ^^^^^^^^^^^^^^
>  4 |   buildHouseModel3DFromRawHouseInput,
     | ^^^^^^^^^^^^^^^^^^^^^^^^^^^^^^^^^^^^^
>  5 |   buildHouseReferenceProjectionShape,
     | ^^^^^^^^^^^^^^^^^^^^^^^^^^^^^^^^^^^^^
>  6 |   buildHouseRoofEnvelopeArtifacts,
     | ^^^^^^^^^^^^^^^^^^^^^^^^^^^^^^^^^^
>  7 |   buildHouseRoofModelPipeline,
     | ^^^^^^^^^^^^^^^^^^^^^^^^^^^^^^
>  8 |   composeFootprintFromComposition,
     | ^^^^^^^^^^^^^^^^^^^^^^^^^^^^^^^^^^
>  9 |   composeRoofFromComposition,
     | ^^^^^^^^^^^^^^^^^^^^^^^^^^^^^
> 10 |   DEFAULT_EAVE_OVERHANG_MM,
     | ^^^^^^^^^^^^^^^^^^^^^^^^^^^
> 11 |   DEFAULT_FASCIA_HEIGHT_MM,
     | ^^^^^^^^^^^^^^^^^^^^^^^^^^^
> 12 |   DEFAULT_GUTTER_DEPTH_MM,
     | ^^^^^^^^^^^^^^^^^^^^^^^^^^
> 13 |   DEFAULT_GUTTER_PROJECTION_MM,
     | ^^^^^^^^^^^^^^^^^^^^^^^^^^^^^^^
> 14 |   DEFAULT_GUTTER_WIDTH_MM,
     | ^^^^^^^^^^^^^^^^^^^^^^^^^^
> 15 |   DEFAULT_HOUSE_ROOF_MATERIAL,
     | ^^^^^^^^^^^^^^^^^^^^^^^^^^^^^^
> 16 |   DEFAULT_SOFFIT_DEPTH_MM,
     | ^^^^^^^^^^^^^^^^^^^^^^^^^^
> 17 |   EMPTY_HOUSE_ROOF_STAGE_DIAGNOSTICS,
     | ^^^^^^^^^^^^^^^^^^^^^^^^^^^^^^^^^^^^^
> 18 |   type GeometryTopProjectionShape,
     | ^^^^^^^^^^^^^^^^^^^^^^^^^^^^^^^^^^
> 19 |   type HouseComposition,
     | ^^^^^^^^^^^^^^^^^^^^^^^^
> 20 |   type HouseRoofModelPipelineFailureStage,
     | ^^^^^^^^^^^^^^^^^^^^^^^^^^^^^^^^^^^^^^^^^^
> 21 |   type HouseRoofStageDiagnostics,
     | ^^^^^^^^^^^^^^^^^^^^^^^^^^^^^^^^^
> 22 |   type HouseModel3D,
     | ^^^^^^^^^^^^^^^^^^^^
> 23 |   type RectangleRoofIntent,
     | ^^^^^^^^^^^^^^^^^^^^^^^^^^^
> 24 |   type HouseReferenceGeometry,
     | ^^^^^^^^^^^^^^^^^^^^^^^^^^^^^^
> 25 |   type Polygon3,
     | ^^^^^^^^^^^^^^^^
> 26 |   type RawHouseInput,
     | ^^^^^^^^^^^^^^^^^^^^^
> 27 | } from "@sp/geometry";
     | ^^^^^^^^^^^^^^^^^^^^^^
  28 | import { houseFormTransformToAssemblyPosition } from "./houseFormTransform";
  29 | import { buildHouseFormRawGeometryInput } from "./houseFormRawGeometry";
  30 | import { deriveCompositionUnionPolygon3 } from "./houseFormCompositionFootprint";

The export DEFAULT_GUTTER_DEPTH_MM was not found in module [project]/packages/geometry/src/index.ts [app-ssr] (ecmascript).
Did you mean to import EMPTY_HOUSE_ROOF_STAGE_DIAGNOSTICS?
All exports of the module are statically known (It doesn't have dynamic exports). So it's known statically that the requested export doesn't exist.

Import traces:
  Client Component Browser:
    ./apps/portal/lib/drawings/state/houseFormGeometryInput.ts [Client Component Browser]
    ./apps/portal/lib/drawings/state/objectWorkbenchStatusModel.ts [Client Component Browser]
    ./apps/portal/lib/drawings/state/drawingWorkbenchStore.ts [Client Component Browser]
    ./apps/portal/components/projects/ProjectPage/tabs/EstimatesTab.tsx [Client Component Browser]
    ./apps/portal/components/projects/ProjectPage/ProjectMainTabs.tsx [Client Component Browser]
    ./apps/portal/components/projects/ProjectPage/ProjectPageShell.tsx [Client Component Browser]
    ./apps/portal/components/projects/ProjectPage/ProjectPageFrame.tsx [Client Component Browser]
    ./apps/portal/app/staff/projects/[projectId]/ProjectSnapshotPageClient.tsx [Client Component Browser]
    ./apps/portal/app/staff/projects/[projectId]/ProjectSnapshotPageClient.tsx [Server Component]
    ./apps/portal/app/staff/projects/[projectId]/page.tsx [Server Component]

  Client Component SSR:
    ./apps/portal/lib/drawings/state/houseFormGeometryInput.ts [Client Component SSR]
    ./apps/portal/lib/drawings/state/objectWorkbenchStatusModel.ts [Client Component SSR]
    ./apps/portal/lib/drawings/state/drawingWorkbenchStore.ts [Client Component SSR]
    ./apps/portal/components/projects/ProjectPage/tabs/EstimatesTab.tsx [Client Component SSR]
    ./apps/portal/components/projects/ProjectPage/ProjectMainTabs.tsx [Client Component SSR]
    ./apps/portal/components/projects/ProjectPage/ProjectPageShell.tsx [Client Component SSR]
    ./apps/portal/components/projects/ProjectPage/ProjectPageFrame.tsx [Client Component SSR]
    ./apps/portal/app/staff/projects/[projectId]/ProjectSnapshotPageClient.tsx [Client Component SSR]
    ./apps/portal/app/staff/projects/[projectId]/ProjectSnapshotPageClient.tsx [Server Component]
    ./apps/portal/app/staff/projects/[projectId]/page.tsx [Server Component] @ http://localhost:3001/_next/static/chunks/node_modules_next_dist_115brz8._.js:3272
[ 2465045ms] [ERROR] ./apps/portal/lib/drawings/state/houseFormGeometryInput.ts:1:1
Export DEFAULT_GUTTER_PROJECTION_MM doesn't exist in target module
>  1 | import {
     | ^^^^^^^
>  2 |   applyHouseReferencePosition,
     | ^^^^^^^^^^^^^^^^^^^^^^^^^^^^^^
>  3 |   applyRoofQa,
     | ^^^^^^^^^^^^^^
>  4 |   buildHouseModel3DFromRawHouseInput,
     | ^^^^^^^^^^^^^^^^^^^^^^^^^^^^^^^^^^^^^
>  5 |   buildHouseReferenceProjectionShape,
     | ^^^^^^^^^^^^^^^^^^^^^^^^^^^^^^^^^^^^^
>  6 |   buildHouseRoofEnvelopeArtifacts,
     | ^^^^^^^^^^^^^^^^^^^^^^^^^^^^^^^^^^
>  7 |   buildHouseRoofModelPipeline,
     | ^^^^^^^^^^^^^^^^^^^^^^^^^^^^^^
>  8 |   composeFootprintFromComposition,
     | ^^^^^^^^^^^^^^^^^^^^^^^^^^^^^^^^^^
>  9 |   composeRoofFromComposition,
     | ^^^^^^^^^^^^^^^^^^^^^^^^^^^^^
> 10 |   DEFAULT_EAVE_OVERHANG_MM,
     | ^^^^^^^^^^^^^^^^^^^^^^^^^^^
> 11 |   DEFAULT_FASCIA_HEIGHT_MM,
     | ^^^^^^^^^^^^^^^^^^^^^^^^^^^
> 12 |   DEFAULT_GUTTER_DEPTH_MM,
     | ^^^^^^^^^^^^^^^^^^^^^^^^^^
> 13 |   DEFAULT_GUTTER_PROJECTION_MM,
     | ^^^^^^^^^^^^^^^^^^^^^^^^^^^^^^^
> 14 |   DEFAULT_GUTTER_WIDTH_MM,
     | ^^^^^^^^^^^^^^^^^^^^^^^^^^
> 15 |   DEFAULT_HOUSE_ROOF_MATERIAL,
     | ^^^^^^^^^^^^^^^^^^^^^^^^^^^^^^
> 16 |   DEFAULT_SOFFIT_DEPTH_MM,
     | ^^^^^^^^^^^^^^^^^^^^^^^^^^
> 17 |   EMPTY_HOUSE_ROOF_STAGE_DIAGNOSTICS,
     | ^^^^^^^^^^^^^^^^^^^^^^^^^^^^^^^^^^^^^
> 18 |   type GeometryTopProjectionShape,
     | ^^^^^^^^^^^^^^^^^^^^^^^^^^^^^^^^^^
> 19 |   type HouseComposition,
     | ^^^^^^^^^^^^^^^^^^^^^^^^
> 20 |   type HouseRoofModelPipelineFailureStage,
     | ^^^^^^^^^^^^^^^^^^^^^^^^^^^^^^^^^^^^^^^^^^
> 21 |   type HouseRoofStageDiagnostics,
     | ^^^^^^^^^^^^^^^^^^^^^^^^^^^^^^^^^
> 22 |   type HouseModel3D,
     | ^^^^^^^^^^^^^^^^^^^^
> 23 |   type RectangleRoofIntent,
     | ^^^^^^^^^^^^^^^^^^^^^^^^^^^
> 24 |   type HouseReferenceGeometry,
     | ^^^^^^^^^^^^^^^^^^^^^^^^^^^^^^
> 25 |   type Polygon3,
     | ^^^^^^^^^^^^^^^^
> 26 |   type RawHouseInput,
     | ^^^^^^^^^^^^^^^^^^^^^
> 27 | } from "@sp/geometry";
     | ^^^^^^^^^^^^^^^^^^^^^^
  28 | import { houseFormTransformToAssemblyPosition } from "./houseFormTransform";
  29 | import { buildHouseFormRawGeometryInput } from "./houseFormRawGeometry";
  30 | import { deriveCompositionUnionPolygon3 } from "./houseFormCompositionFootprint";

The export DEFAULT_GUTTER_PROJECTION_MM was not found in module [project]/packages/geometry/src/index.ts [app-client] (ecmascript).
Did you mean to import EMPTY_HOUSE_ROOF_STAGE_DIAGNOSTICS?
All exports of the module are statically known (It doesn't have dynamic exports). So it's known statically that the requested export doesn't exist.

Import traces:
  Client Component Browser:
    ./apps/portal/lib/drawings/state/houseFormGeometryInput.ts [Client Component Browser]
    ./apps/portal/lib/drawings/state/objectWorkbenchStatusModel.ts [Client Component Browser]
    ./apps/portal/lib/drawings/state/drawingWorkbenchStore.ts [Client Component Browser]
    ./apps/portal/components/projects/ProjectPage/tabs/EstimatesTab.tsx [Client Component Browser]
    ./apps/portal/components/projects/ProjectPage/ProjectMainTabs.tsx [Client Component Browser]
    ./apps/portal/components/projects/ProjectPage/ProjectPageShell.tsx [Client Component Browser]
    ./apps/portal/components/projects/ProjectPage/ProjectPageFrame.tsx [Client Component Browser]
    ./apps/portal/app/staff/projects/[projectId]/ProjectSnapshotPageClient.tsx [Client Component Browser]
    ./apps/portal/app/staff/projects/[projectId]/ProjectSnapshotPageClient.tsx [Server Component]
    ./apps/portal/app/staff/projects/[projectId]/page.tsx [Server Component]

  Client Component SSR:
    ./apps/portal/lib/drawings/state/houseFormGeometryInput.ts [Client Component SSR]
    ./apps/portal/lib/drawings/state/objectWorkbenchStatusModel.ts [Client Component SSR]
    ./apps/portal/lib/drawings/state/drawingWorkbenchStore.ts [Client Component SSR]
    ./apps/portal/components/projects/ProjectPage/tabs/EstimatesTab.tsx [Client Component SSR]
    ./apps/portal/components/projects/ProjectPage/ProjectMainTabs.tsx [Client Component SSR]
    ./apps/portal/components/projects/ProjectPage/ProjectPageShell.tsx [Client Component SSR]
    ./apps/portal/components/projects/ProjectPage/ProjectPageFrame.tsx [Client Component SSR]
    ./apps/portal/app/staff/projects/[projectId]/ProjectSnapshotPageClient.tsx [Client Component SSR]
    ./apps/portal/app/staff/projects/[projectId]/ProjectSnapshotPageClient.tsx [Server Component]
    ./apps/portal/app/staff/projects/[projectId]/page.tsx [Server Component] @ http://localhost:3001/_next/static/chunks/node_modules_next_dist_115brz8._.js:3272
[ 2465045ms] [ERROR] ./apps/portal/lib/drawings/state/houseFormGeometryInput.ts:1:1
Export DEFAULT_GUTTER_PROJECTION_MM doesn't exist in target module
>  1 | import {
     | ^^^^^^^
>  2 |   applyHouseReferencePosition,
     | ^^^^^^^^^^^^^^^^^^^^^^^^^^^^^^
>  3 |   applyRoofQa,
     | ^^^^^^^^^^^^^^
>  4 |   buildHouseModel3DFromRawHouseInput,
     | ^^^^^^^^^^^^^^^^^^^^^^^^^^^^^^^^^^^^^
>  5 |   buildHouseReferenceProjectionShape,
     | ^^^^^^^^^^^^^^^^^^^^^^^^^^^^^^^^^^^^^
>  6 |   buildHouseRoofEnvelopeArtifacts,
     | ^^^^^^^^^^^^^^^^^^^^^^^^^^^^^^^^^^
>  7 |   buildHouseRoofModelPipeline,
     | ^^^^^^^^^^^^^^^^^^^^^^^^^^^^^^
>  8 |   composeFootprintFromComposition,
     | ^^^^^^^^^^^^^^^^^^^^^^^^^^^^^^^^^^
>  9 |   composeRoofFromComposition,
     | ^^^^^^^^^^^^^^^^^^^^^^^^^^^^^
> 10 |   DEFAULT_EAVE_OVERHANG_MM,
     | ^^^^^^^^^^^^^^^^^^^^^^^^^^^
> 11 |   DEFAULT_FASCIA_HEIGHT_MM,
     | ^^^^^^^^^^^^^^^^^^^^^^^^^^^
> 12 |   DEFAULT_GUTTER_DEPTH_MM,
     | ^^^^^^^^^^^^^^^^^^^^^^^^^^
> 13 |   DEFAULT_GUTTER_PROJECTION_MM,
     | ^^^^^^^^^^^^^^^^^^^^^^^^^^^^^^^
> 14 |   DEFAULT_GUTTER_WIDTH_MM,
     | ^^^^^^^^^^^^^^^^^^^^^^^^^^
> 15 |   DEFAULT_HOUSE_ROOF_MATERIAL,
     | ^^^^^^^^^^^^^^^^^^^^^^^^^^^^^^
> 16 |   DEFAULT_SOFFIT_DEPTH_MM,
     | ^^^^^^^^^^^^^^^^^^^^^^^^^^
> 17 |   EMPTY_HOUSE_ROOF_STAGE_DIAGNOSTICS,
     | ^^^^^^^^^^^^^^^^^^^^^^^^^^^^^^^^^^^^^
> 18 |   type GeometryTopProjectionShape,
     | ^^^^^^^^^^^^^^^^^^^^^^^^^^^^^^^^^^
> 19 |   type HouseComposition,
     | ^^^^^^^^^^^^^^^^^^^^^^^^
> 20 |   type HouseRoofModelPipelineFailureStage,
     | ^^^^^^^^^^^^^^^^^^^^^^^^^^^^^^^^^^^^^^^^^^
> 21 |   type HouseRoofStageDiagnostics,
     | ^^^^^^^^^^^^^^^^^^^^^^^^^^^^^^^^^
> 22 |   type HouseModel3D,
     | ^^^^^^^^^^^^^^^^^^^^
> 23 |   type RectangleRoofIntent,
     | ^^^^^^^^^^^^^^^^^^^^^^^^^^^
> 24 |   type HouseReferenceGeometry,
     | ^^^^^^^^^^^^^^^^^^^^^^^^^^^^^^
> 25 |   type Polygon3,
     | ^^^^^^^^^^^^^^^^
> 26 |   type RawHouseInput,
     | ^^^^^^^^^^^^^^^^^^^^^
> 27 | } from "@sp/geometry";
     | ^^^^^^^^^^^^^^^^^^^^^^
  28 | import { houseFormTransformToAssemblyPosition } from "./houseFormTransform";
  29 | import { buildHouseFormRawGeometryInput } from "./houseFormRawGeometry";
  30 | import { deriveCompositionUnionPolygon3 } from "./houseFormCompositionFootprint";

The export DEFAULT_GUTTER_PROJECTION_MM was not found in module [project]/packages/geometry/src/index.ts [app-ssr] (ecmascript).
Did you mean to import EMPTY_HOUSE_ROOF_STAGE_DIAGNOSTICS?
All exports of the module are statically known (It doesn't have dynamic exports). So it's known statically that the requested export doesn't exist.

Import traces:
  Client Component Browser:
    ./apps/portal/lib/drawings/state/houseFormGeometryInput.ts [Client Component Browser]
    ./apps/portal/lib/drawings/state/objectWorkbenchStatusModel.ts [Client Component Browser]
    ./apps/portal/lib/drawings/state/drawingWorkbenchStore.ts [Client Component Browser]
    ./apps/portal/components/projects/ProjectPage/tabs/EstimatesTab.tsx [Client Component Browser]
    ./apps/portal/components/projects/ProjectPage/ProjectMainTabs.tsx [Client Component Browser]
    ./apps/portal/components/projects/ProjectPage/ProjectPageShell.tsx [Client Component Browser]
    ./apps/portal/components/projects/ProjectPage/ProjectPageFrame.tsx [Client Component Browser]
    ./apps/portal/app/staff/projects/[projectId]/ProjectSnapshotPageClient.tsx [Client Component Browser]
    ./apps/portal/app/staff/projects/[projectId]/ProjectSnapshotPageClient.tsx [Server Component]
    ./apps/portal/app/staff/projects/[projectId]/page.tsx [Server Component]

  Client Component SSR:
    ./apps/portal/lib/drawings/state/houseFormGeometryInput.ts [Client Component SSR]
    ./apps/portal/lib/drawings/state/objectWorkbenchStatusModel.ts [Client Component SSR]
    ./apps/portal/lib/drawings/state/drawingWorkbenchStore.ts [Client Component SSR]
    ./apps/portal/components/projects/ProjectPage/tabs/EstimatesTab.tsx [Client Component SSR]
    ./apps/portal/components/projects/ProjectPage/ProjectMainTabs.tsx [Client Component SSR]
    ./apps/portal/components/projects/ProjectPage/ProjectPageShell.tsx [Client Component SSR]
    ./apps/portal/components/projects/ProjectPage/ProjectPageFrame.tsx [Client Component SSR]
    ./apps/portal/app/staff/projects/[projectId]/ProjectSnapshotPageClient.tsx [Client Component SSR]
    ./apps/portal/app/staff/projects/[projectId]/ProjectSnapshotPageClient.tsx [Server Component]
    ./apps/portal/app/staff/projects/[projectId]/page.tsx [Server Component] @ http://localhost:3001/_next/static/chunks/node_modules_next_dist_115brz8._.js:3272
[ 2465046ms] [ERROR] ./apps/portal/lib/drawings/state/houseFormGeometryInput.ts:1:1
Export DEFAULT_GUTTER_WIDTH_MM doesn't exist in target module
>  1 | import {
     | ^^^^^^^
>  2 |   applyHouseReferencePosition,
     | ^^^^^^^^^^^^^^^^^^^^^^^^^^^^^^
>  3 |   applyRoofQa,
     | ^^^^^^^^^^^^^^
>  4 |   buildHouseModel3DFromRawHouseInput,
     | ^^^^^^^^^^^^^^^^^^^^^^^^^^^^^^^^^^^^^
>  5 |   buildHouseReferenceProjectionShape,
     | ^^^^^^^^^^^^^^^^^^^^^^^^^^^^^^^^^^^^^
>  6 |   buildHouseRoofEnvelopeArtifacts,
     | ^^^^^^^^^^^^^^^^^^^^^^^^^^^^^^^^^^
>  7 |   buildHouseRoofModelPipeline,
     | ^^^^^^^^^^^^^^^^^^^^^^^^^^^^^^
>  8 |   composeFootprintFromComposition,
     | ^^^^^^^^^^^^^^^^^^^^^^^^^^^^^^^^^^
>  9 |   composeRoofFromComposition,
     | ^^^^^^^^^^^^^^^^^^^^^^^^^^^^^
> 10 |   DEFAULT_EAVE_OVERHANG_MM,
     | ^^^^^^^^^^^^^^^^^^^^^^^^^^^
> 11 |   DEFAULT_FASCIA_HEIGHT_MM,
     | ^^^^^^^^^^^^^^^^^^^^^^^^^^^
> 12 |   DEFAULT_GUTTER_DEPTH_MM,
     | ^^^^^^^^^^^^^^^^^^^^^^^^^^
> 13 |   DEFAULT_GUTTER_PROJECTION_MM,
     | ^^^^^^^^^^^^^^^^^^^^^^^^^^^^^^^
> 14 |   DEFAULT_GUTTER_WIDTH_MM,
     | ^^^^^^^^^^^^^^^^^^^^^^^^^^
> 15 |   DEFAULT_HOUSE_ROOF_MATERIAL,
     | ^^^^^^^^^^^^^^^^^^^^^^^^^^^^^^
> 16 |   DEFAULT_SOFFIT_DEPTH_MM,
     | ^^^^^^^^^^^^^^^^^^^^^^^^^^
> 17 |   EMPTY_HOUSE_ROOF_STAGE_DIAGNOSTICS,
     | ^^^^^^^^^^^^^^^^^^^^^^^^^^^^^^^^^^^^^
> 18 |   type GeometryTopProjectionShape,
     | ^^^^^^^^^^^^^^^^^^^^^^^^^^^^^^^^^^
> 19 |   type HouseComposition,
     | ^^^^^^^^^^^^^^^^^^^^^^^^
> 20 |   type HouseRoofModelPipelineFailureStage,
     | ^^^^^^^^^^^^^^^^^^^^^^^^^^^^^^^^^^^^^^^^^^
> 21 |   type HouseRoofStageDiagnostics,
     | ^^^^^^^^^^^^^^^^^^^^^^^^^^^^^^^^^
> 22 |   type HouseModel3D,
     | ^^^^^^^^^^^^^^^^^^^^
> 23 |   type RectangleRoofIntent,
     | ^^^^^^^^^^^^^^^^^^^^^^^^^^^
> 24 |   type HouseReferenceGeometry,
     | ^^^^^^^^^^^^^^^^^^^^^^^^^^^^^^
> 25 |   type Polygon3,
     | ^^^^^^^^^^^^^^^^
> 26 |   type RawHouseInput,
     | ^^^^^^^^^^^^^^^^^^^^^
> 27 | } from "@sp/geometry";
     | ^^^^^^^^^^^^^^^^^^^^^^
  28 | import { houseFormTransformToAssemblyPosition } from "./houseFormTransform";
  29 | import { buildHouseFormRawGeometryInput } from "./houseFormRawGeometry";
  30 | import { deriveCompositionUnionPolygon3 } from "./houseFormCompositionFootprint";

The export DEFAULT_GUTTER_WIDTH_MM was not found in module [project]/packages/geometry/src/index.ts [app-client] (ecmascript).
Did you mean to import EMPTY_HOUSE_ROOF_STAGE_DIAGNOSTICS?
All exports of the module are statically known (It doesn't have dynamic exports). So it's known statically that the requested export doesn't exist.

Import traces:
  Client Component Browser:
    ./apps/portal/lib/drawings/state/houseFormGeometryInput.ts [Client Component Browser]
    ./apps/portal/lib/drawings/state/objectWorkbenchStatusModel.ts [Client Component Browser]
    ./apps/portal/lib/drawings/state/drawingWorkbenchStore.ts [Client Component Browser]
    ./apps/portal/components/projects/ProjectPage/tabs/EstimatesTab.tsx [Client Component Browser]
    ./apps/portal/components/projects/ProjectPage/ProjectMainTabs.tsx [Client Component Browser]
    ./apps/portal/components/projects/ProjectPage/ProjectPageShell.tsx [Client Component Browser]
    ./apps/portal/components/projects/ProjectPage/ProjectPageFrame.tsx [Client Component Browser]
    ./apps/portal/app/staff/projects/[projectId]/ProjectSnapshotPageClient.tsx [Client Component Browser]
    ./apps/portal/app/staff/projects/[projectId]/ProjectSnapshotPageClient.tsx [Server Component]
    ./apps/portal/app/staff/projects/[projectId]/page.tsx [Server Component]

  Client Component SSR:
    ./apps/portal/lib/drawings/state/houseFormGeometryInput.ts [Client Component SSR]
    ./apps/portal/lib/drawings/state/objectWorkbenchStatusModel.ts [Client Component SSR]
    ./apps/portal/lib/drawings/state/drawingWorkbenchStore.ts [Client Component SSR]
    ./apps/portal/components/projects/ProjectPage/tabs/EstimatesTab.tsx [Client Component SSR]
    ./apps/portal/components/projects/ProjectPage/ProjectMainTabs.tsx [Client Component SSR]
    ./apps/portal/components/projects/ProjectPage/ProjectPageShell.tsx [Client Component SSR]
    ./apps/portal/components/projects/ProjectPage/ProjectPageFrame.tsx [Client Component SSR]
    ./apps/portal/app/staff/projects/[projectId]/ProjectSnapshotPageClient.tsx [Client Component SSR]
    ./apps/portal/app/staff/projects/[projectId]/ProjectSnapshotPageClient.tsx [Server Component]
    ./apps/portal/app/staff/projects/[projectId]/page.tsx [Server Component] @ http://localhost:3001/_next/static/chunks/node_modules_next_dist_115brz8._.js:3272
[ 2465046ms] [ERROR] ./apps/portal/lib/drawings/state/houseFormGeometryInput.ts:1:1
Export DEFAULT_GUTTER_WIDTH_MM doesn't exist in target module
>  1 | import {
     | ^^^^^^^
>  2 |   applyHouseReferencePosition,
     | ^^^^^^^^^^^^^^^^^^^^^^^^^^^^^^
>  3 |   applyRoofQa,
     | ^^^^^^^^^^^^^^
>  4 |   buildHouseModel3DFromRawHouseInput,
     | ^^^^^^^^^^^^^^^^^^^^^^^^^^^^^^^^^^^^^
>  5 |   buildHouseReferenceProjectionShape,
     | ^^^^^^^^^^^^^^^^^^^^^^^^^^^^^^^^^^^^^
>  6 |   buildHouseRoofEnvelopeArtifacts,
     | ^^^^^^^^^^^^^^^^^^^^^^^^^^^^^^^^^^
>  7 |   buildHouseRoofModelPipeline,
     | ^^^^^^^^^^^^^^^^^^^^^^^^^^^^^^
>  8 |   composeFootprintFromComposition,
     | ^^^^^^^^^^^^^^^^^^^^^^^^^^^^^^^^^^
>  9 |   composeRoofFromComposition,
     | ^^^^^^^^^^^^^^^^^^^^^^^^^^^^^
> 10 |   DEFAULT_EAVE_OVERHANG_MM,
     | ^^^^^^^^^^^^^^^^^^^^^^^^^^^
> 11 |   DEFAULT_FASCIA_HEIGHT_MM,
     | ^^^^^^^^^^^^^^^^^^^^^^^^^^^
> 12 |   DEFAULT_GUTTER_DEPTH_MM,
     | ^^^^^^^^^^^^^^^^^^^^^^^^^^
> 13 |   DEFAULT_GUTTER_PROJECTION_MM,
     | ^^^^^^^^^^^^^^^^^^^^^^^^^^^^^^^
> 14 |   DEFAULT_GUTTER_WIDTH_MM,
     | ^^^^^^^^^^^^^^^^^^^^^^^^^^
> 15 |   DEFAULT_HOUSE_ROOF_MATERIAL,
     | ^^^^^^^^^^^^^^^^^^^^^^^^^^^^^^
> 16 |   DEFAULT_SOFFIT_DEPTH_MM,
     | ^^^^^^^^^^^^^^^^^^^^^^^^^^
> 17 |   EMPTY_HOUSE_ROOF_STAGE_DIAGNOSTICS,
     | ^^^^^^^^^^^^^^^^^^^^^^^^^^^^^^^^^^^^^
> 18 |   type GeometryTopProjectionShape,
     | ^^^^^^^^^^^^^^^^^^^^^^^^^^^^^^^^^^
> 19 |   type HouseComposition,
     | ^^^^^^^^^^^^^^^^^^^^^^^^
> 20 |   type HouseRoofModelPipelineFailureStage,
     | ^^^^^^^^^^^^^^^^^^^^^^^^^^^^^^^^^^^^^^^^^^
> 21 |   type HouseRoofStageDiagnostics,
     | ^^^^^^^^^^^^^^^^^^^^^^^^^^^^^^^^^
> 22 |   type HouseModel3D,
     | ^^^^^^^^^^^^^^^^^^^^
> 23 |   type RectangleRoofIntent,
     | ^^^^^^^^^^^^^^^^^^^^^^^^^^^
> 24 |   type HouseReferenceGeometry,
     | ^^^^^^^^^^^^^^^^^^^^^^^^^^^^^^
> 25 |   type Polygon3,
     | ^^^^^^^^^^^^^^^^
> 26 |   type RawHouseInput,
     | ^^^^^^^^^^^^^^^^^^^^^
> 27 | } from "@sp/geometry";
     | ^^^^^^^^^^^^^^^^^^^^^^
  28 | import { houseFormTransformToAssemblyPosition } from "./houseFormTransform";
  29 | import { buildHouseFormRawGeometryInput } from "./houseFormRawGeometry";
  30 | import { deriveCompositionUnionPolygon3 } from "./houseFormCompositionFootprint";

The export DEFAULT_GUTTER_WIDTH_MM was not found in module [project]/packages/geometry/src/index.ts [app-ssr] (ecmascript).
Did you mean to import EMPTY_HOUSE_ROOF_STAGE_DIAGNOSTICS?
All exports of the module are statically known (It doesn't have dynamic exports). So it's known statically that the requested export doesn't exist.

Import traces:
  Client Component Browser:
    ./apps/portal/lib/drawings/state/houseFormGeometryInput.ts [Client Component Browser]
    ./apps/portal/lib/drawings/state/objectWorkbenchStatusModel.ts [Client Component Browser]
    ./apps/portal/lib/drawings/state/drawingWorkbenchStore.ts [Client Component Browser]
    ./apps/portal/components/projects/ProjectPage/tabs/EstimatesTab.tsx [Client Component Browser]
    ./apps/portal/components/projects/ProjectPage/ProjectMainTabs.tsx [Client Component Browser]
    ./apps/portal/components/projects/ProjectPage/ProjectPageShell.tsx [Client Component Browser]
    ./apps/portal/components/projects/ProjectPage/ProjectPageFrame.tsx [Client Component Browser]
    ./apps/portal/app/staff/projects/[projectId]/ProjectSnapshotPageClient.tsx [Client Component Browser]
    ./apps/portal/app/staff/projects/[projectId]/ProjectSnapshotPageClient.tsx [Server Component]
    ./apps/portal/app/staff/projects/[projectId]/page.tsx [Server Component]

  Client Component SSR:
    ./apps/portal/lib/drawings/state/houseFormGeometryInput.ts [Client Component SSR]
    ./apps/portal/lib/drawings/state/objectWorkbenchStatusModel.ts [Client Component SSR]
    ./apps/portal/lib/drawings/state/drawingWorkbenchStore.ts [Client Component SSR]
    ./apps/portal/components/projects/ProjectPage/tabs/EstimatesTab.tsx [Client Component SSR]
    ./apps/portal/components/projects/ProjectPage/ProjectMainTabs.tsx [Client Component SSR]
    ./apps/portal/components/projects/ProjectPage/ProjectPageShell.tsx [Client Component SSR]
    ./apps/portal/components/projects/ProjectPage/ProjectPageFrame.tsx [Client Component SSR]
    ./apps/portal/app/staff/projects/[projectId]/ProjectSnapshotPageClient.tsx [Client Component SSR]
    ./apps/portal/app/staff/projects/[projectId]/ProjectSnapshotPageClient.tsx [Server Component]
    ./apps/portal/app/staff/projects/[projectId]/page.tsx [Server Component] @ http://localhost:3001/_next/static/chunks/node_modules_next_dist_115brz8._.js:3272
[ 2465046ms] [ERROR] ./apps/portal/lib/drawings/state/houseFormGeometryInput.ts:1:1
Export DEFAULT_HOUSE_ROOF_MATERIAL doesn't exist in target module
>  1 | import {
     | ^^^^^^^
>  2 |   applyHouseReferencePosition,
     | ^^^^^^^^^^^^^^^^^^^^^^^^^^^^^^
>  3 |   applyRoofQa,
     | ^^^^^^^^^^^^^^
>  4 |   buildHouseModel3DFromRawHouseInput,
     | ^^^^^^^^^^^^^^^^^^^^^^^^^^^^^^^^^^^^^
>  5 |   buildHouseReferenceProjectionShape,
     | ^^^^^^^^^^^^^^^^^^^^^^^^^^^^^^^^^^^^^
>  6 |   buildHouseRoofEnvelopeArtifacts,
     | ^^^^^^^^^^^^^^^^^^^^^^^^^^^^^^^^^^
>  7 |   buildHouseRoofModelPipeline,
     | ^^^^^^^^^^^^^^^^^^^^^^^^^^^^^^
>  8 |   composeFootprintFromComposition,
     | ^^^^^^^^^^^^^^^^^^^^^^^^^^^^^^^^^^
>  9 |   composeRoofFromComposition,
     | ^^^^^^^^^^^^^^^^^^^^^^^^^^^^^
> 10 |   DEFAULT_EAVE_OVERHANG_MM,
     | ^^^^^^^^^^^^^^^^^^^^^^^^^^^
> 11 |   DEFAULT_FASCIA_HEIGHT_MM,
     | ^^^^^^^^^^^^^^^^^^^^^^^^^^^
> 12 |   DEFAULT_GUTTER_DEPTH_MM,
     | ^^^^^^^^^^^^^^^^^^^^^^^^^^
> 13 |   DEFAULT_GUTTER_PROJECTION_MM,
     | ^^^^^^^^^^^^^^^^^^^^^^^^^^^^^^^
> 14 |   DEFAULT_GUTTER_WIDTH_MM,
     | ^^^^^^^^^^^^^^^^^^^^^^^^^^
> 15 |   DEFAULT_HOUSE_ROOF_MATERIAL,
     | ^^^^^^^^^^^^^^^^^^^^^^^^^^^^^^
> 16 |   DEFAULT_SOFFIT_DEPTH_MM,
     | ^^^^^^^^^^^^^^^^^^^^^^^^^^
> 17 |   EMPTY_HOUSE_ROOF_STAGE_DIAGNOSTICS,
     | ^^^^^^^^^^^^^^^^^^^^^^^^^^^^^^^^^^^^^
> 18 |   type GeometryTopProjectionShape,
     | ^^^^^^^^^^^^^^^^^^^^^^^^^^^^^^^^^^
> 19 |   type HouseComposition,
     | ^^^^^^^^^^^^^^^^^^^^^^^^
> 20 |   type HouseRoofModelPipelineFailureStage,
     | ^^^^^^^^^^^^^^^^^^^^^^^^^^^^^^^^^^^^^^^^^^
> 21 |   type HouseRoofStageDiagnostics,
     | ^^^^^^^^^^^^^^^^^^^^^^^^^^^^^^^^^
> 22 |   type HouseModel3D,
     | ^^^^^^^^^^^^^^^^^^^^
> 23 |   type RectangleRoofIntent,
     | ^^^^^^^^^^^^^^^^^^^^^^^^^^^
> 24 |   type HouseReferenceGeometry,
     | ^^^^^^^^^^^^^^^^^^^^^^^^^^^^^^
> 25 |   type Polygon3,
     | ^^^^^^^^^^^^^^^^
> 26 |   type RawHouseInput,
     | ^^^^^^^^^^^^^^^^^^^^^
> 27 | } from "@sp/geometry";
     | ^^^^^^^^^^^^^^^^^^^^^^
  28 | import { houseFormTransformToAssemblyPosition } from "./houseFormTransform";
  29 | import { buildHouseFormRawGeometryInput } from "./houseFormRawGeometry";
  30 | import { deriveCompositionUnionPolygon3 } from "./houseFormCompositionFootprint";

The export DEFAULT_HOUSE_ROOF_MATERIAL was not found in module [project]/packages/geometry/src/index.ts [app-client] (ecmascript).
Did you mean to import HOUSE_ROOF_FORM_BEHAVIORS?
All exports of the module are statically known (It doesn't have dynamic exports). So it's known statically that the requested export doesn't exist.

Import traces:
  Client Component Browser:
    ./apps/portal/lib/drawings/state/houseFormGeometryInput.ts [Client Component Browser]
    ./apps/portal/lib/drawings/state/objectWorkbenchStatusModel.ts [Client Component Browser]
    ./apps/portal/lib/drawings/state/drawingWorkbenchStore.ts [Client Component Browser]
    ./apps/portal/components/projects/ProjectPage/tabs/EstimatesTab.tsx [Client Component Browser]
    ./apps/portal/components/projects/ProjectPage/ProjectMainTabs.tsx [Client Component Browser]
    ./apps/portal/components/projects/ProjectPage/ProjectPageShell.tsx [Client Component Browser]
    ./apps/portal/components/projects/ProjectPage/ProjectPageFrame.tsx [Client Component Browser]
    ./apps/portal/app/staff/projects/[projectId]/ProjectSnapshotPageClient.tsx [Client Component Browser]
    ./apps/portal/app/staff/projects/[projectId]/ProjectSnapshotPageClient.tsx [Server Component]
    ./apps/portal/app/staff/projects/[projectId]/page.tsx [Server Component]

  Client Component SSR:
    ./apps/portal/lib/drawings/state/houseFormGeometryInput.ts [Client Component SSR]
    ./apps/portal/lib/drawings/state/objectWorkbenchStatusModel.ts [Client Component SSR]
    ./apps/portal/lib/drawings/state/drawingWorkbenchStore.ts [Client Component SSR]
    ./apps/portal/components/projects/ProjectPage/tabs/EstimatesTab.tsx [Client Component SSR]
    ./apps/portal/components/projects/ProjectPage/ProjectMainTabs.tsx [Client Component SSR]
    ./apps/portal/components/projects/ProjectPage/ProjectPageShell.tsx [Client Component SSR]
    ./apps/portal/components/projects/ProjectPage/ProjectPageFrame.tsx [Client Component SSR]
    ./apps/portal/app/staff/projects/[projectId]/ProjectSnapshotPageClient.tsx [Client Component SSR]
    ./apps/portal/app/staff/projects/[projectId]/ProjectSnapshotPageClient.tsx [Server Component]
    ./apps/portal/app/staff/projects/[projectId]/page.tsx [Server Component] @ http://localhost:3001/_next/static/chunks/node_modules_next_dist_115brz8._.js:3272
[ 2465046ms] [ERROR] ./apps/portal/lib/drawings/state/houseFormGeometryInput.ts:1:1
Export DEFAULT_HOUSE_ROOF_MATERIAL doesn't exist in target module
>  1 | import {
     | ^^^^^^^
>  2 |   applyHouseReferencePosition,
     | ^^^^^^^^^^^^^^^^^^^^^^^^^^^^^^
>  3 |   applyRoofQa,
     | ^^^^^^^^^^^^^^
>  4 |   buildHouseModel3DFromRawHouseInput,
     | ^^^^^^^^^^^^^^^^^^^^^^^^^^^^^^^^^^^^^
>  5 |   buildHouseReferenceProjectionShape,
     | ^^^^^^^^^^^^^^^^^^^^^^^^^^^^^^^^^^^^^
>  6 |   buildHouseRoofEnvelopeArtifacts,
     | ^^^^^^^^^^^^^^^^^^^^^^^^^^^^^^^^^^
>  7 |   buildHouseRoofModelPipeline,
     | ^^^^^^^^^^^^^^^^^^^^^^^^^^^^^^
>  8 |   composeFootprintFromComposition,
     | ^^^^^^^^^^^^^^^^^^^^^^^^^^^^^^^^^^
>  9 |   composeRoofFromComposition,
     | ^^^^^^^^^^^^^^^^^^^^^^^^^^^^^
> 10 |   DEFAULT_EAVE_OVERHANG_MM,
     | ^^^^^^^^^^^^^^^^^^^^^^^^^^^
> 11 |   DEFAULT_FASCIA_HEIGHT_MM,
     | ^^^^^^^^^^^^^^^^^^^^^^^^^^^
> 12 |   DEFAULT_GUTTER_DEPTH_MM,
     | ^^^^^^^^^^^^^^^^^^^^^^^^^^
> 13 |   DEFAULT_GUTTER_PROJECTION_MM,
     | ^^^^^^^^^^^^^^^^^^^^^^^^^^^^^^^
> 14 |   DEFAULT_GUTTER_WIDTH_MM,
     | ^^^^^^^^^^^^^^^^^^^^^^^^^^
> 15 |   DEFAULT_HOUSE_ROOF_MATERIAL,
     | ^^^^^^^^^^^^^^^^^^^^^^^^^^^^^^
> 16 |   DEFAULT_SOFFIT_DEPTH_MM,
     | ^^^^^^^^^^^^^^^^^^^^^^^^^^
> 17 |   EMPTY_HOUSE_ROOF_STAGE_DIAGNOSTICS,
     | ^^^^^^^^^^^^^^^^^^^^^^^^^^^^^^^^^^^^^
> 18 |   type GeometryTopProjectionShape,
     | ^^^^^^^^^^^^^^^^^^^^^^^^^^^^^^^^^^
> 19 |   type HouseComposition,
     | ^^^^^^^^^^^^^^^^^^^^^^^^
> 20 |   type HouseRoofModelPipelineFailureStage,
     | ^^^^^^^^^^^^^^^^^^^^^^^^^^^^^^^^^^^^^^^^^^
> 21 |   type HouseRoofStageDiagnostics,
     | ^^^^^^^^^^^^^^^^^^^^^^^^^^^^^^^^^
> 22 |   type HouseModel3D,
     | ^^^^^^^^^^^^^^^^^^^^
> 23 |   type RectangleRoofIntent,
     | ^^^^^^^^^^^^^^^^^^^^^^^^^^^
> 24 |   type HouseReferenceGeometry,
     | ^^^^^^^^^^^^^^^^^^^^^^^^^^^^^^
> 25 |   type Polygon3,
     | ^^^^^^^^^^^^^^^^
> 26 |   type RawHouseInput,
     | ^^^^^^^^^^^^^^^^^^^^^
> 27 | } from "@sp/geometry";
     | ^^^^^^^^^^^^^^^^^^^^^^
  28 | import { houseFormTransformToAssemblyPosition } from "./houseFormTransform";
  29 | import { buildHouseFormRawGeometryInput } from "./houseFormRawGeometry";
  30 | import { deriveCompositionUnionPolygon3 } from "./houseFormCompositionFootprint";

The export DEFAULT_HOUSE_ROOF_MATERIAL was not found in module [project]/packages/geometry/src/index.ts [app-ssr] (ecmascript).
Did you mean to import HOUSE_ROOF_FORM_BEHAVIORS?
All exports of the module are statically known (It doesn't have dynamic exports). So it's known statically that the requested export doesn't exist.

Import traces:
  Client Component Browser:
    ./apps/portal/lib/drawings/state/houseFormGeometryInput.ts [Client Component Browser]
    ./apps/portal/lib/drawings/state/objectWorkbenchStatusModel.ts [Client Component Browser]
    ./apps/portal/lib/drawings/state/drawingWorkbenchStore.ts [Client Component Browser]
    ./apps/portal/components/projects/ProjectPage/tabs/EstimatesTab.tsx [Client Component Browser]
    ./apps/portal/components/projects/ProjectPage/ProjectMainTabs.tsx [Client Component Browser]
    ./apps/portal/components/projects/ProjectPage/ProjectPageShell.tsx [Client Component Browser]
    ./apps/portal/components/projects/ProjectPage/ProjectPageFrame.tsx [Client Component Browser]
    ./apps/portal/app/staff/projects/[projectId]/ProjectSnapshotPageClient.tsx [Client Component Browser]
    ./apps/portal/app/staff/projects/[projectId]/ProjectSnapshotPageClient.tsx [Server Component]
    ./apps/portal/app/staff/projects/[projectId]/page.tsx [Server Component]

  Client Component SSR:
    ./apps/portal/lib/drawings/state/houseFormGeometryInput.ts [Client Component SSR]
    ./apps/portal/lib/drawings/state/objectWorkbenchStatusModel.ts [Client Component SSR]
    ./apps/portal/lib/drawings/state/drawingWorkbenchStore.ts [Client Component SSR]
    ./apps/portal/components/projects/ProjectPage/tabs/EstimatesTab.tsx [Client Component SSR]
    ./apps/portal/components/projects/ProjectPage/ProjectMainTabs.tsx [Client Component SSR]
    ./apps/portal/components/projects/ProjectPage/ProjectPageShell.tsx [Client Component SSR]
    ./apps/portal/components/projects/ProjectPage/ProjectPageFrame.tsx [Client Component SSR]
    ./apps/portal/app/staff/projects/[projectId]/ProjectSnapshotPageClient.tsx [Client Component SSR]
    ./apps/portal/app/staff/projects/[projectId]/ProjectSnapshotPageClient.tsx [Server Component]
    ./apps/portal/app/staff/projects/[projectId]/page.tsx [Server Component] @ http://localhost:3001/_next/static/chunks/node_modules_next_dist_115brz8._.js:3272
[ 2465046ms] [ERROR] ./apps/portal/lib/drawings/state/houseFormGeometryInput.ts:1:1
Export DEFAULT_SOFFIT_DEPTH_MM doesn't exist in target module
>  1 | import {
     | ^^^^^^^
>  2 |   applyHouseReferencePosition,
     | ^^^^^^^^^^^^^^^^^^^^^^^^^^^^^^
>  3 |   applyRoofQa,
     | ^^^^^^^^^^^^^^
>  4 |   buildHouseModel3DFromRawHouseInput,
     | ^^^^^^^^^^^^^^^^^^^^^^^^^^^^^^^^^^^^^
>  5 |   buildHouseReferenceProjectionShape,
     | ^^^^^^^^^^^^^^^^^^^^^^^^^^^^^^^^^^^^^
>  6 |   buildHouseRoofEnvelopeArtifacts,
     | ^^^^^^^^^^^^^^^^^^^^^^^^^^^^^^^^^^
>  7 |   buildHouseRoofModelPipeline,
     | ^^^^^^^^^^^^^^^^^^^^^^^^^^^^^^
>  8 |   composeFootprintFromComposition,
     | ^^^^^^^^^^^^^^^^^^^^^^^^^^^^^^^^^^
>  9 |   composeRoofFromComposition,
     | ^^^^^^^^^^^^^^^^^^^^^^^^^^^^^
> 10 |   DEFAULT_EAVE_OVERHANG_MM,
     | ^^^^^^^^^^^^^^^^^^^^^^^^^^^
> 11 |   DEFAULT_FASCIA_HEIGHT_MM,
     | ^^^^^^^^^^^^^^^^^^^^^^^^^^^
> 12 |   DEFAULT_GUTTER_DEPTH_MM,
     | ^^^^^^^^^^^^^^^^^^^^^^^^^^
> 13 |   DEFAULT_GUTTER_PROJECTION_MM,
     | ^^^^^^^^^^^^^^^^^^^^^^^^^^^^^^^
> 14 |   DEFAULT_GUTTER_WIDTH_MM,
     | ^^^^^^^^^^^^^^^^^^^^^^^^^^
> 15 |   DEFAULT_HOUSE_ROOF_MATERIAL,
     | ^^^^^^^^^^^^^^^^^^^^^^^^^^^^^^
> 16 |   DEFAULT_SOFFIT_DEPTH_MM,
     | ^^^^^^^^^^^^^^^^^^^^^^^^^^
> 17 |   EMPTY_HOUSE_ROOF_STAGE_DIAGNOSTICS,
     | ^^^^^^^^^^^^^^^^^^^^^^^^^^^^^^^^^^^^^
> 18 |   type GeometryTopProjectionShape,
     | ^^^^^^^^^^^^^^^^^^^^^^^^^^^^^^^^^^
> 19 |   type HouseComposition,
     | ^^^^^^^^^^^^^^^^^^^^^^^^
> 20 |   type HouseRoofModelPipelineFailureStage,
     | ^^^^^^^^^^^^^^^^^^^^^^^^^^^^^^^^^^^^^^^^^^
> 21 |   type HouseRoofStageDiagnostics,
     | ^^^^^^^^^^^^^^^^^^^^^^^^^^^^^^^^^
> 22 |   type HouseModel3D,
     | ^^^^^^^^^^^^^^^^^^^^
> 23 |   type RectangleRoofIntent,
     | ^^^^^^^^^^^^^^^^^^^^^^^^^^^
> 24 |   type HouseReferenceGeometry,
     | ^^^^^^^^^^^^^^^^^^^^^^^^^^^^^^
> 25 |   type Polygon3,
     | ^^^^^^^^^^^^^^^^
> 26 |   type RawHouseInput,
     | ^^^^^^^^^^^^^^^^^^^^^
> 27 | } from "@sp/geometry";
     | ^^^^^^^^^^^^^^^^^^^^^^
  28 | import { houseFormTransformToAssemblyPosition } from "./houseFormTransform";
  29 | import { buildHouseFormRawGeometryInput } from "./houseFormRawGeometry";
  30 | import { deriveCompositionUnionPolygon3 } from "./houseFormCompositionFootprint";

The export DEFAULT_SOFFIT_DEPTH_MM was not found in module [project]/packages/geometry/src/index.ts [app-client] (ecmascript).
Did you mean to import EMPTY_HOUSE_ROOF_STAGE_DIAGNOSTICS?
All exports of the module are statically known (It doesn't have dynamic exports). So it's known statically that the requested export doesn't exist.

Import traces:
  Client Component Browser:
    ./apps/portal/lib/drawings/state/houseFormGeometryInput.ts [Client Component Browser]
    ./apps/portal/lib/drawings/state/objectWorkbenchStatusModel.ts [Client Component Browser]
    ./apps/portal/lib/drawings/state/drawingWorkbenchStore.ts [Client Component Browser]
    ./apps/portal/components/projects/ProjectPage/tabs/EstimatesTab.tsx [Client Component Browser]
    ./apps/portal/components/projects/ProjectPage/ProjectMainTabs.tsx [Client Component Browser]
    ./apps/portal/components/projects/ProjectPage/ProjectPageShell.tsx [Client Component Browser]
    ./apps/portal/components/projects/ProjectPage/ProjectPageFrame.tsx [Client Component Browser]
    ./apps/portal/app/staff/projects/[projectId]/ProjectSnapshotPageClient.tsx [Client Component Browser]
    ./apps/portal/app/staff/projects/[projectId]/ProjectSnapshotPageClient.tsx [Server Component]
    ./apps/portal/app/staff/projects/[projectId]/page.tsx [Server Component]

  Client Component SSR:
    ./apps/portal/lib/drawings/state/houseFormGeometryInput.ts [Client Component SSR]
    ./apps/portal/lib/drawings/state/objectWorkbenchStatusModel.ts [Client Component SSR]
    ./apps/portal/lib/drawings/state/drawingWorkbenchStore.ts [Client Component SSR]
    ./apps/portal/components/projects/ProjectPage/tabs/EstimatesTab.tsx [Client Component SSR]
    ./apps/portal/components/projects/ProjectPage/ProjectMainTabs.tsx [Client Component SSR]
    ./apps/portal/components/projects/ProjectPage/ProjectPageShell.tsx [Client Component SSR]
    ./apps/portal/components/projects/ProjectPage/ProjectPageFrame.tsx [Client Component SSR]
    ./apps/portal/app/staff/projects/[projectId]/ProjectSnapshotPageClient.tsx [Client Component SSR]
    ./apps/portal/app/staff/projects/[projectId]/ProjectSnapshotPageClient.tsx [Server Component]
    ./apps/portal/app/staff/projects/[projectId]/page.tsx [Server Component] @ http://localhost:3001/_next/static/chunks/node_modules_next_dist_115brz8._.js:3272
[ 2465046ms] [ERROR] ./apps/portal/lib/drawings/state/houseFormGeometryInput.ts:1:1
Export DEFAULT_SOFFIT_DEPTH_MM doesn't exist in target module
>  1 | import {
     | ^^^^^^^
>  2 |   applyHouseReferencePosition,
     | ^^^^^^^^^^^^^^^^^^^^^^^^^^^^^^
>  3 |   applyRoofQa,
     | ^^^^^^^^^^^^^^
>  4 |   buildHouseModel3DFromRawHouseInput,
     | ^^^^^^^^^^^^^^^^^^^^^^^^^^^^^^^^^^^^^
>  5 |   buildHouseReferenceProjectionShape,
     | ^^^^^^^^^^^^^^^^^^^^^^^^^^^^^^^^^^^^^
>  6 |   buildHouseRoofEnvelopeArtifacts,
     | ^^^^^^^^^^^^^^^^^^^^^^^^^^^^^^^^^^
>  7 |   buildHouseRoofModelPipeline,
     | ^^^^^^^^^^^^^^^^^^^^^^^^^^^^^^
>  8 |   composeFootprintFromComposition,
     | ^^^^^^^^^^^^^^^^^^^^^^^^^^^^^^^^^^
>  9 |   composeRoofFromComposition,
     | ^^^^^^^^^^^^^^^^^^^^^^^^^^^^^
> 10 |   DEFAULT_EAVE_OVERHANG_MM,
     | ^^^^^^^^^^^^^^^^^^^^^^^^^^^
> 11 |   DEFAULT_FASCIA_HEIGHT_MM,
     | ^^^^^^^^^^^^^^^^^^^^^^^^^^^
> 12 |   DEFAULT_GUTTER_DEPTH_MM,
     | ^^^^^^^^^^^^^^^^^^^^^^^^^^
> 13 |   DEFAULT_GUTTER_PROJECTION_MM,
     | ^^^^^^^^^^^^^^^^^^^^^^^^^^^^^^^
> 14 |   DEFAULT_GUTTER_WIDTH_MM,
     | ^^^^^^^^^^^^^^^^^^^^^^^^^^
> 15 |   DEFAULT_HOUSE_ROOF_MATERIAL,
     | ^^^^^^^^^^^^^^^^^^^^^^^^^^^^^^
> 16 |   DEFAULT_SOFFIT_DEPTH_MM,
     | ^^^^^^^^^^^^^^^^^^^^^^^^^^
> 17 |   EMPTY_HOUSE_ROOF_STAGE_DIAGNOSTICS,
     | ^^^^^^^^^^^^^^^^^^^^^^^^^^^^^^^^^^^^^
> 18 |   type GeometryTopProjectionShape,
     | ^^^^^^^^^^^^^^^^^^^^^^^^^^^^^^^^^^
> 19 |   type HouseComposition,
     | ^^^^^^^^^^^^^^^^^^^^^^^^
> 20 |   type HouseRoofModelPipelineFailureStage,
     | ^^^^^^^^^^^^^^^^^^^^^^^^^^^^^^^^^^^^^^^^^^
> 21 |   type HouseRoofStageDiagnostics,
     | ^^^^^^^^^^^^^^^^^^^^^^^^^^^^^^^^^
> 22 |   type HouseModel3D,
     | ^^^^^^^^^^^^^^^^^^^^
> 23 |   type RectangleRoofIntent,
     | ^^^^^^^^^^^^^^^^^^^^^^^^^^^
> 24 |   type HouseReferenceGeometry,
     | ^^^^^^^^^^^^^^^^^^^^^^^^^^^^^^
> 25 |   type Polygon3,
     | ^^^^^^^^^^^^^^^^
> 26 |   type RawHouseInput,
     | ^^^^^^^^^^^^^^^^^^^^^
> 27 | } from "@sp/geometry";
     | ^^^^^^^^^^^^^^^^^^^^^^
  28 | import { houseFormTransformToAssemblyPosition } from "./houseFormTransform";
  29 | import { buildHouseFormRawGeometryInput } from "./houseFormRawGeometry";
  30 | import { deriveCompositionUnionPolygon3 } from "./houseFormCompositionFootprint";

The export DEFAULT_SOFFIT_DEPTH_MM was not found in module [project]/packages/geometry/src/index.ts [app-ssr] (ecmascript).
Did you mean to import EMPTY_HOUSE_ROOF_STAGE_DIAGNOSTICS?
All exports of the module are statically known (It doesn't have dynamic exports). So it's known statically that the requested export doesn't exist.

Import traces:
  Client Component Browser:
    ./apps/portal/lib/drawings/state/houseFormGeometryInput.ts [Client Component Browser]
    ./apps/portal/lib/drawings/state/objectWorkbenchStatusModel.ts [Client Component Browser]
    ./apps/portal/lib/drawings/state/drawingWorkbenchStore.ts [Client Component Browser]
    ./apps/portal/components/projects/ProjectPage/tabs/EstimatesTab.tsx [Client Component Browser]
    ./apps/portal/components/projects/ProjectPage/ProjectMainTabs.tsx [Client Component Browser]
    ./apps/portal/components/projects/ProjectPage/ProjectPageShell.tsx [Client Component Browser]
    ./apps/portal/components/projects/ProjectPage/ProjectPageFrame.tsx [Client Component Browser]
    ./apps/portal/app/staff/projects/[projectId]/ProjectSnapshotPageClient.tsx [Client Component Browser]
    ./apps/portal/app/staff/projects/[projectId]/ProjectSnapshotPageClient.tsx [Server Component]
    ./apps/portal/app/staff/projects/[projectId]/page.tsx [Server Component]

  Client Component SSR:
    ./apps/portal/lib/drawings/state/houseFormGeometryInput.ts [Client Component SSR]
    ./apps/portal/lib/drawings/state/objectWorkbenchStatusModel.ts [Client Component SSR]
    ./apps/portal/lib/drawings/state/drawingWorkbenchStore.ts [Client Component SSR]
    ./apps/portal/components/projects/ProjectPage/tabs/EstimatesTab.tsx [Client Component SSR]
    ./apps/portal/components/projects/ProjectPage/ProjectMainTabs.tsx [Client Component SSR]
    ./apps/portal/components/projects/ProjectPage/ProjectPageShell.tsx [Client Component SSR]
    ./apps/portal/components/projects/ProjectPage/ProjectPageFrame.tsx [Client Component SSR]
    ./apps/portal/app/staff/projects/[projectId]/ProjectSnapshotPageClient.tsx [Client Component SSR]
    ./apps/portal/app/staff/projects/[projectId]/ProjectSnapshotPageClient.tsx [Server Component]
    ./apps/portal/app/staff/projects/[projectId]/page.tsx [Server Component] @ http://localhost:3001/_next/static/chunks/node_modules_next_dist_115brz8._.js:3272
[ 2465047ms] [ERROR] ./apps/portal/lib/drawings/state/houseFormGeometryInput.ts:1:1
Export buildHouseRoofEnvelopeArtifacts doesn't exist in target module
>  1 | import {
     | ^^^^^^^
>  2 |   applyHouseReferencePosition,
     | ^^^^^^^^^^^^^^^^^^^^^^^^^^^^^^
>  3 |   applyRoofQa,
     | ^^^^^^^^^^^^^^
>  4 |   buildHouseModel3DFromRawHouseInput,
     | ^^^^^^^^^^^^^^^^^^^^^^^^^^^^^^^^^^^^^
>  5 |   buildHouseReferenceProjectionShape,
     | ^^^^^^^^^^^^^^^^^^^^^^^^^^^^^^^^^^^^^
>  6 |   buildHouseRoofEnvelopeArtifacts,
     | ^^^^^^^^^^^^^^^^^^^^^^^^^^^^^^^^^^
>  7 |   buildHouseRoofModelPipeline,
     | ^^^^^^^^^^^^^^^^^^^^^^^^^^^^^^
>  8 |   composeFootprintFromComposition,
     | ^^^^^^^^^^^^^^^^^^^^^^^^^^^^^^^^^^
>  9 |   composeRoofFromComposition,
     | ^^^^^^^^^^^^^^^^^^^^^^^^^^^^^
> 10 |   DEFAULT_EAVE_OVERHANG_MM,
     | ^^^^^^^^^^^^^^^^^^^^^^^^^^^
> 11 |   DEFAULT_FASCIA_HEIGHT_MM,
     | ^^^^^^^^^^^^^^^^^^^^^^^^^^^
> 12 |   DEFAULT_GUTTER_DEPTH_MM,
     | ^^^^^^^^^^^^^^^^^^^^^^^^^^
> 13 |   DEFAULT_GUTTER_PROJECTION_MM,
     | ^^^^^^^^^^^^^^^^^^^^^^^^^^^^^^^
> 14 |   DEFAULT_GUTTER_WIDTH_MM,
     | ^^^^^^^^^^^^^^^^^^^^^^^^^^
> 15 |   DEFAULT_HOUSE_ROOF_MATERIAL,
     | ^^^^^^^^^^^^^^^^^^^^^^^^^^^^^^
> 16 |   DEFAULT_SOFFIT_DEPTH_MM,
     | ^^^^^^^^^^^^^^^^^^^^^^^^^^
> 17 |   EMPTY_HOUSE_ROOF_STAGE_DIAGNOSTICS,
     | ^^^^^^^^^^^^^^^^^^^^^^^^^^^^^^^^^^^^^
> 18 |   type GeometryTopProjectionShape,
     | ^^^^^^^^^^^^^^^^^^^^^^^^^^^^^^^^^^
> 19 |   type HouseComposition,
     | ^^^^^^^^^^^^^^^^^^^^^^^^
> 20 |   type HouseRoofModelPipelineFailureStage,
     | ^^^^^^^^^^^^^^^^^^^^^^^^^^^^^^^^^^^^^^^^^^
> 21 |   type HouseRoofStageDiagnostics,
     | ^^^^^^^^^^^^^^^^^^^^^^^^^^^^^^^^^
> 22 |   type HouseModel3D,
     | ^^^^^^^^^^^^^^^^^^^^
> 23 |   type RectangleRoofIntent,
     | ^^^^^^^^^^^^^^^^^^^^^^^^^^^
> 24 |   type HouseReferenceGeometry,
     | ^^^^^^^^^^^^^^^^^^^^^^^^^^^^^^
> 25 |   type Polygon3,
     | ^^^^^^^^^^^^^^^^
> 26 |   type RawHouseInput,
     | ^^^^^^^^^^^^^^^^^^^^^
> 27 | } from "@sp/geometry";
     | ^^^^^^^^^^^^^^^^^^^^^^
  28 | import { houseFormTransformToAssemblyPosition } from "./houseFormTransform";
  29 | import { buildHouseFormRawGeometryInput } from "./houseFormRawGeometry";
  30 | import { deriveCompositionUnionPolygon3 } from "./houseFormCompositionFootprint";

The export buildHouseRoofEnvelopeArtifacts was not found in module [project]/packages/geometry/src/index.ts [app-client] (ecmascript).
Did you mean to import buildHouseRoofModelPipeline?
All exports of the module are statically known (It doesn't have dynamic exports). So it's known statically that the requested export doesn't exist.

Import traces:
  Client Component Browser:
    ./apps/portal/lib/drawings/state/houseFormGeometryInput.ts [Client Component Browser]
    ./apps/portal/lib/drawings/state/objectWorkbenchStatusModel.ts [Client Component Browser]
    ./apps/portal/lib/drawings/state/drawingWorkbenchStore.ts [Client Component Browser]
    ./apps/portal/components/projects/ProjectPage/tabs/EstimatesTab.tsx [Client Component Browser]
    ./apps/portal/components/projects/ProjectPage/ProjectMainTabs.tsx [Client Component Browser]
    ./apps/portal/components/projects/ProjectPage/ProjectPageShell.tsx [Client Component Browser]
    ./apps/portal/components/projects/ProjectPage/ProjectPageFrame.tsx [Client Component Browser]
    ./apps/portal/app/staff/projects/[projectId]/ProjectSnapshotPageClient.tsx [Client Component Browser]
    ./apps/portal/app/staff/projects/[projectId]/ProjectSnapshotPageClient.tsx [Server Component]
    ./apps/portal/app/staff/projects/[projectId]/page.tsx [Server Component]

  Client Component SSR:
    ./apps/portal/lib/drawings/state/houseFormGeometryInput.ts [Client Component SSR]
    ./apps/portal/lib/drawings/state/objectWorkbenchStatusModel.ts [Client Component SSR]
    ./apps/portal/lib/drawings/state/drawingWorkbenchStore.ts [Client Component SSR]
    ./apps/portal/components/projects/ProjectPage/tabs/EstimatesTab.tsx [Client Component SSR]
    ./apps/portal/components/projects/ProjectPage/ProjectMainTabs.tsx [Client Component SSR]
    ./apps/portal/components/projects/ProjectPage/ProjectPageShell.tsx [Client Component SSR]
    ./apps/portal/components/projects/ProjectPage/ProjectPageFrame.tsx [Client Component SSR]
    ./apps/portal/app/staff/projects/[projectId]/ProjectSnapshotPageClient.tsx [Client Component SSR]
    ./apps/portal/app/staff/projects/[projectId]/ProjectSnapshotPageClient.tsx [Server Component]
    ./apps/portal/app/staff/projects/[projectId]/page.tsx [Server Component] @ http://localhost:3001/_next/static/chunks/node_modules_next_dist_115brz8._.js:3272
[ 2465047ms] [ERROR] ./apps/portal/lib/drawings/state/houseFormGeometryInput.ts:1:1
Export buildHouseRoofEnvelopeArtifacts doesn't exist in target module
>  1 | import {
     | ^^^^^^^
>  2 |   applyHouseReferencePosition,
     | ^^^^^^^^^^^^^^^^^^^^^^^^^^^^^^
>  3 |   applyRoofQa,
     | ^^^^^^^^^^^^^^
>  4 |   buildHouseModel3DFromRawHouseInput,
     | ^^^^^^^^^^^^^^^^^^^^^^^^^^^^^^^^^^^^^
>  5 |   buildHouseReferenceProjectionShape,
     | ^^^^^^^^^^^^^^^^^^^^^^^^^^^^^^^^^^^^^
>  6 |   buildHouseRoofEnvelopeArtifacts,
     | ^^^^^^^^^^^^^^^^^^^^^^^^^^^^^^^^^^
>  7 |   buildHouseRoofModelPipeline,
     | ^^^^^^^^^^^^^^^^^^^^^^^^^^^^^^
>  8 |   composeFootprintFromComposition,
     | ^^^^^^^^^^^^^^^^^^^^^^^^^^^^^^^^^^
>  9 |   composeRoofFromComposition,
     | ^^^^^^^^^^^^^^^^^^^^^^^^^^^^^
> 10 |   DEFAULT_EAVE_OVERHANG_MM,
     | ^^^^^^^^^^^^^^^^^^^^^^^^^^^
> 11 |   DEFAULT_FASCIA_HEIGHT_MM,
     | ^^^^^^^^^^^^^^^^^^^^^^^^^^^
> 12 |   DEFAULT_GUTTER_DEPTH_MM,
     | ^^^^^^^^^^^^^^^^^^^^^^^^^^
> 13 |   DEFAULT_GUTTER_PROJECTION_MM,
     | ^^^^^^^^^^^^^^^^^^^^^^^^^^^^^^^
> 14 |   DEFAULT_GUTTER_WIDTH_MM,
     | ^^^^^^^^^^^^^^^^^^^^^^^^^^
> 15 |   DEFAULT_HOUSE_ROOF_MATERIAL,
     | ^^^^^^^^^^^^^^^^^^^^^^^^^^^^^^
> 16 |   DEFAULT_SOFFIT_DEPTH_MM,
     | ^^^^^^^^^^^^^^^^^^^^^^^^^^
> 17 |   EMPTY_HOUSE_ROOF_STAGE_DIAGNOSTICS,
     | ^^^^^^^^^^^^^^^^^^^^^^^^^^^^^^^^^^^^^
> 18 |   type GeometryTopProjectionShape,
     | ^^^^^^^^^^^^^^^^^^^^^^^^^^^^^^^^^^
> 19 |   type HouseComposition,
     | ^^^^^^^^^^^^^^^^^^^^^^^^
> 20 |   type HouseRoofModelPipelineFailureStage,
     | ^^^^^^^^^^^^^^^^^^^^^^^^^^^^^^^^^^^^^^^^^^
> 21 |   type HouseRoofStageDiagnostics,
     | ^^^^^^^^^^^^^^^^^^^^^^^^^^^^^^^^^
> 22 |   type HouseModel3D,
     | ^^^^^^^^^^^^^^^^^^^^
> 23 |   type RectangleRoofIntent,
     | ^^^^^^^^^^^^^^^^^^^^^^^^^^^
> 24 |   type HouseReferenceGeometry,
     | ^^^^^^^^^^^^^^^^^^^^^^^^^^^^^^
> 25 |   type Polygon3,
     | ^^^^^^^^^^^^^^^^
> 26 |   type RawHouseInput,
     | ^^^^^^^^^^^^^^^^^^^^^
> 27 | } from "@sp/geometry";
     | ^^^^^^^^^^^^^^^^^^^^^^
  28 | import { houseFormTransformToAssemblyPosition } from "./houseFormTransform";
  29 | import { buildHouseFormRawGeometryInput } from "./houseFormRawGeometry";
  30 | import { deriveCompositionUnionPolygon3 } from "./houseFormCompositionFootprint";

The export buildHouseRoofEnvelopeArtifacts was not found in module [project]/packages/geometry/src/index.ts [app-ssr] (ecmascript).
Did you mean to import buildHouseRoofModelPipeline?
All exports of the module are statically known (It doesn't have dynamic exports). So it's known statically that the requested export doesn't exist.

Import traces:
  Client Component Browser:
    ./apps/portal/lib/drawings/state/houseFormGeometryInput.ts [Client Component Browser]
    ./apps/portal/lib/drawings/state/objectWorkbenchStatusModel.ts [Client Component Browser]
    ./apps/portal/lib/drawings/state/drawingWorkbenchStore.ts [Client Component Browser]
    ./apps/portal/components/projects/ProjectPage/tabs/EstimatesTab.tsx [Client Component Browser]
    ./apps/portal/components/projects/ProjectPage/ProjectMainTabs.tsx [Client Component Browser]
    ./apps/portal/components/projects/ProjectPage/ProjectPageShell.tsx [Client Component Browser]
    ./apps/portal/components/projects/ProjectPage/ProjectPageFrame.tsx [Client Component Browser]
    ./apps/portal/app/staff/projects/[projectId]/ProjectSnapshotPageClient.tsx [Client Component Browser]
    ./apps/portal/app/staff/projects/[projectId]/ProjectSnapshotPageClient.tsx [Server Component]
    ./apps/portal/app/staff/projects/[projectId]/page.tsx [Server Component]

  Client Component SSR:
    ./apps/portal/lib/drawings/state/houseFormGeometryInput.ts [Client Component SSR]
    ./apps/portal/lib/drawings/state/objectWorkbenchStatusModel.ts [Client Component SSR]
    ./apps/portal/lib/drawings/state/drawingWorkbenchStore.ts [Client Component SSR]
    ./apps/portal/components/projects/ProjectPage/tabs/EstimatesTab.tsx [Client Component SSR]
    ./apps/portal/components/projects/ProjectPage/ProjectMainTabs.tsx [Client Component SSR]
    ./apps/portal/components/projects/ProjectPage/ProjectPageShell.tsx [Client Component SSR]
    ./apps/portal/components/projects/ProjectPage/ProjectPageFrame.tsx [Client Component SSR]
    ./apps/portal/app/staff/projects/[projectId]/ProjectSnapshotPageClient.tsx [Client Component SSR]
    ./apps/portal/app/staff/projects/[projectId]/ProjectSnapshotPageClient.tsx [Server Component]
    ./apps/portal/app/staff/projects/[projectId]/page.tsx [Server Component] @ http://localhost:3001/_next/static/chunks/node_modules_next_dist_115brz8._.js:3272
[ 2465064ms] [ERROR] Failed to load resource: the server responded with a status of 500 (Internal Server Error) @ http://localhost:3001/staff/projects/proj_76a726e3-b0a3-4c17-9a29-613482645a8f/design-workbench?_rsc=138r1:0
[ 2465102ms] [ERROR] ./apps/portal/lib/drawings/state/houseFormGeometryInput.ts:1:1
Export DEFAULT_EAVE_OVERHANG_MM doesn't exist in target module
>  1 | import {
     | ^^^^^^^
>  2 |   applyHouseReferencePosition,
     | ^^^^^^^^^^^^^^^^^^^^^^^^^^^^^^
>  3 |   applyRoofQa,
     | ^^^^^^^^^^^^^^
>  4 |   buildHouseModel3DFromRawHouseInput,
     | ^^^^^^^^^^^^^^^^^^^^^^^^^^^^^^^^^^^^^
>  5 |   buildHouseReferenceProjectionShape,
     | ^^^^^^^^^^^^^^^^^^^^^^^^^^^^^^^^^^^^^
>  6 |   buildHouseRoofEnvelopeArtifacts,
     | ^^^^^^^^^^^^^^^^^^^^^^^^^^^^^^^^^^
>  7 |   buildHouseRoofModelPipeline,
     | ^^^^^^^^^^^^^^^^^^^^^^^^^^^^^^
>  8 |   composeFootprintFromComposition,
     | ^^^^^^^^^^^^^^^^^^^^^^^^^^^^^^^^^^
>  9 |   composeRoofFromComposition,
     | ^^^^^^^^^^^^^^^^^^^^^^^^^^^^^
> 10 |   DEFAULT_EAVE_OVERHANG_MM,
     | ^^^^^^^^^^^^^^^^^^^^^^^^^^^
> 11 |   DEFAULT_FASCIA_HEIGHT_MM,
     | ^^^^^^^^^^^^^^^^^^^^^^^^^^^
> 12 |   DEFAULT_GUTTER_DEPTH_MM,
     | ^^^^^^^^^^^^^^^^^^^^^^^^^^
> 13 |   DEFAULT_GUTTER_PROJECTION_MM,
     | ^^^^^^^^^^^^^^^^^^^^^^^^^^^^^^^
> 14 |   DEFAULT_GUTTER_WIDTH_MM,
     | ^^^^^^^^^^^^^^^^^^^^^^^^^^
> 15 |   DEFAULT_HOUSE_ROOF_MATERIAL,
     | ^^^^^^^^^^^^^^^^^^^^^^^^^^^^^^
> 16 |   DEFAULT_SOFFIT_DEPTH_MM,
     | ^^^^^^^^^^^^^^^^^^^^^^^^^^
> 17 |   EMPTY_HOUSE_ROOF_STAGE_DIAGNOSTICS,
     | ^^^^^^^^^^^^^^^^^^^^^^^^^^^^^^^^^^^^^
> 18 |   type GeometryTopProjectionShape,
     | ^^^^^^^^^^^^^^^^^^^^^^^^^^^^^^^^^^
> 19 |   type HouseComposition,
     | ^^^^^^^^^^^^^^^^^^^^^^^^
> 20 |   type HouseRoofModelPipelineFailureStage,
     | ^^^^^^^^^^^^^^^^^^^^^^^^^^^^^^^^^^^^^^^^^^
> 21 |   type HouseRoofStageDiagnostics,
     | ^^^^^^^^^^^^^^^^^^^^^^^^^^^^^^^^^
> 22 |   type HouseModel3D,
     | ^^^^^^^^^^^^^^^^^^^^
> 23 |   type RectangleRoofIntent,
     | ^^^^^^^^^^^^^^^^^^^^^^^^^^^
> 24 |   type HouseReferenceGeometry,
     | ^^^^^^^^^^^^^^^^^^^^^^^^^^^^^^
> 25 |   type Polygon3,
     | ^^^^^^^^^^^^^^^^
> 26 |   type RawHouseInput,
     | ^^^^^^^^^^^^^^^^^^^^^
> 27 | } from "@sp/geometry";
     | ^^^^^^^^^^^^^^^^^^^^^^
  28 | import { houseFormTransformToAssemblyPosition } from "./houseFormTransform";
  29 | import { buildHouseFormRawGeometryInput } from "./houseFormRawGeometry";
  30 | import { deriveCompositionUnionPolygon3 } from "./houseFormCompositionFootprint";

The export DEFAULT_EAVE_OVERHANG_MM was not found in module [project]/packages/geometry/src/index.ts [app-client] (ecmascript).
Did you mean to import EMPTY_HOUSE_ROOF_STAGE_DIAGNOSTICS?
All exports of the module are statically known (It doesn't have dynamic exports). So it's known statically that the requested export doesn't exist.

Import traces:
  Client Component Browser:
    ./apps/portal/lib/drawings/state/houseFormGeometryInput.ts [Client Component Browser]
    ./apps/portal/lib/drawings/state/objectWorkbenchStatusModel.ts [Client Component Browser]
    ./apps/portal/lib/drawings/state/drawingWorkbenchStore.ts [Client Component Browser]
    ./apps/portal/components/projects/ProjectPage/tabs/EstimatesTab.tsx [Client Component Browser]
    ./apps/portal/components/projects/ProjectPage/ProjectMainTabs.tsx [Client Component Browser]
    ./apps/portal/components/projects/ProjectPage/ProjectPageShell.tsx [Client Component Browser]
    ./apps/portal/components/projects/ProjectPage/ProjectPageFrame.tsx [Client Component Browser]
    ./apps/portal/app/staff/projects/[projectId]/ProjectSnapshotPageClient.tsx [Client Component Browser]
    ./apps/portal/app/staff/projects/[projectId]/ProjectSnapshotPageClient.tsx [Server Component]
    ./apps/portal/app/staff/projects/[projectId]/page.tsx [Server Component]

  Client Component SSR:
    ./apps/portal/lib/drawings/state/houseFormGeometryInput.ts [Client Component SSR]
    ./apps/portal/lib/drawings/state/objectWorkbenchStatusModel.ts [Client Component SSR]
    ./apps/portal/lib/drawings/state/drawingWorkbenchStore.ts [Client Component SSR]
    ./apps/portal/components/projects/ProjectPage/tabs/EstimatesTab.tsx [Client Component SSR]
    ./apps/portal/components/projects/ProjectPage/ProjectMainTabs.tsx [Client Component SSR]
    ./apps/portal/components/projects/ProjectPage/ProjectPageShell.tsx [Client Component SSR]
    ./apps/portal/components/projects/ProjectPage/ProjectPageFrame.tsx [Client Component SSR]
    ./apps/portal/app/staff/projects/[projectId]/ProjectSnapshotPageClient.tsx [Client Component SSR]
    ./apps/portal/app/staff/projects/[projectId]/ProjectSnapshotPageClient.tsx [Server Component]
    ./apps/portal/app/staff/projects/[projectId]/page.tsx [Server Component] @ http://localhost:3001/_next/static/chunks/node_modules_next_dist_115brz8._.js:3272
[ 2465103ms] [ERROR] ./apps/portal/lib/drawings/state/houseFormGeometryInput.ts:1:1
Export DEFAULT_EAVE_OVERHANG_MM doesn't exist in target module
>  1 | import {
     | ^^^^^^^
>  2 |   applyHouseReferencePosition,
     | ^^^^^^^^^^^^^^^^^^^^^^^^^^^^^^
>  3 |   applyRoofQa,
     | ^^^^^^^^^^^^^^
>  4 |   buildHouseModel3DFromRawHouseInput,
     | ^^^^^^^^^^^^^^^^^^^^^^^^^^^^^^^^^^^^^
>  5 |   buildHouseReferenceProjectionShape,
     | ^^^^^^^^^^^^^^^^^^^^^^^^^^^^^^^^^^^^^
>  6 |   buildHouseRoofEnvelopeArtifacts,
     | ^^^^^^^^^^^^^^^^^^^^^^^^^^^^^^^^^^
>  7 |   buildHouseRoofModelPipeline,
     | ^^^^^^^^^^^^^^^^^^^^^^^^^^^^^^
>  8 |   composeFootprintFromComposition,
     | ^^^^^^^^^^^^^^^^^^^^^^^^^^^^^^^^^^
>  9 |   composeRoofFromComposition,
     | ^^^^^^^^^^^^^^^^^^^^^^^^^^^^^
> 10 |   DEFAULT_EAVE_OVERHANG_MM,
     | ^^^^^^^^^^^^^^^^^^^^^^^^^^^
> 11 |   DEFAULT_FASCIA_HEIGHT_MM,
     | ^^^^^^^^^^^^^^^^^^^^^^^^^^^
> 12 |   DEFAULT_GUTTER_DEPTH_MM,
     | ^^^^^^^^^^^^^^^^^^^^^^^^^^
> 13 |   DEFAULT_GUTTER_PROJECTION_MM,
     | ^^^^^^^^^^^^^^^^^^^^^^^^^^^^^^^
> 14 |   DEFAULT_GUTTER_WIDTH_MM,
     | ^^^^^^^^^^^^^^^^^^^^^^^^^^
> 15 |   DEFAULT_HOUSE_ROOF_MATERIAL,
     | ^^^^^^^^^^^^^^^^^^^^^^^^^^^^^^
> 16 |   DEFAULT_SOFFIT_DEPTH_MM,
     | ^^^^^^^^^^^^^^^^^^^^^^^^^^
> 17 |   EMPTY_HOUSE_ROOF_STAGE_DIAGNOSTICS,
     | ^^^^^^^^^^^^^^^^^^^^^^^^^^^^^^^^^^^^^
> 18 |   type GeometryTopProjectionShape,
     | ^^^^^^^^^^^^^^^^^^^^^^^^^^^^^^^^^^
> 19 |   type HouseComposition,
     | ^^^^^^^^^^^^^^^^^^^^^^^^
> 20 |   type HouseRoofModelPipelineFailureStage,
     | ^^^^^^^^^^^^^^^^^^^^^^^^^^^^^^^^^^^^^^^^^^
> 21 |   type HouseRoofStageDiagnostics,
     | ^^^^^^^^^^^^^^^^^^^^^^^^^^^^^^^^^
> 22 |   type HouseModel3D,
     | ^^^^^^^^^^^^^^^^^^^^
> 23 |   type RectangleRoofIntent,
     | ^^^^^^^^^^^^^^^^^^^^^^^^^^^
> 24 |   type HouseReferenceGeometry,
     | ^^^^^^^^^^^^^^^^^^^^^^^^^^^^^^
> 25 |   type Polygon3,
     | ^^^^^^^^^^^^^^^^
> 26 |   type RawHouseInput,
     | ^^^^^^^^^^^^^^^^^^^^^
> 27 | } from "@sp/geometry";
     | ^^^^^^^^^^^^^^^^^^^^^^
  28 | import { houseFormTransformToAssemblyPosition } from "./houseFormTransform";
  29 | import { buildHouseFormRawGeometryInput } from "./houseFormRawGeometry";
  30 | import { deriveCompositionUnionPolygon3 } from "./houseFormCompositionFootprint";

The export DEFAULT_EAVE_OVERHANG_MM was not found in module [project]/packages/geometry/src/index.ts [app-ssr] (ecmascript).
Did you mean to import EMPTY_HOUSE_ROOF_STAGE_DIAGNOSTICS?
All exports of the module are statically known (It doesn't have dynamic exports). So it's known statically that the requested export doesn't exist.

Import traces:
  Client Component Browser:
    ./apps/portal/lib/drawings/state/houseFormGeometryInput.ts [Client Component Browser]
    ./apps/portal/lib/drawings/state/objectWorkbenchStatusModel.ts [Client Component Browser]
    ./apps/portal/lib/drawings/state/drawingWorkbenchStore.ts [Client Component Browser]
    ./apps/portal/components/projects/ProjectPage/tabs/EstimatesTab.tsx [Client Component Browser]
    ./apps/portal/components/projects/ProjectPage/ProjectMainTabs.tsx [Client Component Browser]
    ./apps/portal/components/projects/ProjectPage/ProjectPageShell.tsx [Client Component Browser]
    ./apps/portal/components/projects/ProjectPage/ProjectPageFrame.tsx [Client Component Browser]
    ./apps/portal/app/staff/projects/[projectId]/ProjectSnapshotPageClient.tsx [Client Component Browser]
    ./apps/portal/app/staff/projects/[projectId]/ProjectSnapshotPageClient.tsx [Server Component]
    ./apps/portal/app/staff/projects/[projectId]/page.tsx [Server Component]

  Client Component SSR:
    ./apps/portal/lib/drawings/state/houseFormGeometryInput.ts [Client Component SSR]
    ./apps/portal/lib/drawings/state/objectWorkbenchStatusModel.ts [Client Component SSR]
    ./apps/portal/lib/drawings/state/drawingWorkbenchStore.ts [Client Component SSR]
    ./apps/portal/components/projects/ProjectPage/tabs/EstimatesTab.tsx [Client Component SSR]
    ./apps/portal/components/projects/ProjectPage/ProjectMainTabs.tsx [Client Component SSR]
    ./apps/portal/components/projects/ProjectPage/ProjectPageShell.tsx [Client Component SSR]
    ./apps/portal/components/projects/ProjectPage/ProjectPageFrame.tsx [Client Component SSR]
    ./apps/portal/app/staff/projects/[projectId]/ProjectSnapshotPageClient.tsx [Client Component SSR]
    ./apps/portal/app/staff/projects/[projectId]/ProjectSnapshotPageClient.tsx [Server Component]
    ./apps/portal/app/staff/projects/[projectId]/page.tsx [Server Component] @ http://localhost:3001/_next/static/chunks/node_modules_next_dist_115brz8._.js:3272
[ 2465103ms] [ERROR] ./apps/portal/lib/drawings/state/houseFormGeometryInput.ts:1:1
Export DEFAULT_FASCIA_HEIGHT_MM doesn't exist in target module
>  1 | import {
     | ^^^^^^^
>  2 |   applyHouseReferencePosition,
     | ^^^^^^^^^^^^^^^^^^^^^^^^^^^^^^
>  3 |   applyRoofQa,
     | ^^^^^^^^^^^^^^
>  4 |   buildHouseModel3DFromRawHouseInput,
     | ^^^^^^^^^^^^^^^^^^^^^^^^^^^^^^^^^^^^^
>  5 |   buildHouseReferenceProjectionShape,
     | ^^^^^^^^^^^^^^^^^^^^^^^^^^^^^^^^^^^^^
>  6 |   buildHouseRoofEnvelopeArtifacts,
     | ^^^^^^^^^^^^^^^^^^^^^^^^^^^^^^^^^^
>  7 |   buildHouseRoofModelPipeline,
     | ^^^^^^^^^^^^^^^^^^^^^^^^^^^^^^
>  8 |   composeFootprintFromComposition,
     | ^^^^^^^^^^^^^^^^^^^^^^^^^^^^^^^^^^
>  9 |   composeRoofFromComposition,
     | ^^^^^^^^^^^^^^^^^^^^^^^^^^^^^
> 10 |   DEFAULT_EAVE_OVERHANG_MM,
     | ^^^^^^^^^^^^^^^^^^^^^^^^^^^
> 11 |   DEFAULT_FASCIA_HEIGHT_MM,
     | ^^^^^^^^^^^^^^^^^^^^^^^^^^^
> 12 |   DEFAULT_GUTTER_DEPTH_MM,
     | ^^^^^^^^^^^^^^^^^^^^^^^^^^
> 13 |   DEFAULT_GUTTER_PROJECTION_MM,
     | ^^^^^^^^^^^^^^^^^^^^^^^^^^^^^^^
> 14 |   DEFAULT_GUTTER_WIDTH_MM,
     | ^^^^^^^^^^^^^^^^^^^^^^^^^^
> 15 |   DEFAULT_HOUSE_ROOF_MATERIAL,
     | ^^^^^^^^^^^^^^^^^^^^^^^^^^^^^^
> 16 |   DEFAULT_SOFFIT_DEPTH_MM,
     | ^^^^^^^^^^^^^^^^^^^^^^^^^^
> 17 |   EMPTY_HOUSE_ROOF_STAGE_DIAGNOSTICS,
     | ^^^^^^^^^^^^^^^^^^^^^^^^^^^^^^^^^^^^^
> 18 |   type GeometryTopProjectionShape,
     | ^^^^^^^^^^^^^^^^^^^^^^^^^^^^^^^^^^
> 19 |   type HouseComposition,
     | ^^^^^^^^^^^^^^^^^^^^^^^^
> 20 |   type HouseRoofModelPipelineFailureStage,
     | ^^^^^^^^^^^^^^^^^^^^^^^^^^^^^^^^^^^^^^^^^^
> 21 |   type HouseRoofStageDiagnostics,
     | ^^^^^^^^^^^^^^^^^^^^^^^^^^^^^^^^^
> 22 |   type HouseModel3D,
     | ^^^^^^^^^^^^^^^^^^^^
> 23 |   type RectangleRoofIntent,
     | ^^^^^^^^^^^^^^^^^^^^^^^^^^^
> 24 |   type HouseReferenceGeometry,
     | ^^^^^^^^^^^^^^^^^^^^^^^^^^^^^^
> 25 |   type Polygon3,
     | ^^^^^^^^^^^^^^^^
> 26 |   type RawHouseInput,
     | ^^^^^^^^^^^^^^^^^^^^^
> 27 | } from "@sp/geometry";
     | ^^^^^^^^^^^^^^^^^^^^^^
  28 | import { houseFormTransformToAssemblyPosition } from "./houseFormTransform";
  29 | import { buildHouseFormRawGeometryInput } from "./houseFormRawGeometry";
  30 | import { deriveCompositionUnionPolygon3 } from "./houseFormCompositionFootprint";

The export DEFAULT_FASCIA_HEIGHT_MM was not found in module [project]/packages/geometry/src/index.ts [app-client] (ecmascript).
Did you mean to import EMPTY_HOUSE_ROOF_STAGE_DIAGNOSTICS?
All exports of the module are statically known (It doesn't have dynamic exports). So it's known statically that the requested export doesn't exist.

Import traces:
  Client Component Browser:
    ./apps/portal/lib/drawings/state/houseFormGeometryInput.ts [Client Component Browser]
    ./apps/portal/lib/drawings/state/objectWorkbenchStatusModel.ts [Client Component Browser]
    ./apps/portal/lib/drawings/state/drawingWorkbenchStore.ts [Client Component Browser]
    ./apps/portal/components/projects/ProjectPage/tabs/EstimatesTab.tsx [Client Component Browser]
    ./apps/portal/components/projects/ProjectPage/ProjectMainTabs.tsx [Client Component Browser]
    ./apps/portal/components/projects/ProjectPage/ProjectPageShell.tsx [Client Component Browser]
    ./apps/portal/components/projects/ProjectPage/ProjectPageFrame.tsx [Client Component Browser]
    ./apps/portal/app/staff/projects/[projectId]/ProjectSnapshotPageClient.tsx [Client Component Browser]
    ./apps/portal/app/staff/projects/[projectId]/ProjectSnapshotPageClient.tsx [Server Component]
    ./apps/portal/app/staff/projects/[projectId]/page.tsx [Server Component]

  Client Component SSR:
    ./apps/portal/lib/drawings/state/houseFormGeometryInput.ts [Client Component SSR]
    ./apps/portal/lib/drawings/state/objectWorkbenchStatusModel.ts [Client Component SSR]
    ./apps/portal/lib/drawings/state/drawingWorkbenchStore.ts [Client Component SSR]
    ./apps/portal/components/projects/ProjectPage/tabs/EstimatesTab.tsx [Client Component SSR]
    ./apps/portal/components/projects/ProjectPage/ProjectMainTabs.tsx [Client Component SSR]
    ./apps/portal/components/projects/ProjectPage/ProjectPageShell.tsx [Client Component SSR]
    ./apps/portal/components/projects/ProjectPage/ProjectPageFrame.tsx [Client Component SSR]
    ./apps/portal/app/staff/projects/[projectId]/ProjectSnapshotPageClient.tsx [Client Component SSR]
    ./apps/portal/app/staff/projects/[projectId]/ProjectSnapshotPageClient.tsx [Server Component]
    ./apps/portal/app/staff/projects/[projectId]/page.tsx [Server Component] @ http://localhost:3001/_next/static/chunks/node_modules_next_dist_115brz8._.js:3272
[ 2465103ms] [ERROR] ./apps/portal/lib/drawings/state/houseFormGeometryInput.ts:1:1
Export DEFAULT_FASCIA_HEIGHT_MM doesn't exist in target module
>  1 | import {
     | ^^^^^^^
>  2 |   applyHouseReferencePosition,
     | ^^^^^^^^^^^^^^^^^^^^^^^^^^^^^^
>  3 |   applyRoofQa,
     | ^^^^^^^^^^^^^^
>  4 |   buildHouseModel3DFromRawHouseInput,
     | ^^^^^^^^^^^^^^^^^^^^^^^^^^^^^^^^^^^^^
>  5 |   buildHouseReferenceProjectionShape,
     | ^^^^^^^^^^^^^^^^^^^^^^^^^^^^^^^^^^^^^
>  6 |   buildHouseRoofEnvelopeArtifacts,
     | ^^^^^^^^^^^^^^^^^^^^^^^^^^^^^^^^^^
>  7 |   buildHouseRoofModelPipeline,
     | ^^^^^^^^^^^^^^^^^^^^^^^^^^^^^^
>  8 |   composeFootprintFromComposition,
     | ^^^^^^^^^^^^^^^^^^^^^^^^^^^^^^^^^^
>  9 |   composeRoofFromComposition,
     | ^^^^^^^^^^^^^^^^^^^^^^^^^^^^^
> 10 |   DEFAULT_EAVE_OVERHANG_MM,
     | ^^^^^^^^^^^^^^^^^^^^^^^^^^^
> 11 |   DEFAULT_FASCIA_HEIGHT_MM,
     | ^^^^^^^^^^^^^^^^^^^^^^^^^^^
> 12 |   DEFAULT_GUTTER_DEPTH_MM,
     | ^^^^^^^^^^^^^^^^^^^^^^^^^^
> 13 |   DEFAULT_GUTTER_PROJECTION_MM,
     | ^^^^^^^^^^^^^^^^^^^^^^^^^^^^^^^
> 14 |   DEFAULT_GUTTER_WIDTH_MM,
     | ^^^^^^^^^^^^^^^^^^^^^^^^^^
> 15 |   DEFAULT_HOUSE_ROOF_MATERIAL,
     | ^^^^^^^^^^^^^^^^^^^^^^^^^^^^^^
> 16 |   DEFAULT_SOFFIT_DEPTH_MM,
     | ^^^^^^^^^^^^^^^^^^^^^^^^^^
> 17 |   EMPTY_HOUSE_ROOF_STAGE_DIAGNOSTICS,
     | ^^^^^^^^^^^^^^^^^^^^^^^^^^^^^^^^^^^^^
> 18 |   type GeometryTopProjectionShape,
     | ^^^^^^^^^^^^^^^^^^^^^^^^^^^^^^^^^^
> 19 |   type HouseComposition,
     | ^^^^^^^^^^^^^^^^^^^^^^^^
> 20 |   type HouseRoofModelPipelineFailureStage,
     | ^^^^^^^^^^^^^^^^^^^^^^^^^^^^^^^^^^^^^^^^^^
> 21 |   type HouseRoofStageDiagnostics,
     | ^^^^^^^^^^^^^^^^^^^^^^^^^^^^^^^^^
> 22 |   type HouseModel3D,
     | ^^^^^^^^^^^^^^^^^^^^
> 23 |   type RectangleRoofIntent,
     | ^^^^^^^^^^^^^^^^^^^^^^^^^^^
> 24 |   type HouseReferenceGeometry,
     | ^^^^^^^^^^^^^^^^^^^^^^^^^^^^^^
> 25 |   type Polygon3,
     | ^^^^^^^^^^^^^^^^
> 26 |   type RawHouseInput,
     | ^^^^^^^^^^^^^^^^^^^^^
> 27 | } from "@sp/geometry";
     | ^^^^^^^^^^^^^^^^^^^^^^
  28 | import { houseFormTransformToAssemblyPosition } from "./houseFormTransform";
  29 | import { buildHouseFormRawGeometryInput } from "./houseFormRawGeometry";
  30 | import { deriveCompositionUnionPolygon3 } from "./houseFormCompositionFootprint";

The export DEFAULT_FASCIA_HEIGHT_MM was not found in module [project]/packages/geometry/src/index.ts [app-ssr] (ecmascript).
Did you mean to import EMPTY_HOUSE_ROOF_STAGE_DIAGNOSTICS?
All exports of the module are statically known (It doesn't have dynamic exports). So it's known statically that the requested export doesn't exist.

Import traces:
  Client Component Browser:
    ./apps/portal/lib/drawings/state/houseFormGeometryInput.ts [Client Component Browser]
    ./apps/portal/lib/drawings/state/objectWorkbenchStatusModel.ts [Client Component Browser]
    ./apps/portal/lib/drawings/state/drawingWorkbenchStore.ts [Client Component Browser]
    ./apps/portal/components/projects/ProjectPage/tabs/EstimatesTab.tsx [Client Component Browser]
    ./apps/portal/components/projects/ProjectPage/ProjectMainTabs.tsx [Client Component Browser]
    ./apps/portal/components/projects/ProjectPage/ProjectPageShell.tsx [Client Component Browser]
    ./apps/portal/components/projects/ProjectPage/ProjectPageFrame.tsx [Client Component Browser]
    ./apps/portal/app/staff/projects/[projectId]/ProjectSnapshotPageClient.tsx [Client Component Browser]
    ./apps/portal/app/staff/projects/[projectId]/ProjectSnapshotPageClient.tsx [Server Component]
    ./apps/portal/app/staff/projects/[projectId]/page.tsx [Server Component]

  Client Component SSR:
    ./apps/portal/lib/drawings/state/houseFormGeometryInput.ts [Client Component SSR]
    ./apps/portal/lib/drawings/state/objectWorkbenchStatusModel.ts [Client Component SSR]
    ./apps/portal/lib/drawings/state/drawingWorkbenchStore.ts [Client Component SSR]
    ./apps/portal/components/projects/ProjectPage/tabs/EstimatesTab.tsx [Client Component SSR]
    ./apps/portal/components/projects/ProjectPage/ProjectMainTabs.tsx [Client Component SSR]
    ./apps/portal/components/projects/ProjectPage/ProjectPageShell.tsx [Client Component SSR]
    ./apps/portal/components/projects/ProjectPage/ProjectPageFrame.tsx [Client Component SSR]
    ./apps/portal/app/staff/projects/[projectId]/ProjectSnapshotPageClient.tsx [Client Component SSR]
    ./apps/portal/app/staff/projects/[projectId]/ProjectSnapshotPageClient.tsx [Server Component]
    ./apps/portal/app/staff/projects/[projectId]/page.tsx [Server Component] @ http://localhost:3001/_next/static/chunks/node_modules_next_dist_115brz8._.js:3272
[ 2465103ms] [ERROR] ./apps/portal/lib/drawings/state/houseFormGeometryInput.ts:1:1
Export DEFAULT_GUTTER_DEPTH_MM doesn't exist in target module
>  1 | import {
     | ^^^^^^^
>  2 |   applyHouseReferencePosition,
     | ^^^^^^^^^^^^^^^^^^^^^^^^^^^^^^
>  3 |   applyRoofQa,
     | ^^^^^^^^^^^^^^
>  4 |   buildHouseModel3DFromRawHouseInput,
     | ^^^^^^^^^^^^^^^^^^^^^^^^^^^^^^^^^^^^^
>  5 |   buildHouseReferenceProjectionShape,
     | ^^^^^^^^^^^^^^^^^^^^^^^^^^^^^^^^^^^^^
>  6 |   buildHouseRoofEnvelopeArtifacts,
     | ^^^^^^^^^^^^^^^^^^^^^^^^^^^^^^^^^^
>  7 |   buildHouseRoofModelPipeline,
     | ^^^^^^^^^^^^^^^^^^^^^^^^^^^^^^
>  8 |   composeFootprintFromComposition,
     | ^^^^^^^^^^^^^^^^^^^^^^^^^^^^^^^^^^
>  9 |   composeRoofFromComposition,
     | ^^^^^^^^^^^^^^^^^^^^^^^^^^^^^
> 10 |   DEFAULT_EAVE_OVERHANG_MM,
     | ^^^^^^^^^^^^^^^^^^^^^^^^^^^
> 11 |   DEFAULT_FASCIA_HEIGHT_MM,
     | ^^^^^^^^^^^^^^^^^^^^^^^^^^^
> 12 |   DEFAULT_GUTTER_DEPTH_MM,
     | ^^^^^^^^^^^^^^^^^^^^^^^^^^
> 13 |   DEFAULT_GUTTER_PROJECTION_MM,
     | ^^^^^^^^^^^^^^^^^^^^^^^^^^^^^^^
> 14 |   DEFAULT_GUTTER_WIDTH_MM,
     | ^^^^^^^^^^^^^^^^^^^^^^^^^^
> 15 |   DEFAULT_HOUSE_ROOF_MATERIAL,
     | ^^^^^^^^^^^^^^^^^^^^^^^^^^^^^^
> 16 |   DEFAULT_SOFFIT_DEPTH_MM,
     | ^^^^^^^^^^^^^^^^^^^^^^^^^^
> 17 |   EMPTY_HOUSE_ROOF_STAGE_DIAGNOSTICS,
     | ^^^^^^^^^^^^^^^^^^^^^^^^^^^^^^^^^^^^^
> 18 |   type GeometryTopProjectionShape,
     | ^^^^^^^^^^^^^^^^^^^^^^^^^^^^^^^^^^
> 19 |   type HouseComposition,
     | ^^^^^^^^^^^^^^^^^^^^^^^^
> 20 |   type HouseRoofModelPipelineFailureStage,
     | ^^^^^^^^^^^^^^^^^^^^^^^^^^^^^^^^^^^^^^^^^^
> 21 |   type HouseRoofStageDiagnostics,
     | ^^^^^^^^^^^^^^^^^^^^^^^^^^^^^^^^^
> 22 |   type HouseModel3D,
     | ^^^^^^^^^^^^^^^^^^^^
> 23 |   type RectangleRoofIntent,
     | ^^^^^^^^^^^^^^^^^^^^^^^^^^^
> 24 |   type HouseReferenceGeometry,
     | ^^^^^^^^^^^^^^^^^^^^^^^^^^^^^^
> 25 |   type Polygon3,
     | ^^^^^^^^^^^^^^^^
> 26 |   type RawHouseInput,
     | ^^^^^^^^^^^^^^^^^^^^^
> 27 | } from "@sp/geometry";
     | ^^^^^^^^^^^^^^^^^^^^^^
  28 | import { houseFormTransformToAssemblyPosition } from "./houseFormTransform";
  29 | import { buildHouseFormRawGeometryInput } from "./houseFormRawGeometry";
  30 | import { deriveCompositionUnionPolygon3 } from "./houseFormCompositionFootprint";

The export DEFAULT_GUTTER_DEPTH_MM was not found in module [project]/packages/geometry/src/index.ts [app-client] (ecmascript).
Did you mean to import EMPTY_HOUSE_ROOF_STAGE_DIAGNOSTICS?
All exports of the module are statically known (It doesn't have dynamic exports). So it's known statically that the requested export doesn't exist.

Import traces:
  Client Component Browser:
    ./apps/portal/lib/drawings/state/houseFormGeometryInput.ts [Client Component Browser]
    ./apps/portal/lib/drawings/state/objectWorkbenchStatusModel.ts [Client Component Browser]
    ./apps/portal/lib/drawings/state/drawingWorkbenchStore.ts [Client Component Browser]
    ./apps/portal/components/projects/ProjectPage/tabs/EstimatesTab.tsx [Client Component Browser]
    ./apps/portal/components/projects/ProjectPage/ProjectMainTabs.tsx [Client Component Browser]
    ./apps/portal/components/projects/ProjectPage/ProjectPageShell.tsx [Client Component Browser]
    ./apps/portal/components/projects/ProjectPage/ProjectPageFrame.tsx [Client Component Browser]
    ./apps/portal/app/staff/projects/[projectId]/ProjectSnapshotPageClient.tsx [Client Component Browser]
    ./apps/portal/app/staff/projects/[projectId]/ProjectSnapshotPageClient.tsx [Server Component]
    ./apps/portal/app/staff/projects/[projectId]/page.tsx [Server Component]

  Client Component SSR:
    ./apps/portal/lib/drawings/state/houseFormGeometryInput.ts [Client Component SSR]
    ./apps/portal/lib/drawings/state/objectWorkbenchStatusModel.ts [Client Component SSR]
    ./apps/portal/lib/drawings/state/drawingWorkbenchStore.ts [Client Component SSR]
    ./apps/portal/components/projects/ProjectPage/tabs/EstimatesTab.tsx [Client Component SSR]
    ./apps/portal/components/projects/ProjectPage/ProjectMainTabs.tsx [Client Component SSR]
    ./apps/portal/components/projects/ProjectPage/ProjectPageShell.tsx [Client Component SSR]
    ./apps/portal/components/projects/ProjectPage/ProjectPageFrame.tsx [Client Component SSR]
    ./apps/portal/app/staff/projects/[projectId]/ProjectSnapshotPageClient.tsx [Client Component SSR]
    ./apps/portal/app/staff/projects/[projectId]/ProjectSnapshotPageClient.tsx [Server Component]
    ./apps/portal/app/staff/projects/[projectId]/page.tsx [Server Component] @ http://localhost:3001/_next/static/chunks/node_modules_next_dist_115brz8._.js:3272
[ 2465103ms] [ERROR] ./apps/portal/lib/drawings/state/houseFormGeometryInput.ts:1:1
Export DEFAULT_GUTTER_DEPTH_MM doesn't exist in target module
>  1 | import {
     | ^^^^^^^
>  2 |   applyHouseReferencePosition,
     | ^^^^^^^^^^^^^^^^^^^^^^^^^^^^^^
>  3 |   applyRoofQa,
     | ^^^^^^^^^^^^^^
>  4 |   buildHouseModel3DFromRawHouseInput,
     | ^^^^^^^^^^^^^^^^^^^^^^^^^^^^^^^^^^^^^
>  5 |   buildHouseReferenceProjectionShape,
     | ^^^^^^^^^^^^^^^^^^^^^^^^^^^^^^^^^^^^^
>  6 |   buildHouseRoofEnvelopeArtifacts,
     | ^^^^^^^^^^^^^^^^^^^^^^^^^^^^^^^^^^
>  7 |   buildHouseRoofModelPipeline,
     | ^^^^^^^^^^^^^^^^^^^^^^^^^^^^^^
>  8 |   composeFootprintFromComposition,
     | ^^^^^^^^^^^^^^^^^^^^^^^^^^^^^^^^^^
>  9 |   composeRoofFromComposition,
     | ^^^^^^^^^^^^^^^^^^^^^^^^^^^^^
> 10 |   DEFAULT_EAVE_OVERHANG_MM,
     | ^^^^^^^^^^^^^^^^^^^^^^^^^^^
> 11 |   DEFAULT_FASCIA_HEIGHT_MM,
     | ^^^^^^^^^^^^^^^^^^^^^^^^^^^
> 12 |   DEFAULT_GUTTER_DEPTH_MM,
     | ^^^^^^^^^^^^^^^^^^^^^^^^^^
> 13 |   DEFAULT_GUTTER_PROJECTION_MM,
     | ^^^^^^^^^^^^^^^^^^^^^^^^^^^^^^^
> 14 |   DEFAULT_GUTTER_WIDTH_MM,
     | ^^^^^^^^^^^^^^^^^^^^^^^^^^
> 15 |   DEFAULT_HOUSE_ROOF_MATERIAL,
     | ^^^^^^^^^^^^^^^^^^^^^^^^^^^^^^
> 16 |   DEFAULT_SOFFIT_DEPTH_MM,
     | ^^^^^^^^^^^^^^^^^^^^^^^^^^
> 17 |   EMPTY_HOUSE_ROOF_STAGE_DIAGNOSTICS,
     | ^^^^^^^^^^^^^^^^^^^^^^^^^^^^^^^^^^^^^
> 18 |   type GeometryTopProjectionShape,
     | ^^^^^^^^^^^^^^^^^^^^^^^^^^^^^^^^^^
> 19 |   type HouseComposition,
     | ^^^^^^^^^^^^^^^^^^^^^^^^
> 20 |   type HouseRoofModelPipelineFailureStage,
     | ^^^^^^^^^^^^^^^^^^^^^^^^^^^^^^^^^^^^^^^^^^
> 21 |   type HouseRoofStageDiagnostics,
     | ^^^^^^^^^^^^^^^^^^^^^^^^^^^^^^^^^
> 22 |   type HouseModel3D,
     | ^^^^^^^^^^^^^^^^^^^^
> 23 |   type RectangleRoofIntent,
     | ^^^^^^^^^^^^^^^^^^^^^^^^^^^
> 24 |   type HouseReferenceGeometry,
     | ^^^^^^^^^^^^^^^^^^^^^^^^^^^^^^
> 25 |   type Polygon3,
     | ^^^^^^^^^^^^^^^^
> 26 |   type RawHouseInput,
     | ^^^^^^^^^^^^^^^^^^^^^
> 27 | } from "@sp/geometry";
     | ^^^^^^^^^^^^^^^^^^^^^^
  28 | import { houseFormTransformToAssemblyPosition } from "./houseFormTransform";
  29 | import { buildHouseFormRawGeometryInput } from "./houseFormRawGeometry";
  30 | import { deriveCompositionUnionPolygon3 } from "./houseFormCompositionFootprint";

The export DEFAULT_GUTTER_DEPTH_MM was not found in module [project]/packages/geometry/src/index.ts [app-ssr] (ecmascript).
Did you mean to import EMPTY_HOUSE_ROOF_STAGE_DIAGNOSTICS?
All exports of the module are statically known (It doesn't have dynamic exports). So it's known statically that the requested export doesn't exist.

Import traces:
  Client Component Browser:
    ./apps/portal/lib/drawings/state/houseFormGeometryInput.ts [Client Component Browser]
    ./apps/portal/lib/drawings/state/objectWorkbenchStatusModel.ts [Client Component Browser]
    ./apps/portal/lib/drawings/state/drawingWorkbenchStore.ts [Client Component Browser]
    ./apps/portal/components/projects/ProjectPage/tabs/EstimatesTab.tsx [Client Component Browser]
    ./apps/portal/components/projects/ProjectPage/ProjectMainTabs.tsx [Client Component Browser]
    ./apps/portal/components/projects/ProjectPage/ProjectPageShell.tsx [Client Component Browser]
    ./apps/portal/components/projects/ProjectPage/ProjectPageFrame.tsx [Client Component Browser]
    ./apps/portal/app/staff/projects/[projectId]/ProjectSnapshotPageClient.tsx [Client Component Browser]
    ./apps/portal/app/staff/projects/[projectId]/ProjectSnapshotPageClient.tsx [Server Component]
    ./apps/portal/app/staff/projects/[projectId]/page.tsx [Server Component]

  Client Component SSR:
    ./apps/portal/lib/drawings/state/houseFormGeometryInput.ts [Client Component SSR]
    ./apps/portal/lib/drawings/state/objectWorkbenchStatusModel.ts [Client Component SSR]
    ./apps/portal/lib/drawings/state/drawingWorkbenchStore.ts [Client Component SSR]
    ./apps/portal/components/projects/ProjectPage/tabs/EstimatesTab.tsx [Client Component SSR]
    ./apps/portal/components/projects/ProjectPage/ProjectMainTabs.tsx [Client Component SSR]
    ./apps/portal/components/projects/ProjectPage/ProjectPageShell.tsx [Client Component SSR]
    ./apps/portal/components/projects/ProjectPage/ProjectPageFrame.tsx [Client Component SSR]
    ./apps/portal/app/staff/projects/[projectId]/ProjectSnapshotPageClient.tsx [Client Component SSR]
    ./apps/portal/app/staff/projects/[projectId]/ProjectSnapshotPageClient.tsx [Server Component]
    ./apps/portal/app/staff/projects/[projectId]/page.tsx [Server Component] @ http://localhost:3001/_next/static/chunks/node_modules_next_dist_115brz8._.js:3272
[ 2465103ms] [ERROR] ./apps/portal/lib/drawings/state/houseFormGeometryInput.ts:1:1
Export DEFAULT_GUTTER_PROJECTION_MM doesn't exist in target module
>  1 | import {
     | ^^^^^^^
>  2 |   applyHouseReferencePosition,
     | ^^^^^^^^^^^^^^^^^^^^^^^^^^^^^^
>  3 |   applyRoofQa,
     | ^^^^^^^^^^^^^^
>  4 |   buildHouseModel3DFromRawHouseInput,
     | ^^^^^^^^^^^^^^^^^^^^^^^^^^^^^^^^^^^^^
>  5 |   buildHouseReferenceProjectionShape,
     | ^^^^^^^^^^^^^^^^^^^^^^^^^^^^^^^^^^^^^
>  6 |   buildHouseRoofEnvelopeArtifacts,
     | ^^^^^^^^^^^^^^^^^^^^^^^^^^^^^^^^^^
>  7 |   buildHouseRoofModelPipeline,
     | ^^^^^^^^^^^^^^^^^^^^^^^^^^^^^^
>  8 |   composeFootprintFromComposition,
     | ^^^^^^^^^^^^^^^^^^^^^^^^^^^^^^^^^^
>  9 |   composeRoofFromComposition,
     | ^^^^^^^^^^^^^^^^^^^^^^^^^^^^^
> 10 |   DEFAULT_EAVE_OVERHANG_MM,
     | ^^^^^^^^^^^^^^^^^^^^^^^^^^^
> 11 |   DEFAULT_FASCIA_HEIGHT_MM,
     | ^^^^^^^^^^^^^^^^^^^^^^^^^^^
> 12 |   DEFAULT_GUTTER_DEPTH_MM,
     | ^^^^^^^^^^^^^^^^^^^^^^^^^^
> 13 |   DEFAULT_GUTTER_PROJECTION_MM,
     | ^^^^^^^^^^^^^^^^^^^^^^^^^^^^^^^
> 14 |   DEFAULT_GUTTER_WIDTH_MM,
     | ^^^^^^^^^^^^^^^^^^^^^^^^^^
> 15 |   DEFAULT_HOUSE_ROOF_MATERIAL,
     | ^^^^^^^^^^^^^^^^^^^^^^^^^^^^^^
> 16 |   DEFAULT_SOFFIT_DEPTH_MM,
     | ^^^^^^^^^^^^^^^^^^^^^^^^^^
> 17 |   EMPTY_HOUSE_ROOF_STAGE_DIAGNOSTICS,
     | ^^^^^^^^^^^^^^^^^^^^^^^^^^^^^^^^^^^^^
> 18 |   type GeometryTopProjectionShape,
     | ^^^^^^^^^^^^^^^^^^^^^^^^^^^^^^^^^^
> 19 |   type HouseComposition,
     | ^^^^^^^^^^^^^^^^^^^^^^^^
> 20 |   type HouseRoofModelPipelineFailureStage,
     | ^^^^^^^^^^^^^^^^^^^^^^^^^^^^^^^^^^^^^^^^^^
> 21 |   type HouseRoofStageDiagnostics,
     | ^^^^^^^^^^^^^^^^^^^^^^^^^^^^^^^^^
> 22 |   type HouseModel3D,
     | ^^^^^^^^^^^^^^^^^^^^
> 23 |   type RectangleRoofIntent,
     | ^^^^^^^^^^^^^^^^^^^^^^^^^^^
> 24 |   type HouseReferenceGeometry,
     | ^^^^^^^^^^^^^^^^^^^^^^^^^^^^^^
> 25 |   type Polygon3,
     | ^^^^^^^^^^^^^^^^
> 26 |   type RawHouseInput,
     | ^^^^^^^^^^^^^^^^^^^^^
> 27 | } from "@sp/geometry";
     | ^^^^^^^^^^^^^^^^^^^^^^
  28 | import { houseFormTransformToAssemblyPosition } from "./houseFormTransform";
  29 | import { buildHouseFormRawGeometryInput } from "./houseFormRawGeometry";
  30 | import { deriveCompositionUnionPolygon3 } from "./houseFormCompositionFootprint";

The export DEFAULT_GUTTER_PROJECTION_MM was not found in module [project]/packages/geometry/src/index.ts [app-client] (ecmascript).
Did you mean to import EMPTY_HOUSE_ROOF_STAGE_DIAGNOSTICS?
All exports of the module are statically known (It doesn't have dynamic exports). So it's known statically that the requested export doesn't exist.

Import traces:
  Client Component Browser:
    ./apps/portal/lib/drawings/state/houseFormGeometryInput.ts [Client Component Browser]
    ./apps/portal/lib/drawings/state/objectWorkbenchStatusModel.ts [Client Component Browser]
    ./apps/portal/lib/drawings/state/drawingWorkbenchStore.ts [Client Component Browser]
    ./apps/portal/components/projects/ProjectPage/tabs/EstimatesTab.tsx [Client Component Browser]
    ./apps/portal/components/projects/ProjectPage/ProjectMainTabs.tsx [Client Component Browser]
    ./apps/portal/components/projects/ProjectPage/ProjectPageShell.tsx [Client Component Browser]
    ./apps/portal/components/projects/ProjectPage/ProjectPageFrame.tsx [Client Component Browser]
    ./apps/portal/app/staff/projects/[projectId]/ProjectSnapshotPageClient.tsx [Client Component Browser]
    ./apps/portal/app/staff/projects/[projectId]/ProjectSnapshotPageClient.tsx [Server Component]
    ./apps/portal/app/staff/projects/[projectId]/page.tsx [Server Component]

  Client Component SSR:
    ./apps/portal/lib/drawings/state/houseFormGeometryInput.ts [Client Component SSR]
    ./apps/portal/lib/drawings/state/objectWorkbenchStatusModel.ts [Client Component SSR]
    ./apps/portal/lib/drawings/state/drawingWorkbenchStore.ts [Client Component SSR]
    ./apps/portal/components/projects/ProjectPage/tabs/EstimatesTab.tsx [Client Component SSR]
    ./apps/portal/components/projects/ProjectPage/ProjectMainTabs.tsx [Client Component SSR]
    ./apps/portal/components/projects/ProjectPage/ProjectPageShell.tsx [Client Component SSR]
    ./apps/portal/components/projects/ProjectPage/ProjectPageFrame.tsx [Client Component SSR]
    ./apps/portal/app/staff/projects/[projectId]/ProjectSnapshotPageClient.tsx [Client Component SSR]
    ./apps/portal/app/staff/projects/[projectId]/ProjectSnapshotPageClient.tsx [Server Component]
    ./apps/portal/app/staff/projects/[projectId]/page.tsx [Server Component] @ http://localhost:3001/_next/static/chunks/node_modules_next_dist_115brz8._.js:3272
[ 2465104ms] [ERROR] ./apps/portal/lib/drawings/state/houseFormGeometryInput.ts:1:1
Export DEFAULT_GUTTER_PROJECTION_MM doesn't exist in target module
>  1 | import {
     | ^^^^^^^
>  2 |   applyHouseReferencePosition,
     | ^^^^^^^^^^^^^^^^^^^^^^^^^^^^^^
>  3 |   applyRoofQa,
     | ^^^^^^^^^^^^^^
>  4 |   buildHouseModel3DFromRawHouseInput,
     | ^^^^^^^^^^^^^^^^^^^^^^^^^^^^^^^^^^^^^
>  5 |   buildHouseReferenceProjectionShape,
     | ^^^^^^^^^^^^^^^^^^^^^^^^^^^^^^^^^^^^^
>  6 |   buildHouseRoofEnvelopeArtifacts,
     | ^^^^^^^^^^^^^^^^^^^^^^^^^^^^^^^^^^
>  7 |   buildHouseRoofModelPipeline,
     | ^^^^^^^^^^^^^^^^^^^^^^^^^^^^^^
>  8 |   composeFootprintFromComposition,
     | ^^^^^^^^^^^^^^^^^^^^^^^^^^^^^^^^^^
>  9 |   composeRoofFromComposition,
     | ^^^^^^^^^^^^^^^^^^^^^^^^^^^^^
> 10 |   DEFAULT_EAVE_OVERHANG_MM,
     | ^^^^^^^^^^^^^^^^^^^^^^^^^^^
> 11 |   DEFAULT_FASCIA_HEIGHT_MM,
     | ^^^^^^^^^^^^^^^^^^^^^^^^^^^
> 12 |   DEFAULT_GUTTER_DEPTH_MM,
     | ^^^^^^^^^^^^^^^^^^^^^^^^^^
> 13 |   DEFAULT_GUTTER_PROJECTION_MM,
     | ^^^^^^^^^^^^^^^^^^^^^^^^^^^^^^^
> 14 |   DEFAULT_GUTTER_WIDTH_MM,
     | ^^^^^^^^^^^^^^^^^^^^^^^^^^
> 15 |   DEFAULT_HOUSE_ROOF_MATERIAL,
     | ^^^^^^^^^^^^^^^^^^^^^^^^^^^^^^
> 16 |   DEFAULT_SOFFIT_DEPTH_MM,
     | ^^^^^^^^^^^^^^^^^^^^^^^^^^
> 17 |   EMPTY_HOUSE_ROOF_STAGE_DIAGNOSTICS,
     | ^^^^^^^^^^^^^^^^^^^^^^^^^^^^^^^^^^^^^
> 18 |   type GeometryTopProjectionShape,
     | ^^^^^^^^^^^^^^^^^^^^^^^^^^^^^^^^^^
> 19 |   type HouseComposition,
     | ^^^^^^^^^^^^^^^^^^^^^^^^
> 20 |   type HouseRoofModelPipelineFailureStage,
     | ^^^^^^^^^^^^^^^^^^^^^^^^^^^^^^^^^^^^^^^^^^
> 21 |   type HouseRoofStageDiagnostics,
     | ^^^^^^^^^^^^^^^^^^^^^^^^^^^^^^^^^
> 22 |   type HouseModel3D,
     | ^^^^^^^^^^^^^^^^^^^^
> 23 |   type RectangleRoofIntent,
     | ^^^^^^^^^^^^^^^^^^^^^^^^^^^
> 24 |   type HouseReferenceGeometry,
     | ^^^^^^^^^^^^^^^^^^^^^^^^^^^^^^
> 25 |   type Polygon3,
     | ^^^^^^^^^^^^^^^^
> 26 |   type RawHouseInput,
     | ^^^^^^^^^^^^^^^^^^^^^
> 27 | } from "@sp/geometry";
     | ^^^^^^^^^^^^^^^^^^^^^^
  28 | import { houseFormTransformToAssemblyPosition } from "./houseFormTransform";
  29 | import { buildHouseFormRawGeometryInput } from "./houseFormRawGeometry";
  30 | import { deriveCompositionUnionPolygon3 } from "./houseFormCompositionFootprint";

The export DEFAULT_GUTTER_PROJECTION_MM was not found in module [project]/packages/geometry/src/index.ts [app-ssr] (ecmascript).
Did you mean to import EMPTY_HOUSE_ROOF_STAGE_DIAGNOSTICS?
All exports of the module are statically known (It doesn't have dynamic exports). So it's known statically that the requested export doesn't exist.

Import traces:
  Client Component Browser:
    ./apps/portal/lib/drawings/state/houseFormGeometryInput.ts [Client Component Browser]
    ./apps/portal/lib/drawings/state/objectWorkbenchStatusModel.ts [Client Component Browser]
    ./apps/portal/lib/drawings/state/drawingWorkbenchStore.ts [Client Component Browser]
    ./apps/portal/components/projects/ProjectPage/tabs/EstimatesTab.tsx [Client Component Browser]
    ./apps/portal/components/projects/ProjectPage/ProjectMainTabs.tsx [Client Component Browser]
    ./apps/portal/components/projects/ProjectPage/ProjectPageShell.tsx [Client Component Browser]
    ./apps/portal/components/projects/ProjectPage/ProjectPageFrame.tsx [Client Component Browser]
    ./apps/portal/app/staff/projects/[projectId]/ProjectSnapshotPageClient.tsx [Client Component Browser]
    ./apps/portal/app/staff/projects/[projectId]/ProjectSnapshotPageClient.tsx [Server Component]
    ./apps/portal/app/staff/projects/[projectId]/page.tsx [Server Component]

  Client Component SSR:
    ./apps/portal/lib/drawings/state/houseFormGeometryInput.ts [Client Component SSR]
    ./apps/portal/lib/drawings/state/objectWorkbenchStatusModel.ts [Client Component SSR]
    ./apps/portal/lib/drawings/state/drawingWorkbenchStore.ts [Client Component SSR]
    ./apps/portal/components/projects/ProjectPage/tabs/EstimatesTab.tsx [Client Component SSR]
    ./apps/portal/components/projects/ProjectPage/ProjectMainTabs.tsx [Client Component SSR]
    ./apps/portal/components/projects/ProjectPage/ProjectPageShell.tsx [Client Component SSR]
    ./apps/portal/components/projects/ProjectPage/ProjectPageFrame.tsx [Client Component SSR]
    ./apps/portal/app/staff/projects/[projectId]/ProjectSnapshotPageClient.tsx [Client Component SSR]
    ./apps/portal/app/staff/projects/[projectId]/ProjectSnapshotPageClient.tsx [Server Component]
    ./apps/portal/app/staff/projects/[projectId]/page.tsx [Server Component] @ http://localhost:3001/_next/static/chunks/node_modules_next_dist_115brz8._.js:3272
[ 2465104ms] [ERROR] ./apps/portal/lib/drawings/state/houseFormGeometryInput.ts:1:1
Export DEFAULT_GUTTER_WIDTH_MM doesn't exist in target module
>  1 | import {
     | ^^^^^^^
>  2 |   applyHouseReferencePosition,
     | ^^^^^^^^^^^^^^^^^^^^^^^^^^^^^^
>  3 |   applyRoofQa,
     | ^^^^^^^^^^^^^^
>  4 |   buildHouseModel3DFromRawHouseInput,
     | ^^^^^^^^^^^^^^^^^^^^^^^^^^^^^^^^^^^^^
>  5 |   buildHouseReferenceProjectionShape,
     | ^^^^^^^^^^^^^^^^^^^^^^^^^^^^^^^^^^^^^
>  6 |   buildHouseRoofEnvelopeArtifacts,
     | ^^^^^^^^^^^^^^^^^^^^^^^^^^^^^^^^^^
>  7 |   buildHouseRoofModelPipeline,
     | ^^^^^^^^^^^^^^^^^^^^^^^^^^^^^^
>  8 |   composeFootprintFromComposition,
     | ^^^^^^^^^^^^^^^^^^^^^^^^^^^^^^^^^^
>  9 |   composeRoofFromComposition,
     | ^^^^^^^^^^^^^^^^^^^^^^^^^^^^^
> 10 |   DEFAULT_EAVE_OVERHANG_MM,
     | ^^^^^^^^^^^^^^^^^^^^^^^^^^^
> 11 |   DEFAULT_FASCIA_HEIGHT_MM,
     | ^^^^^^^^^^^^^^^^^^^^^^^^^^^
> 12 |   DEFAULT_GUTTER_DEPTH_MM,
     | ^^^^^^^^^^^^^^^^^^^^^^^^^^
> 13 |   DEFAULT_GUTTER_PROJECTION_MM,
     | ^^^^^^^^^^^^^^^^^^^^^^^^^^^^^^^
> 14 |   DEFAULT_GUTTER_WIDTH_MM,
     | ^^^^^^^^^^^^^^^^^^^^^^^^^^
> 15 |   DEFAULT_HOUSE_ROOF_MATERIAL,
     | ^^^^^^^^^^^^^^^^^^^^^^^^^^^^^^
> 16 |   DEFAULT_SOFFIT_DEPTH_MM,
     | ^^^^^^^^^^^^^^^^^^^^^^^^^^
> 17 |   EMPTY_HOUSE_ROOF_STAGE_DIAGNOSTICS,
     | ^^^^^^^^^^^^^^^^^^^^^^^^^^^^^^^^^^^^^
> 18 |   type GeometryTopProjectionShape,
     | ^^^^^^^^^^^^^^^^^^^^^^^^^^^^^^^^^^
> 19 |   type HouseComposition,
     | ^^^^^^^^^^^^^^^^^^^^^^^^
> 20 |   type HouseRoofModelPipelineFailureStage,
     | ^^^^^^^^^^^^^^^^^^^^^^^^^^^^^^^^^^^^^^^^^^
> 21 |   type HouseRoofStageDiagnostics,
     | ^^^^^^^^^^^^^^^^^^^^^^^^^^^^^^^^^
> 22 |   type HouseModel3D,
     | ^^^^^^^^^^^^^^^^^^^^
> 23 |   type RectangleRoofIntent,
     | ^^^^^^^^^^^^^^^^^^^^^^^^^^^
> 24 |   type HouseReferenceGeometry,
     | ^^^^^^^^^^^^^^^^^^^^^^^^^^^^^^
> 25 |   type Polygon3,
     | ^^^^^^^^^^^^^^^^
> 26 |   type RawHouseInput,
     | ^^^^^^^^^^^^^^^^^^^^^
> 27 | } from "@sp/geometry";
     | ^^^^^^^^^^^^^^^^^^^^^^
  28 | import { houseFormTransformToAssemblyPosition } from "./houseFormTransform";
  29 | import { buildHouseFormRawGeometryInput } from "./houseFormRawGeometry";
  30 | import { deriveCompositionUnionPolygon3 } from "./houseFormCompositionFootprint";

The export DEFAULT_GUTTER_WIDTH_MM was not found in module [project]/packages/geometry/src/index.ts [app-client] (ecmascript).
Did you mean to import EMPTY_HOUSE_ROOF_STAGE_DIAGNOSTICS?
All exports of the module are statically known (It doesn't have dynamic exports). So it's known statically that the requested export doesn't exist.

Import traces:
  Client Component Browser:
    ./apps/portal/lib/drawings/state/houseFormGeometryInput.ts [Client Component Browser]
    ./apps/portal/lib/drawings/state/objectWorkbenchStatusModel.ts [Client Component Browser]
    ./apps/portal/lib/drawings/state/drawingWorkbenchStore.ts [Client Component Browser]
    ./apps/portal/components/projects/ProjectPage/tabs/EstimatesTab.tsx [Client Component Browser]
    ./apps/portal/components/projects/ProjectPage/ProjectMainTabs.tsx [Client Component Browser]
    ./apps/portal/components/projects/ProjectPage/ProjectPageShell.tsx [Client Component Browser]
    ./apps/portal/components/projects/ProjectPage/ProjectPageFrame.tsx [Client Component Browser]
    ./apps/portal/app/staff/projects/[projectId]/ProjectSnapshotPageClient.tsx [Client Component Browser]
    ./apps/portal/app/staff/projects/[projectId]/ProjectSnapshotPageClient.tsx [Server Component]
    ./apps/portal/app/staff/projects/[projectId]/page.tsx [Server Component]

  Client Component SSR:
    ./apps/portal/lib/drawings/state/houseFormGeometryInput.ts [Client Component SSR]
    ./apps/portal/lib/drawings/state/objectWorkbenchStatusModel.ts [Client Component SSR]
    ./apps/portal/lib/drawings/state/drawingWorkbenchStore.ts [Client Component SSR]
    ./apps/portal/components/projects/ProjectPage/tabs/EstimatesTab.tsx [Client Component SSR]
    ./apps/portal/components/projects/ProjectPage/ProjectMainTabs.tsx [Client Component SSR]
    ./apps/portal/components/projects/ProjectPage/ProjectPageShell.tsx [Client Component SSR]
    ./apps/portal/components/projects/ProjectPage/ProjectPageFrame.tsx [Client Component SSR]
    ./apps/portal/app/staff/projects/[projectId]/ProjectSnapshotPageClient.tsx [Client Component SSR]
    ./apps/portal/app/staff/projects/[projectId]/ProjectSnapshotPageClient.tsx [Server Component]
    ./apps/portal/app/staff/projects/[projectId]/page.tsx [Server Component] @ http://localhost:3001/_next/static/chunks/node_modules_next_dist_115brz8._.js:3272
[ 2465104ms] [ERROR] ./apps/portal/lib/drawings/state/houseFormGeometryInput.ts:1:1
Export DEFAULT_GUTTER_WIDTH_MM doesn't exist in target module
>  1 | import {
     | ^^^^^^^
>  2 |   applyHouseReferencePosition,
     | ^^^^^^^^^^^^^^^^^^^^^^^^^^^^^^
>  3 |   applyRoofQa,
     | ^^^^^^^^^^^^^^
>  4 |   buildHouseModel3DFromRawHouseInput,
     | ^^^^^^^^^^^^^^^^^^^^^^^^^^^^^^^^^^^^^
>  5 |   buildHouseReferenceProjectionShape,
     | ^^^^^^^^^^^^^^^^^^^^^^^^^^^^^^^^^^^^^
>  6 |   buildHouseRoofEnvelopeArtifacts,
     | ^^^^^^^^^^^^^^^^^^^^^^^^^^^^^^^^^^
>  7 |   buildHouseRoofModelPipeline,
     | ^^^^^^^^^^^^^^^^^^^^^^^^^^^^^^
>  8 |   composeFootprintFromComposition,
     | ^^^^^^^^^^^^^^^^^^^^^^^^^^^^^^^^^^
>  9 |   composeRoofFromComposition,
     | ^^^^^^^^^^^^^^^^^^^^^^^^^^^^^
> 10 |   DEFAULT_EAVE_OVERHANG_MM,
     | ^^^^^^^^^^^^^^^^^^^^^^^^^^^
> 11 |   DEFAULT_FASCIA_HEIGHT_MM,
     | ^^^^^^^^^^^^^^^^^^^^^^^^^^^
> 12 |   DEFAULT_GUTTER_DEPTH_MM,
     | ^^^^^^^^^^^^^^^^^^^^^^^^^^
> 13 |   DEFAULT_GUTTER_PROJECTION_MM,
     | ^^^^^^^^^^^^^^^^^^^^^^^^^^^^^^^
> 14 |   DEFAULT_GUTTER_WIDTH_MM,
     | ^^^^^^^^^^^^^^^^^^^^^^^^^^
> 15 |   DEFAULT_HOUSE_ROOF_MATERIAL,
     | ^^^^^^^^^^^^^^^^^^^^^^^^^^^^^^
> 16 |   DEFAULT_SOFFIT_DEPTH_MM,
     | ^^^^^^^^^^^^^^^^^^^^^^^^^^
> 17 |   EMPTY_HOUSE_ROOF_STAGE_DIAGNOSTICS,
     | ^^^^^^^^^^^^^^^^^^^^^^^^^^^^^^^^^^^^^
> 18 |   type GeometryTopProjectionShape,
     | ^^^^^^^^^^^^^^^^^^^^^^^^^^^^^^^^^^
> 19 |   type HouseComposition,
     | ^^^^^^^^^^^^^^^^^^^^^^^^
> 20 |   type HouseRoofModelPipelineFailureStage,
     | ^^^^^^^^^^^^^^^^^^^^^^^^^^^^^^^^^^^^^^^^^^
> 21 |   type HouseRoofStageDiagnostics,
     | ^^^^^^^^^^^^^^^^^^^^^^^^^^^^^^^^^
> 22 |   type HouseModel3D,
     | ^^^^^^^^^^^^^^^^^^^^
> 23 |   type RectangleRoofIntent,
     | ^^^^^^^^^^^^^^^^^^^^^^^^^^^
> 24 |   type HouseReferenceGeometry,
     | ^^^^^^^^^^^^^^^^^^^^^^^^^^^^^^
> 25 |   type Polygon3,
     | ^^^^^^^^^^^^^^^^
> 26 |   type RawHouseInput,
     | ^^^^^^^^^^^^^^^^^^^^^
> 27 | } from "@sp/geometry";
     | ^^^^^^^^^^^^^^^^^^^^^^
  28 | import { houseFormTransformToAssemblyPosition } from "./houseFormTransform";
  29 | import { buildHouseFormRawGeometryInput } from "./houseFormRawGeometry";
  30 | import { deriveCompositionUnionPolygon3 } from "./houseFormCompositionFootprint";

The export DEFAULT_GUTTER_WIDTH_MM was not found in module [project]/packages/geometry/src/index.ts [app-ssr] (ecmascript).
Did you mean to import EMPTY_HOUSE_ROOF_STAGE_DIAGNOSTICS?
All exports of the module are statically known (It doesn't have dynamic exports). So it's known statically that the requested export doesn't exist.

Import traces:
  Client Component Browser:
    ./apps/portal/lib/drawings/state/houseFormGeometryInput.ts [Client Component Browser]
    ./apps/portal/lib/drawings/state/objectWorkbenchStatusModel.ts [Client Component Browser]
    ./apps/portal/lib/drawings/state/drawingWorkbenchStore.ts [Client Component Browser]
    ./apps/portal/components/projects/ProjectPage/tabs/EstimatesTab.tsx [Client Component Browser]
    ./apps/portal/components/projects/ProjectPage/ProjectMainTabs.tsx [Client Component Browser]
    ./apps/portal/components/projects/ProjectPage/ProjectPageShell.tsx [Client Component Browser]
    ./apps/portal/components/projects/ProjectPage/ProjectPageFrame.tsx [Client Component Browser]
    ./apps/portal/app/staff/projects/[projectId]/ProjectSnapshotPageClient.tsx [Client Component Browser]
    ./apps/portal/app/staff/projects/[projectId]/ProjectSnapshotPageClient.tsx [Server Component]
    ./apps/portal/app/staff/projects/[projectId]/page.tsx [Server Component]

  Client Component SSR:
    ./apps/portal/lib/drawings/state/houseFormGeometryInput.ts [Client Component SSR]
    ./apps/portal/lib/drawings/state/objectWorkbenchStatusModel.ts [Client Component SSR]
    ./apps/portal/lib/drawings/state/drawingWorkbenchStore.ts [Client Component SSR]
    ./apps/portal/components/projects/ProjectPage/tabs/EstimatesTab.tsx [Client Component SSR]
    ./apps/portal/components/projects/ProjectPage/ProjectMainTabs.tsx [Client Component SSR]
    ./apps/portal/components/projects/ProjectPage/ProjectPageShell.tsx [Client Component SSR]
    ./apps/portal/components/projects/ProjectPage/ProjectPageFrame.tsx [Client Component SSR]
    ./apps/portal/app/staff/projects/[projectId]/ProjectSnapshotPageClient.tsx [Client Component SSR]
    ./apps/portal/app/staff/projects/[projectId]/ProjectSnapshotPageClient.tsx [Server Component]
    ./apps/portal/app/staff/projects/[projectId]/page.tsx [Server Component] @ http://localhost:3001/_next/static/chunks/node_modules_next_dist_115brz8._.js:3272
[ 2465104ms] [ERROR] ./apps/portal/lib/drawings/state/houseFormGeometryInput.ts:1:1
Export DEFAULT_HOUSE_ROOF_MATERIAL doesn't exist in target module
>  1 | import {
     | ^^^^^^^
>  2 |   applyHouseReferencePosition,
     | ^^^^^^^^^^^^^^^^^^^^^^^^^^^^^^
>  3 |   applyRoofQa,
     | ^^^^^^^^^^^^^^
>  4 |   buildHouseModel3DFromRawHouseInput,
     | ^^^^^^^^^^^^^^^^^^^^^^^^^^^^^^^^^^^^^
>  5 |   buildHouseReferenceProjectionShape,
     | ^^^^^^^^^^^^^^^^^^^^^^^^^^^^^^^^^^^^^
>  6 |   buildHouseRoofEnvelopeArtifacts,
     | ^^^^^^^^^^^^^^^^^^^^^^^^^^^^^^^^^^
>  7 |   buildHouseRoofModelPipeline,
     | ^^^^^^^^^^^^^^^^^^^^^^^^^^^^^^
>  8 |   composeFootprintFromComposition,
     | ^^^^^^^^^^^^^^^^^^^^^^^^^^^^^^^^^^
>  9 |   composeRoofFromComposition,
     | ^^^^^^^^^^^^^^^^^^^^^^^^^^^^^
> 10 |   DEFAULT_EAVE_OVERHANG_MM,
     | ^^^^^^^^^^^^^^^^^^^^^^^^^^^
> 11 |   DEFAULT_FASCIA_HEIGHT_MM,
     | ^^^^^^^^^^^^^^^^^^^^^^^^^^^
> 12 |   DEFAULT_GUTTER_DEPTH_MM,
     | ^^^^^^^^^^^^^^^^^^^^^^^^^^
> 13 |   DEFAULT_GUTTER_PROJECTION_MM,
     | ^^^^^^^^^^^^^^^^^^^^^^^^^^^^^^^
> 14 |   DEFAULT_GUTTER_WIDTH_MM,
     | ^^^^^^^^^^^^^^^^^^^^^^^^^^
> 15 |   DEFAULT_HOUSE_ROOF_MATERIAL,
     | ^^^^^^^^^^^^^^^^^^^^^^^^^^^^^^
> 16 |   DEFAULT_SOFFIT_DEPTH_MM,
     | ^^^^^^^^^^^^^^^^^^^^^^^^^^
> 17 |   EMPTY_HOUSE_ROOF_STAGE_DIAGNOSTICS,
     | ^^^^^^^^^^^^^^^^^^^^^^^^^^^^^^^^^^^^^
> 18 |   type GeometryTopProjectionShape,
     | ^^^^^^^^^^^^^^^^^^^^^^^^^^^^^^^^^^
> 19 |   type HouseComposition,
     | ^^^^^^^^^^^^^^^^^^^^^^^^
> 20 |   type HouseRoofModelPipelineFailureStage,
     | ^^^^^^^^^^^^^^^^^^^^^^^^^^^^^^^^^^^^^^^^^^
> 21 |   type HouseRoofStageDiagnostics,
     | ^^^^^^^^^^^^^^^^^^^^^^^^^^^^^^^^^
> 22 |   type HouseModel3D,
     | ^^^^^^^^^^^^^^^^^^^^
> 23 |   type RectangleRoofIntent,
     | ^^^^^^^^^^^^^^^^^^^^^^^^^^^
> 24 |   type HouseReferenceGeometry,
     | ^^^^^^^^^^^^^^^^^^^^^^^^^^^^^^
> 25 |   type Polygon3,
     | ^^^^^^^^^^^^^^^^
> 26 |   type RawHouseInput,
     | ^^^^^^^^^^^^^^^^^^^^^
> 27 | } from "@sp/geometry";
     | ^^^^^^^^^^^^^^^^^^^^^^
  28 | import { houseFormTransformToAssemblyPosition } from "./houseFormTransform";
  29 | import { buildHouseFormRawGeometryInput } from "./houseFormRawGeometry";
  30 | import { deriveCompositionUnionPolygon3 } from "./houseFormCompositionFootprint";

The export DEFAULT_HOUSE_ROOF_MATERIAL was not found in module [project]/packages/geometry/src/index.ts [app-client] (ecmascript).
Did you mean to import HOUSE_ROOF_FORM_BEHAVIORS?
All exports of the module are statically known (It doesn't have dynamic exports). So it's known statically that the requested export doesn't exist.

Import traces:
  Client Component Browser:
    ./apps/portal/lib/drawings/state/houseFormGeometryInput.ts [Client Component Browser]
    ./apps/portal/lib/drawings/state/objectWorkbenchStatusModel.ts [Client Component Browser]
    ./apps/portal/lib/drawings/state/drawingWorkbenchStore.ts [Client Component Browser]
    ./apps/portal/components/projects/ProjectPage/tabs/EstimatesTab.tsx [Client Component Browser]
    ./apps/portal/components/projects/ProjectPage/ProjectMainTabs.tsx [Client Component Browser]
    ./apps/portal/components/projects/ProjectPage/ProjectPageShell.tsx [Client Component Browser]
    ./apps/portal/components/projects/ProjectPage/ProjectPageFrame.tsx [Client Component Browser]
    ./apps/portal/app/staff/projects/[projectId]/ProjectSnapshotPageClient.tsx [Client Component Browser]
    ./apps/portal/app/staff/projects/[projectId]/ProjectSnapshotPageClient.tsx [Server Component]
    ./apps/portal/app/staff/projects/[projectId]/page.tsx [Server Component]

  Client Component SSR:
    ./apps/portal/lib/drawings/state/houseFormGeometryInput.ts [Client Component SSR]
    ./apps/portal/lib/drawings/state/objectWorkbenchStatusModel.ts [Client Component SSR]
    ./apps/portal/lib/drawings/state/drawingWorkbenchStore.ts [Client Component SSR]
    ./apps/portal/components/projects/ProjectPage/tabs/EstimatesTab.tsx [Client Component SSR]
    ./apps/portal/components/projects/ProjectPage/ProjectMainTabs.tsx [Client Component SSR]
    ./apps/portal/components/projects/ProjectPage/ProjectPageShell.tsx [Client Component SSR]
    ./apps/portal/components/projects/ProjectPage/ProjectPageFrame.tsx [Client Component SSR]
    ./apps/portal/app/staff/projects/[projectId]/ProjectSnapshotPageClient.tsx [Client Component SSR]
    ./apps/portal/app/staff/projects/[projectId]/ProjectSnapshotPageClient.tsx [Server Component]
    ./apps/portal/app/staff/projects/[projectId]/page.tsx [Server Component] @ http://localhost:3001/_next/static/chunks/node_modules_next_dist_115brz8._.js:3272
[ 2465104ms] [ERROR] ./apps/portal/lib/drawings/state/houseFormGeometryInput.ts:1:1
Export DEFAULT_HOUSE_ROOF_MATERIAL doesn't exist in target module
>  1 | import {
     | ^^^^^^^
>  2 |   applyHouseReferencePosition,
     | ^^^^^^^^^^^^^^^^^^^^^^^^^^^^^^
>  3 |   applyRoofQa,
     | ^^^^^^^^^^^^^^
>  4 |   buildHouseModel3DFromRawHouseInput,
     | ^^^^^^^^^^^^^^^^^^^^^^^^^^^^^^^^^^^^^
>  5 |   buildHouseReferenceProjectionShape,
     | ^^^^^^^^^^^^^^^^^^^^^^^^^^^^^^^^^^^^^
>  6 |   buildHouseRoofEnvelopeArtifacts,
     | ^^^^^^^^^^^^^^^^^^^^^^^^^^^^^^^^^^
>  7 |   buildHouseRoofModelPipeline,
     | ^^^^^^^^^^^^^^^^^^^^^^^^^^^^^^
>  8 |   composeFootprintFromComposition,
     | ^^^^^^^^^^^^^^^^^^^^^^^^^^^^^^^^^^
>  9 |   composeRoofFromComposition,
     | ^^^^^^^^^^^^^^^^^^^^^^^^^^^^^
> 10 |   DEFAULT_EAVE_OVERHANG_MM,
     | ^^^^^^^^^^^^^^^^^^^^^^^^^^^
> 11 |   DEFAULT_FASCIA_HEIGHT_MM,
     | ^^^^^^^^^^^^^^^^^^^^^^^^^^^
> 12 |   DEFAULT_GUTTER_DEPTH_MM,
     | ^^^^^^^^^^^^^^^^^^^^^^^^^^
> 13 |   DEFAULT_GUTTER_PROJECTION_MM,
     | ^^^^^^^^^^^^^^^^^^^^^^^^^^^^^^^
> 14 |   DEFAULT_GUTTER_WIDTH_MM,
     | ^^^^^^^^^^^^^^^^^^^^^^^^^^
> 15 |   DEFAULT_HOUSE_ROOF_MATERIAL,
     | ^^^^^^^^^^^^^^^^^^^^^^^^^^^^^^
> 16 |   DEFAULT_SOFFIT_DEPTH_MM,
     | ^^^^^^^^^^^^^^^^^^^^^^^^^^
> 17 |   EMPTY_HOUSE_ROOF_STAGE_DIAGNOSTICS,
     | ^^^^^^^^^^^^^^^^^^^^^^^^^^^^^^^^^^^^^
> 18 |   type GeometryTopProjectionShape,
     | ^^^^^^^^^^^^^^^^^^^^^^^^^^^^^^^^^^
> 19 |   type HouseComposition,
     | ^^^^^^^^^^^^^^^^^^^^^^^^
> 20 |   type HouseRoofModelPipelineFailureStage,
     | ^^^^^^^^^^^^^^^^^^^^^^^^^^^^^^^^^^^^^^^^^^
> 21 |   type HouseRoofStageDiagnostics,
     | ^^^^^^^^^^^^^^^^^^^^^^^^^^^^^^^^^
> 22 |   type HouseModel3D,
     | ^^^^^^^^^^^^^^^^^^^^
> 23 |   type RectangleRoofIntent,
     | ^^^^^^^^^^^^^^^^^^^^^^^^^^^
> 24 |   type HouseReferenceGeometry,
     | ^^^^^^^^^^^^^^^^^^^^^^^^^^^^^^
> 25 |   type Polygon3,
     | ^^^^^^^^^^^^^^^^
> 26 |   type RawHouseInput,
     | ^^^^^^^^^^^^^^^^^^^^^
> 27 | } from "@sp/geometry";
     | ^^^^^^^^^^^^^^^^^^^^^^
  28 | import { houseFormTransformToAssemblyPosition } from "./houseFormTransform";
  29 | import { buildHouseFormRawGeometryInput } from "./houseFormRawGeometry";
  30 | import { deriveCompositionUnionPolygon3 } from "./houseFormCompositionFootprint";

The export DEFAULT_HOUSE_ROOF_MATERIAL was not found in module [project]/packages/geometry/src/index.ts [app-ssr] (ecmascript).
Did you mean to import HOUSE_ROOF_FORM_BEHAVIORS?
All exports of the module are statically known (It doesn't have dynamic exports). So it's known statically that the requested export doesn't exist.

Import traces:
  Client Component Browser:
    ./apps/portal/lib/drawings/state/houseFormGeometryInput.ts [Client Component Browser]
    ./apps/portal/lib/drawings/state/objectWorkbenchStatusModel.ts [Client Component Browser]
    ./apps/portal/lib/drawings/state/drawingWorkbenchStore.ts [Client Component Browser]
    ./apps/portal/components/projects/ProjectPage/tabs/EstimatesTab.tsx [Client Component Browser]
    ./apps/portal/components/projects/ProjectPage/ProjectMainTabs.tsx [Client Component Browser]
    ./apps/portal/components/projects/ProjectPage/ProjectPageShell.tsx [Client Component Browser]
    ./apps/portal/components/projects/ProjectPage/ProjectPageFrame.tsx [Client Component Browser]
    ./apps/portal/app/staff/projects/[projectId]/ProjectSnapshotPageClient.tsx [Client Component Browser]
    ./apps/portal/app/staff/projects/[projectId]/ProjectSnapshotPageClient.tsx [Server Component]
    ./apps/portal/app/staff/projects/[projectId]/page.tsx [Server Component]

  Client Component SSR:
    ./apps/portal/lib/drawings/state/houseFormGeometryInput.ts [Client Component SSR]
    ./apps/portal/lib/drawings/state/objectWorkbenchStatusModel.ts [Client Component SSR]
    ./apps/portal/lib/drawings/state/drawingWorkbenchStore.ts [Client Component SSR]
    ./apps/portal/components/projects/ProjectPage/tabs/EstimatesTab.tsx [Client Component SSR]
    ./apps/portal/components/projects/ProjectPage/ProjectMainTabs.tsx [Client Component SSR]
    ./apps/portal/components/projects/ProjectPage/ProjectPageShell.tsx [Client Component SSR]
    ./apps/portal/components/projects/ProjectPage/ProjectPageFrame.tsx [Client Component SSR]
    ./apps/portal/app/staff/projects/[projectId]/ProjectSnapshotPageClient.tsx [Client Component SSR]
    ./apps/portal/app/staff/projects/[projectId]/ProjectSnapshotPageClient.tsx [Server Component]
    ./apps/portal/app/staff/projects/[projectId]/page.tsx [Server Component] @ http://localhost:3001/_next/static/chunks/node_modules_next_dist_115brz8._.js:3272
[ 2465104ms] [ERROR] ./apps/portal/lib/drawings/state/houseFormGeometryInput.ts:1:1
Export DEFAULT_SOFFIT_DEPTH_MM doesn't exist in target module
>  1 | import {
     | ^^^^^^^
>  2 |   applyHouseReferencePosition,
     | ^^^^^^^^^^^^^^^^^^^^^^^^^^^^^^
>  3 |   applyRoofQa,
     | ^^^^^^^^^^^^^^
>  4 |   buildHouseModel3DFromRawHouseInput,
     | ^^^^^^^^^^^^^^^^^^^^^^^^^^^^^^^^^^^^^
>  5 |   buildHouseReferenceProjectionShape,
     | ^^^^^^^^^^^^^^^^^^^^^^^^^^^^^^^^^^^^^
>  6 |   buildHouseRoofEnvelopeArtifacts,
     | ^^^^^^^^^^^^^^^^^^^^^^^^^^^^^^^^^^
>  7 |   buildHouseRoofModelPipeline,
     | ^^^^^^^^^^^^^^^^^^^^^^^^^^^^^^
>  8 |   composeFootprintFromComposition,
     | ^^^^^^^^^^^^^^^^^^^^^^^^^^^^^^^^^^
>  9 |   composeRoofFromComposition,
     | ^^^^^^^^^^^^^^^^^^^^^^^^^^^^^
> 10 |   DEFAULT_EAVE_OVERHANG_MM,
     | ^^^^^^^^^^^^^^^^^^^^^^^^^^^
> 11 |   DEFAULT_FASCIA_HEIGHT_MM,
     | ^^^^^^^^^^^^^^^^^^^^^^^^^^^
> 12 |   DEFAULT_GUTTER_DEPTH_MM,
     | ^^^^^^^^^^^^^^^^^^^^^^^^^^
> 13 |   DEFAULT_GUTTER_PROJECTION_MM,
     | ^^^^^^^^^^^^^^^^^^^^^^^^^^^^^^^
> 14 |   DEFAULT_GUTTER_WIDTH_MM,
     | ^^^^^^^^^^^^^^^^^^^^^^^^^^
> 15 |   DEFAULT_HOUSE_ROOF_MATERIAL,
     | ^^^^^^^^^^^^^^^^^^^^^^^^^^^^^^
> 16 |   DEFAULT_SOFFIT_DEPTH_MM,
     | ^^^^^^^^^^^^^^^^^^^^^^^^^^
> 17 |   EMPTY_HOUSE_ROOF_STAGE_DIAGNOSTICS,
     | ^^^^^^^^^^^^^^^^^^^^^^^^^^^^^^^^^^^^^
> 18 |   type GeometryTopProjectionShape,
     | ^^^^^^^^^^^^^^^^^^^^^^^^^^^^^^^^^^
> 19 |   type HouseComposition,
     | ^^^^^^^^^^^^^^^^^^^^^^^^
> 20 |   type HouseRoofModelPipelineFailureStage,
     | ^^^^^^^^^^^^^^^^^^^^^^^^^^^^^^^^^^^^^^^^^^
> 21 |   type HouseRoofStageDiagnostics,
     | ^^^^^^^^^^^^^^^^^^^^^^^^^^^^^^^^^
> 22 |   type HouseModel3D,
     | ^^^^^^^^^^^^^^^^^^^^
> 23 |   type RectangleRoofIntent,
     | ^^^^^^^^^^^^^^^^^^^^^^^^^^^
> 24 |   type HouseReferenceGeometry,
     | ^^^^^^^^^^^^^^^^^^^^^^^^^^^^^^
> 25 |   type Polygon3,
     | ^^^^^^^^^^^^^^^^
> 26 |   type RawHouseInput,
     | ^^^^^^^^^^^^^^^^^^^^^
> 27 | } from "@sp/geometry";
     | ^^^^^^^^^^^^^^^^^^^^^^
  28 | import { houseFormTransformToAssemblyPosition } from "./houseFormTransform";
  29 | import { buildHouseFormRawGeometryInput } from "./houseFormRawGeometry";
  30 | import { deriveCompositionUnionPolygon3 } from "./houseFormCompositionFootprint";

The export DEFAULT_SOFFIT_DEPTH_MM was not found in module [project]/packages/geometry/src/index.ts [app-client] (ecmascript).
Did you mean to import EMPTY_HOUSE_ROOF_STAGE_DIAGNOSTICS?
All exports of the module are statically known (It doesn't have dynamic exports). So it's known statically that the requested export doesn't exist.

Import traces:
  Client Component Browser:
    ./apps/portal/lib/drawings/state/houseFormGeometryInput.ts [Client Component Browser]
    ./apps/portal/lib/drawings/state/objectWorkbenchStatusModel.ts [Client Component Browser]
    ./apps/portal/lib/drawings/state/drawingWorkbenchStore.ts [Client Component Browser]
    ./apps/portal/components/projects/ProjectPage/tabs/EstimatesTab.tsx [Client Component Browser]
    ./apps/portal/components/projects/ProjectPage/ProjectMainTabs.tsx [Client Component Browser]
    ./apps/portal/components/projects/ProjectPage/ProjectPageShell.tsx [Client Component Browser]
    ./apps/portal/components/projects/ProjectPage/ProjectPageFrame.tsx [Client Component Browser]
    ./apps/portal/app/staff/projects/[projectId]/ProjectSnapshotPageClient.tsx [Client Component Browser]
    ./apps/portal/app/staff/projects/[projectId]/ProjectSnapshotPageClient.tsx [Server Component]
    ./apps/portal/app/staff/projects/[projectId]/page.tsx [Server Component]

  Client Component SSR:
    ./apps/portal/lib/drawings/state/houseFormGeometryInput.ts [Client Component SSR]
    ./apps/portal/lib/drawings/state/objectWorkbenchStatusModel.ts [Client Component SSR]
    ./apps/portal/lib/drawings/state/drawingWorkbenchStore.ts [Client Component SSR]
    ./apps/portal/components/projects/ProjectPage/tabs/EstimatesTab.tsx [Client Component SSR]
    ./apps/portal/components/projects/ProjectPage/ProjectMainTabs.tsx [Client Component SSR]
    ./apps/portal/components/projects/ProjectPage/ProjectPageShell.tsx [Client Component SSR]
    ./apps/portal/components/projects/ProjectPage/ProjectPageFrame.tsx [Client Component SSR]
    ./apps/portal/app/staff/projects/[projectId]/ProjectSnapshotPageClient.tsx [Client Component SSR]
    ./apps/portal/app/staff/projects/[projectId]/ProjectSnapshotPageClient.tsx [Server Component]
    ./apps/portal/app/staff/projects/[projectId]/page.tsx [Server Component] @ http://localhost:3001/_next/static/chunks/node_modules_next_dist_115brz8._.js:3272
[ 2465105ms] [ERROR] ./apps/portal/lib/drawings/state/houseFormGeometryInput.ts:1:1
Export DEFAULT_SOFFIT_DEPTH_MM doesn't exist in target module
>  1 | import {
     | ^^^^^^^
>  2 |   applyHouseReferencePosition,
     | ^^^^^^^^^^^^^^^^^^^^^^^^^^^^^^
>  3 |   applyRoofQa,
     | ^^^^^^^^^^^^^^
>  4 |   buildHouseModel3DFromRawHouseInput,
     | ^^^^^^^^^^^^^^^^^^^^^^^^^^^^^^^^^^^^^
>  5 |   buildHouseReferenceProjectionShape,
     | ^^^^^^^^^^^^^^^^^^^^^^^^^^^^^^^^^^^^^
>  6 |   buildHouseRoofEnvelopeArtifacts,
     | ^^^^^^^^^^^^^^^^^^^^^^^^^^^^^^^^^^
>  7 |   buildHouseRoofModelPipeline,
     | ^^^^^^^^^^^^^^^^^^^^^^^^^^^^^^
>  8 |   composeFootprintFromComposition,
     | ^^^^^^^^^^^^^^^^^^^^^^^^^^^^^^^^^^
>  9 |   composeRoofFromComposition,
     | ^^^^^^^^^^^^^^^^^^^^^^^^^^^^^
> 10 |   DEFAULT_EAVE_OVERHANG_MM,
     | ^^^^^^^^^^^^^^^^^^^^^^^^^^^
> 11 |   DEFAULT_FASCIA_HEIGHT_MM,
     | ^^^^^^^^^^^^^^^^^^^^^^^^^^^
> 12 |   DEFAULT_GUTTER_DEPTH_MM,
     | ^^^^^^^^^^^^^^^^^^^^^^^^^^
> 13 |   DEFAULT_GUTTER_PROJECTION_MM,
     | ^^^^^^^^^^^^^^^^^^^^^^^^^^^^^^^
> 14 |   DEFAULT_GUTTER_WIDTH_MM,
     | ^^^^^^^^^^^^^^^^^^^^^^^^^^
> 15 |   DEFAULT_HOUSE_ROOF_MATERIAL,
     | ^^^^^^^^^^^^^^^^^^^^^^^^^^^^^^
> 16 |   DEFAULT_SOFFIT_DEPTH_MM,
     | ^^^^^^^^^^^^^^^^^^^^^^^^^^
> 17 |   EMPTY_HOUSE_ROOF_STAGE_DIAGNOSTICS,
     | ^^^^^^^^^^^^^^^^^^^^^^^^^^^^^^^^^^^^^
> 18 |   type GeometryTopProjectionShape,
     | ^^^^^^^^^^^^^^^^^^^^^^^^^^^^^^^^^^
> 19 |   type HouseComposition,
     | ^^^^^^^^^^^^^^^^^^^^^^^^
> 20 |   type HouseRoofModelPipelineFailureStage,
     | ^^^^^^^^^^^^^^^^^^^^^^^^^^^^^^^^^^^^^^^^^^
> 21 |   type HouseRoofStageDiagnostics,
     | ^^^^^^^^^^^^^^^^^^^^^^^^^^^^^^^^^
> 22 |   type HouseModel3D,
     | ^^^^^^^^^^^^^^^^^^^^
> 23 |   type RectangleRoofIntent,
     | ^^^^^^^^^^^^^^^^^^^^^^^^^^^
> 24 |   type HouseReferenceGeometry,
     | ^^^^^^^^^^^^^^^^^^^^^^^^^^^^^^
> 25 |   type Polygon3,
     | ^^^^^^^^^^^^^^^^
> 26 |   type RawHouseInput,
     | ^^^^^^^^^^^^^^^^^^^^^
> 27 | } from "@sp/geometry";
     | ^^^^^^^^^^^^^^^^^^^^^^
  28 | import { houseFormTransformToAssemblyPosition } from "./houseFormTransform";
  29 | import { buildHouseFormRawGeometryInput } from "./houseFormRawGeometry";
  30 | import { deriveCompositionUnionPolygon3 } from "./houseFormCompositionFootprint";

The export DEFAULT_SOFFIT_DEPTH_MM was not found in module [project]/packages/geometry/src/index.ts [app-ssr] (ecmascript).
Did you mean to import EMPTY_HOUSE_ROOF_STAGE_DIAGNOSTICS?
All exports of the module are statically known (It doesn't have dynamic exports). So it's known statically that the requested export doesn't exist.

Import traces:
  Client Component Browser:
    ./apps/portal/lib/drawings/state/houseFormGeometryInput.ts [Client Component Browser]
    ./apps/portal/lib/drawings/state/objectWorkbenchStatusModel.ts [Client Component Browser]
    ./apps/portal/lib/drawings/state/drawingWorkbenchStore.ts [Client Component Browser]
    ./apps/portal/components/projects/ProjectPage/tabs/EstimatesTab.tsx [Client Component Browser]
    ./apps/portal/components/projects/ProjectPage/ProjectMainTabs.tsx [Client Component Browser]
    ./apps/portal/components/projects/ProjectPage/ProjectPageShell.tsx [Client Component Browser]
    ./apps/portal/components/projects/ProjectPage/ProjectPageFrame.tsx [Client Component Browser]
    ./apps/portal/app/staff/projects/[projectId]/ProjectSnapshotPageClient.tsx [Client Component Browser]
    ./apps/portal/app/staff/projects/[projectId]/ProjectSnapshotPageClient.tsx [Server Component]
    ./apps/portal/app/staff/projects/[projectId]/page.tsx [Server Component]

  Client Component SSR:
    ./apps/portal/lib/drawings/state/houseFormGeometryInput.ts [Client Component SSR]
    ./apps/portal/lib/drawings/state/objectWorkbenchStatusModel.ts [Client Component SSR]
    ./apps/portal/lib/drawings/state/drawingWorkbenchStore.ts [Client Component SSR]
    ./apps/portal/components/projects/ProjectPage/tabs/EstimatesTab.tsx [Client Component SSR]
    ./apps/portal/components/projects/ProjectPage/ProjectMainTabs.tsx [Client Component SSR]
    ./apps/portal/components/projects/ProjectPage/ProjectPageShell.tsx [Client Component SSR]
    ./apps/portal/components/projects/ProjectPage/ProjectPageFrame.tsx [Client Component SSR]
    ./apps/portal/app/staff/projects/[projectId]/ProjectSnapshotPageClient.tsx [Client Component SSR]
    ./apps/portal/app/staff/projects/[projectId]/ProjectSnapshotPageClient.tsx [Server Component]
    ./apps/portal/app/staff/projects/[projectId]/page.tsx [Server Component] @ http://localhost:3001/_next/static/chunks/node_modules_next_dist_115brz8._.js:3272
[ 2465105ms] [ERROR] ./apps/portal/lib/drawings/state/houseFormGeometryInput.ts:1:1
Export buildHouseRoofEnvelopeArtifacts doesn't exist in target module
>  1 | import {
     | ^^^^^^^
>  2 |   applyHouseReferencePosition,
     | ^^^^^^^^^^^^^^^^^^^^^^^^^^^^^^
>  3 |   applyRoofQa,
     | ^^^^^^^^^^^^^^
>  4 |   buildHouseModel3DFromRawHouseInput,
     | ^^^^^^^^^^^^^^^^^^^^^^^^^^^^^^^^^^^^^
>  5 |   buildHouseReferenceProjectionShape,
     | ^^^^^^^^^^^^^^^^^^^^^^^^^^^^^^^^^^^^^
>  6 |   buildHouseRoofEnvelopeArtifacts,
     | ^^^^^^^^^^^^^^^^^^^^^^^^^^^^^^^^^^
>  7 |   buildHouseRoofModelPipeline,
     | ^^^^^^^^^^^^^^^^^^^^^^^^^^^^^^
>  8 |   composeFootprintFromComposition,
     | ^^^^^^^^^^^^^^^^^^^^^^^^^^^^^^^^^^
>  9 |   composeRoofFromComposition,
     | ^^^^^^^^^^^^^^^^^^^^^^^^^^^^^
> 10 |   DEFAULT_EAVE_OVERHANG_MM,
     | ^^^^^^^^^^^^^^^^^^^^^^^^^^^
> 11 |   DEFAULT_FASCIA_HEIGHT_MM,
     | ^^^^^^^^^^^^^^^^^^^^^^^^^^^
> 12 |   DEFAULT_GUTTER_DEPTH_MM,
     | ^^^^^^^^^^^^^^^^^^^^^^^^^^
> 13 |   DEFAULT_GUTTER_PROJECTION_MM,
     | ^^^^^^^^^^^^^^^^^^^^^^^^^^^^^^^
> 14 |   DEFAULT_GUTTER_WIDTH_MM,
     | ^^^^^^^^^^^^^^^^^^^^^^^^^^
> 15 |   DEFAULT_HOUSE_ROOF_MATERIAL,
     | ^^^^^^^^^^^^^^^^^^^^^^^^^^^^^^
> 16 |   DEFAULT_SOFFIT_DEPTH_MM,
     | ^^^^^^^^^^^^^^^^^^^^^^^^^^
> 17 |   EMPTY_HOUSE_ROOF_STAGE_DIAGNOSTICS,
     | ^^^^^^^^^^^^^^^^^^^^^^^^^^^^^^^^^^^^^
> 18 |   type GeometryTopProjectionShape,
     | ^^^^^^^^^^^^^^^^^^^^^^^^^^^^^^^^^^
> 19 |   type HouseComposition,
     | ^^^^^^^^^^^^^^^^^^^^^^^^
> 20 |   type HouseRoofModelPipelineFailureStage,
     | ^^^^^^^^^^^^^^^^^^^^^^^^^^^^^^^^^^^^^^^^^^
> 21 |   type HouseRoofStageDiagnostics,
     | ^^^^^^^^^^^^^^^^^^^^^^^^^^^^^^^^^
> 22 |   type HouseModel3D,
     | ^^^^^^^^^^^^^^^^^^^^
> 23 |   type RectangleRoofIntent,
     | ^^^^^^^^^^^^^^^^^^^^^^^^^^^
> 24 |   type HouseReferenceGeometry,
     | ^^^^^^^^^^^^^^^^^^^^^^^^^^^^^^
> 25 |   type Polygon3,
     | ^^^^^^^^^^^^^^^^
> 26 |   type RawHouseInput,
     | ^^^^^^^^^^^^^^^^^^^^^
> 27 | } from "@sp/geometry";
     | ^^^^^^^^^^^^^^^^^^^^^^
  28 | import { houseFormTransformToAssemblyPosition } from "./houseFormTransform";
  29 | import { buildHouseFormRawGeometryInput } from "./houseFormRawGeometry";
  30 | import { deriveCompositionUnionPolygon3 } from "./houseFormCompositionFootprint";

The export buildHouseRoofEnvelopeArtifacts was not found in module [project]/packages/geometry/src/index.ts [app-client] (ecmascript).
Did you mean to import buildHouseRoofModelPipeline?
All exports of the module are statically known (It doesn't have dynamic exports). So it's known statically that the requested export doesn't exist.

Import traces:
  Client Component Browser:
    ./apps/portal/lib/drawings/state/houseFormGeometryInput.ts [Client Component Browser]
    ./apps/portal/lib/drawings/state/objectWorkbenchStatusModel.ts [Client Component Browser]
    ./apps/portal/lib/drawings/state/drawingWorkbenchStore.ts [Client Component Browser]
    ./apps/portal/components/projects/ProjectPage/tabs/EstimatesTab.tsx [Client Component Browser]
    ./apps/portal/components/projects/ProjectPage/ProjectMainTabs.tsx [Client Component Browser]
    ./apps/portal/components/projects/ProjectPage/ProjectPageShell.tsx [Client Component Browser]
    ./apps/portal/components/projects/ProjectPage/ProjectPageFrame.tsx [Client Component Browser]
    ./apps/portal/app/staff/projects/[projectId]/ProjectSnapshotPageClient.tsx [Client Component Browser]
    ./apps/portal/app/staff/projects/[projectId]/ProjectSnapshotPageClient.tsx [Server Component]
    ./apps/portal/app/staff/projects/[projectId]/page.tsx [Server Component]

  Client Component SSR:
    ./apps/portal/lib/drawings/state/houseFormGeometryInput.ts [Client Component SSR]
    ./apps/portal/lib/drawings/state/objectWorkbenchStatusModel.ts [Client Component SSR]
    ./apps/portal/lib/drawings/state/drawingWorkbenchStore.ts [Client Component SSR]
    ./apps/portal/components/projects/ProjectPage/tabs/EstimatesTab.tsx [Client Component SSR]
    ./apps/portal/components/projects/ProjectPage/ProjectMainTabs.tsx [Client Component SSR]
    ./apps/portal/components/projects/ProjectPage/ProjectPageShell.tsx [Client Component SSR]
    ./apps/portal/components/projects/ProjectPage/ProjectPageFrame.tsx [Client Component SSR]
    ./apps/portal/app/staff/projects/[projectId]/ProjectSnapshotPageClient.tsx [Client Component SSR]
    ./apps/portal/app/staff/projects/[projectId]/ProjectSnapshotPageClient.tsx [Server Component]
    ./apps/portal/app/staff/projects/[projectId]/page.tsx [Server Component] @ http://localhost:3001/_next/static/chunks/node_modules_next_dist_115brz8._.js:3272
[ 2465105ms] [ERROR] ./apps/portal/lib/drawings/state/houseFormGeometryInput.ts:1:1
Export buildHouseRoofEnvelopeArtifacts doesn't exist in target module
>  1 | import {
     | ^^^^^^^
>  2 |   applyHouseReferencePosition,
     | ^^^^^^^^^^^^^^^^^^^^^^^^^^^^^^
>  3 |   applyRoofQa,
     | ^^^^^^^^^^^^^^
>  4 |   buildHouseModel3DFromRawHouseInput,
     | ^^^^^^^^^^^^^^^^^^^^^^^^^^^^^^^^^^^^^
>  5 |   buildHouseReferenceProjectionShape,
     | ^^^^^^^^^^^^^^^^^^^^^^^^^^^^^^^^^^^^^
>  6 |   buildHouseRoofEnvelopeArtifacts,
     | ^^^^^^^^^^^^^^^^^^^^^^^^^^^^^^^^^^
>  7 |   buildHouseRoofModelPipeline,
     | ^^^^^^^^^^^^^^^^^^^^^^^^^^^^^^
>  8 |   composeFootprintFromComposition,
     | ^^^^^^^^^^^^^^^^^^^^^^^^^^^^^^^^^^
>  9 |   composeRoofFromComposition,
     | ^^^^^^^^^^^^^^^^^^^^^^^^^^^^^
> 10 |   DEFAULT_EAVE_OVERHANG_MM,
     | ^^^^^^^^^^^^^^^^^^^^^^^^^^^
> 11 |   DEFAULT_FASCIA_HEIGHT_MM,
     | ^^^^^^^^^^^^^^^^^^^^^^^^^^^
> 12 |   DEFAULT_GUTTER_DEPTH_MM,
     | ^^^^^^^^^^^^^^^^^^^^^^^^^^
> 13 |   DEFAULT_GUTTER_PROJECTION_MM,
     | ^^^^^^^^^^^^^^^^^^^^^^^^^^^^^^^
> 14 |   DEFAULT_GUTTER_WIDTH_MM,
     | ^^^^^^^^^^^^^^^^^^^^^^^^^^
> 15 |   DEFAULT_HOUSE_ROOF_MATERIAL,
     | ^^^^^^^^^^^^^^^^^^^^^^^^^^^^^^
> 16 |   DEFAULT_SOFFIT_DEPTH_MM,
     | ^^^^^^^^^^^^^^^^^^^^^^^^^^
> 17 |   EMPTY_HOUSE_ROOF_STAGE_DIAGNOSTICS,
     | ^^^^^^^^^^^^^^^^^^^^^^^^^^^^^^^^^^^^^
> 18 |   type GeometryTopProjectionShape,
     | ^^^^^^^^^^^^^^^^^^^^^^^^^^^^^^^^^^
> 19 |   type HouseComposition,
     | ^^^^^^^^^^^^^^^^^^^^^^^^
> 20 |   type HouseRoofModelPipelineFailureStage,
     | ^^^^^^^^^^^^^^^^^^^^^^^^^^^^^^^^^^^^^^^^^^
> 21 |   type HouseRoofStageDiagnostics,
     | ^^^^^^^^^^^^^^^^^^^^^^^^^^^^^^^^^
> 22 |   type HouseModel3D,
     | ^^^^^^^^^^^^^^^^^^^^
> 23 |   type RectangleRoofIntent,
     | ^^^^^^^^^^^^^^^^^^^^^^^^^^^
> 24 |   type HouseReferenceGeometry,
     | ^^^^^^^^^^^^^^^^^^^^^^^^^^^^^^
> 25 |   type Polygon3,
     | ^^^^^^^^^^^^^^^^
> 26 |   type RawHouseInput,
     | ^^^^^^^^^^^^^^^^^^^^^
> 27 | } from "@sp/geometry";
     | ^^^^^^^^^^^^^^^^^^^^^^
  28 | import { houseFormTransformToAssemblyPosition } from "./houseFormTransform";
  29 | import { buildHouseFormRawGeometryInput } from "./houseFormRawGeometry";
  30 | import { deriveCompositionUnionPolygon3 } from "./houseFormCompositionFootprint";

The export buildHouseRoofEnvelopeArtifacts was not found in module [project]/packages/geometry/src/index.ts [app-ssr] (ecmascript).
Did you mean to import buildHouseRoofModelPipeline?
All exports of the module are statically known (It doesn't have dynamic exports). So it's known statically that the requested export doesn't exist.

Import traces:
  Client Component Browser:
    ./apps/portal/lib/drawings/state/houseFormGeometryInput.ts [Client Component Browser]
    ./apps/portal/lib/drawings/state/objectWorkbenchStatusModel.ts [Client Component Browser]
    ./apps/portal/lib/drawings/state/drawingWorkbenchStore.ts [Client Component Browser]
    ./apps/portal/components/projects/ProjectPage/tabs/EstimatesTab.tsx [Client Component Browser]
    ./apps/portal/components/projects/ProjectPage/ProjectMainTabs.tsx [Client Component Browser]
    ./apps/portal/components/projects/ProjectPage/ProjectPageShell.tsx [Client Component Browser]
    ./apps/portal/components/projects/ProjectPage/ProjectPageFrame.tsx [Client Component Browser]
    ./apps/portal/app/staff/projects/[projectId]/ProjectSnapshotPageClient.tsx [Client Component Browser]
    ./apps/portal/app/staff/projects/[projectId]/ProjectSnapshotPageClient.tsx [Server Component]
    ./apps/portal/app/staff/projects/[projectId]/page.tsx [Server Component]

  Client Component SSR:
    ./apps/portal/lib/drawings/state/houseFormGeometryInput.ts [Client Component SSR]
    ./apps/portal/lib/drawings/state/objectWorkbenchStatusModel.ts [Client Component SSR]
    ./apps/portal/lib/drawings/state/drawingWorkbenchStore.ts [Client Component SSR]
    ./apps/portal/components/projects/ProjectPage/tabs/EstimatesTab.tsx [Client Component SSR]
    ./apps/portal/components/projects/ProjectPage/ProjectMainTabs.tsx [Client Component SSR]
    ./apps/portal/components/projects/ProjectPage/ProjectPageShell.tsx [Client Component SSR]
    ./apps/portal/components/projects/ProjectPage/ProjectPageFrame.tsx [Client Component SSR]
    ./apps/portal/app/staff/projects/[projectId]/ProjectSnapshotPageClient.tsx [Client Component SSR]
    ./apps/portal/app/staff/projects/[projectId]/ProjectSnapshotPageClient.tsx [Server Component]
    ./apps/portal/app/staff/projects/[projectId]/page.tsx [Server Component] @ http://localhost:3001/_next/static/chunks/node_modules_next_dist_115brz8._.js:3272
[ 2465152ms] [LOG] [Fast Refresh] rebuilding @ http://localhost:3001/_next/static/chunks/node_modules_next_dist_115brz8._.js:2431
[ 2465516ms] [ERROR] ./apps/portal/lib/drawings/state/houseFormGeometryInput.ts:1:1
Export DEFAULT_EAVE_OVERHANG_MM doesn't exist in target module
>  1 | import {
     | ^^^^^^^
>  2 |   applyHouseReferencePosition,
     | ^^^^^^^^^^^^^^^^^^^^^^^^^^^^^^
>  3 |   applyRoofQa,
     | ^^^^^^^^^^^^^^
>  4 |   buildHouseModel3DFromRawHouseInput,
     | ^^^^^^^^^^^^^^^^^^^^^^^^^^^^^^^^^^^^^
>  5 |   buildHouseReferenceProjectionShape,
     | ^^^^^^^^^^^^^^^^^^^^^^^^^^^^^^^^^^^^^
>  6 |   buildHouseRoofEnvelopeArtifacts,
     | ^^^^^^^^^^^^^^^^^^^^^^^^^^^^^^^^^^
>  7 |   buildHouseRoofModelPipeline,
     | ^^^^^^^^^^^^^^^^^^^^^^^^^^^^^^
>  8 |   composeFootprintFromComposition,
     | ^^^^^^^^^^^^^^^^^^^^^^^^^^^^^^^^^^
>  9 |   composeRoofFromComposition,
     | ^^^^^^^^^^^^^^^^^^^^^^^^^^^^^
> 10 |   DEFAULT_EAVE_OVERHANG_MM,
     | ^^^^^^^^^^^^^^^^^^^^^^^^^^^
> 11 |   DEFAULT_FASCIA_HEIGHT_MM,
     | ^^^^^^^^^^^^^^^^^^^^^^^^^^^
> 12 |   DEFAULT_GUTTER_DEPTH_MM,
     | ^^^^^^^^^^^^^^^^^^^^^^^^^^
> 13 |   DEFAULT_GUTTER_PROJECTION_MM,
     | ^^^^^^^^^^^^^^^^^^^^^^^^^^^^^^^
> 14 |   DEFAULT_GUTTER_WIDTH_MM,
     | ^^^^^^^^^^^^^^^^^^^^^^^^^^
> 15 |   DEFAULT_HOUSE_ROOF_MATERIAL,
     | ^^^^^^^^^^^^^^^^^^^^^^^^^^^^^^
> 16 |   DEFAULT_SOFFIT_DEPTH_MM,
     | ^^^^^^^^^^^^^^^^^^^^^^^^^^
> 17 |   EMPTY_HOUSE_ROOF_STAGE_DIAGNOSTICS,
     | ^^^^^^^^^^^^^^^^^^^^^^^^^^^^^^^^^^^^^
> 18 |   type GeometryTopProjectionShape,
     | ^^^^^^^^^^^^^^^^^^^^^^^^^^^^^^^^^^
> 19 |   type HouseComposition,
     | ^^^^^^^^^^^^^^^^^^^^^^^^
> 20 |   type HouseRoofModelPipelineFailureStage,
     | ^^^^^^^^^^^^^^^^^^^^^^^^^^^^^^^^^^^^^^^^^^
> 21 |   type HouseRoofStageDiagnostics,
     | ^^^^^^^^^^^^^^^^^^^^^^^^^^^^^^^^^
> 22 |   type HouseModel3D,
     | ^^^^^^^^^^^^^^^^^^^^
> 23 |   type RectangleRoofIntent,
     | ^^^^^^^^^^^^^^^^^^^^^^^^^^^
> 24 |   type HouseReferenceGeometry,
     | ^^^^^^^^^^^^^^^^^^^^^^^^^^^^^^
> 25 |   type Polygon3,
     | ^^^^^^^^^^^^^^^^
> 26 |   type RawHouseInput,
     | ^^^^^^^^^^^^^^^^^^^^^
> 27 | } from "@sp/geometry";
     | ^^^^^^^^^^^^^^^^^^^^^^
  28 | import { houseFormTransformToAssemblyPosition } from "./houseFormTransform";
  29 | import { buildHouseFormRawGeometryInput } from "./houseFormRawGeometry";
  30 | import { deriveCompositionUnionPolygon3 } from "./houseFormCompositionFootprint";

The export DEFAULT_EAVE_OVERHANG_MM was not found in module [project]/packages/geometry/src/index.ts [app-client] (ecmascript).
Did you mean to import EMPTY_HOUSE_ROOF_STAGE_DIAGNOSTICS?
All exports of the module are statically known (It doesn't have dynamic exports). So it's known statically that the requested export doesn't exist.

Import traces:
  Client Component Browser:
    ./apps/portal/lib/drawings/state/houseFormGeometryInput.ts [Client Component Browser]
    ./apps/portal/lib/drawings/state/objectWorkbenchStatusModel.ts [Client Component Browser]
    ./apps/portal/lib/drawings/state/drawingWorkbenchStore.ts [Client Component Browser]
    ./apps/portal/components/projects/ProjectPage/tabs/EstimatesTab.tsx [Client Component Browser]
    ./apps/portal/components/projects/ProjectPage/ProjectMainTabs.tsx [Client Component Browser]
    ./apps/portal/components/projects/ProjectPage/ProjectPageShell.tsx [Client Component Browser]
    ./apps/portal/components/projects/ProjectPage/ProjectPageFrame.tsx [Client Component Browser]
    ./apps/portal/app/staff/projects/[projectId]/ProjectSnapshotPageClient.tsx [Client Component Browser]
    ./apps/portal/app/staff/projects/[projectId]/ProjectSnapshotPageClient.tsx [Server Component]
    ./apps/portal/app/staff/projects/[projectId]/page.tsx [Server Component]

  Client Component SSR:
    ./apps/portal/lib/drawings/state/houseFormGeometryInput.ts [Client Component SSR]
    ./apps/portal/lib/drawings/state/objectWorkbenchStatusModel.ts [Client Component SSR]
    ./apps/portal/lib/drawings/state/drawingWorkbenchStore.ts [Client Component SSR]
    ./apps/portal/components/projects/ProjectPage/tabs/EstimatesTab.tsx [Client Component SSR]
    ./apps/portal/components/projects/ProjectPage/ProjectMainTabs.tsx [Client Component SSR]
    ./apps/portal/components/projects/ProjectPage/ProjectPageShell.tsx [Client Component SSR]
    ./apps/portal/components/projects/ProjectPage/ProjectPageFrame.tsx [Client Component SSR]
    ./apps/portal/app/staff/projects/[projectId]/ProjectSnapshotPageClient.tsx [Client Component SSR]
    ./apps/portal/app/staff/projects/[projectId]/ProjectSnapshotPageClient.tsx [Server Component]
    ./apps/portal/app/staff/projects/[projectId]/page.tsx [Server Component] @ http://localhost:3001/_next/static/chunks/node_modules_next_dist_115brz8._.js:3272
[ 2465517ms] [ERROR] ./apps/portal/lib/drawings/state/houseFormGeometryInput.ts:1:1
Export DEFAULT_EAVE_OVERHANG_MM doesn't exist in target module
>  1 | import {
     | ^^^^^^^
>  2 |   applyHouseReferencePosition,
     | ^^^^^^^^^^^^^^^^^^^^^^^^^^^^^^
>  3 |   applyRoofQa,
     | ^^^^^^^^^^^^^^
>  4 |   buildHouseModel3DFromRawHouseInput,
     | ^^^^^^^^^^^^^^^^^^^^^^^^^^^^^^^^^^^^^
>  5 |   buildHouseReferenceProjectionShape,
     | ^^^^^^^^^^^^^^^^^^^^^^^^^^^^^^^^^^^^^
>  6 |   buildHouseRoofEnvelopeArtifacts,
     | ^^^^^^^^^^^^^^^^^^^^^^^^^^^^^^^^^^
>  7 |   buildHouseRoofModelPipeline,
     | ^^^^^^^^^^^^^^^^^^^^^^^^^^^^^^
>  8 |   composeFootprintFromComposition,
     | ^^^^^^^^^^^^^^^^^^^^^^^^^^^^^^^^^^
>  9 |   composeRoofFromComposition,
     | ^^^^^^^^^^^^^^^^^^^^^^^^^^^^^
> 10 |   DEFAULT_EAVE_OVERHANG_MM,
     | ^^^^^^^^^^^^^^^^^^^^^^^^^^^
> 11 |   DEFAULT_FASCIA_HEIGHT_MM,
     | ^^^^^^^^^^^^^^^^^^^^^^^^^^^
> 12 |   DEFAULT_GUTTER_DEPTH_MM,
     | ^^^^^^^^^^^^^^^^^^^^^^^^^^
> 13 |   DEFAULT_GUTTER_PROJECTION_MM,
     | ^^^^^^^^^^^^^^^^^^^^^^^^^^^^^^^
> 14 |   DEFAULT_GUTTER_WIDTH_MM,
     | ^^^^^^^^^^^^^^^^^^^^^^^^^^
> 15 |   DEFAULT_HOUSE_ROOF_MATERIAL,
     | ^^^^^^^^^^^^^^^^^^^^^^^^^^^^^^
> 16 |   DEFAULT_SOFFIT_DEPTH_MM,
     | ^^^^^^^^^^^^^^^^^^^^^^^^^^
> 17 |   EMPTY_HOUSE_ROOF_STAGE_DIAGNOSTICS,
     | ^^^^^^^^^^^^^^^^^^^^^^^^^^^^^^^^^^^^^
> 18 |   type GeometryTopProjectionShape,
     | ^^^^^^^^^^^^^^^^^^^^^^^^^^^^^^^^^^
> 19 |   type HouseComposition,
     | ^^^^^^^^^^^^^^^^^^^^^^^^
> 20 |   type HouseRoofModelPipelineFailureStage,
     | ^^^^^^^^^^^^^^^^^^^^^^^^^^^^^^^^^^^^^^^^^^
> 21 |   type HouseRoofStageDiagnostics,
     | ^^^^^^^^^^^^^^^^^^^^^^^^^^^^^^^^^
> 22 |   type HouseModel3D,
     | ^^^^^^^^^^^^^^^^^^^^
> 23 |   type RectangleRoofIntent,
     | ^^^^^^^^^^^^^^^^^^^^^^^^^^^
> 24 |   type HouseReferenceGeometry,
     | ^^^^^^^^^^^^^^^^^^^^^^^^^^^^^^
> 25 |   type Polygon3,
     | ^^^^^^^^^^^^^^^^
> 26 |   type RawHouseInput,
     | ^^^^^^^^^^^^^^^^^^^^^
> 27 | } from "@sp/geometry";
     | ^^^^^^^^^^^^^^^^^^^^^^
  28 | import { houseFormTransformToAssemblyPosition } from "./houseFormTransform";
  29 | import { buildHouseFormRawGeometryInput } from "./houseFormRawGeometry";
  30 | import { deriveCompositionUnionPolygon3 } from "./houseFormCompositionFootprint";

The export DEFAULT_EAVE_OVERHANG_MM was not found in module [project]/packages/geometry/src/index.ts [app-ssr] (ecmascript).
Did you mean to import EMPTY_HOUSE_ROOF_STAGE_DIAGNOSTICS?
All exports of the module are statically known (It doesn't have dynamic exports). So it's known statically that the requested export doesn't exist.

Import traces:
  Client Component Browser:
    ./apps/portal/lib/drawings/state/houseFormGeometryInput.ts [Client Component Browser]
    ./apps/portal/lib/drawings/state/objectWorkbenchStatusModel.ts [Client Component Browser]
    ./apps/portal/lib/drawings/state/drawingWorkbenchStore.ts [Client Component Browser]
    ./apps/portal/components/projects/ProjectPage/tabs/EstimatesTab.tsx [Client Component Browser]
    ./apps/portal/components/projects/ProjectPage/ProjectMainTabs.tsx [Client Component Browser]
    ./apps/portal/components/projects/ProjectPage/ProjectPageShell.tsx [Client Component Browser]
    ./apps/portal/components/projects/ProjectPage/ProjectPageFrame.tsx [Client Component Browser]
    ./apps/portal/app/staff/projects/[projectId]/ProjectSnapshotPageClient.tsx [Client Component Browser]
    ./apps/portal/app/staff/projects/[projectId]/ProjectSnapshotPageClient.tsx [Server Component]
    ./apps/portal/app/staff/projects/[projectId]/page.tsx [Server Component]

  Client Component SSR:
    ./apps/portal/lib/drawings/state/houseFormGeometryInput.ts [Client Component SSR]
    ./apps/portal/lib/drawings/state/objectWorkbenchStatusModel.ts [Client Component SSR]
    ./apps/portal/lib/drawings/state/drawingWorkbenchStore.ts [Client Component SSR]
    ./apps/portal/components/projects/ProjectPage/tabs/EstimatesTab.tsx [Client Component SSR]
    ./apps/portal/components/projects/ProjectPage/ProjectMainTabs.tsx [Client Component SSR]
    ./apps/portal/components/projects/ProjectPage/ProjectPageShell.tsx [Client Component SSR]
    ./apps/portal/components/projects/ProjectPage/ProjectPageFrame.tsx [Client Component SSR]
    ./apps/portal/app/staff/projects/[projectId]/ProjectSnapshotPageClient.tsx [Client Component SSR]
    ./apps/portal/app/staff/projects/[projectId]/ProjectSnapshotPageClient.tsx [Server Component]
    ./apps/portal/app/staff/projects/[projectId]/page.tsx [Server Component] @ http://localhost:3001/_next/static/chunks/node_modules_next_dist_115brz8._.js:3272
[ 2465517ms] [ERROR] ./apps/portal/lib/drawings/state/houseFormGeometryInput.ts:1:1
Export DEFAULT_FASCIA_HEIGHT_MM doesn't exist in target module
>  1 | import {
     | ^^^^^^^
>  2 |   applyHouseReferencePosition,
     | ^^^^^^^^^^^^^^^^^^^^^^^^^^^^^^
>  3 |   applyRoofQa,
     | ^^^^^^^^^^^^^^
>  4 |   buildHouseModel3DFromRawHouseInput,
     | ^^^^^^^^^^^^^^^^^^^^^^^^^^^^^^^^^^^^^
>  5 |   buildHouseReferenceProjectionShape,
     | ^^^^^^^^^^^^^^^^^^^^^^^^^^^^^^^^^^^^^
>  6 |   buildHouseRoofEnvelopeArtifacts,
     | ^^^^^^^^^^^^^^^^^^^^^^^^^^^^^^^^^^
>  7 |   buildHouseRoofModelPipeline,
     | ^^^^^^^^^^^^^^^^^^^^^^^^^^^^^^
>  8 |   composeFootprintFromComposition,
     | ^^^^^^^^^^^^^^^^^^^^^^^^^^^^^^^^^^
>  9 |   composeRoofFromComposition,
     | ^^^^^^^^^^^^^^^^^^^^^^^^^^^^^
> 10 |   DEFAULT_EAVE_OVERHANG_MM,
     | ^^^^^^^^^^^^^^^^^^^^^^^^^^^
> 11 |   DEFAULT_FASCIA_HEIGHT_MM,
     | ^^^^^^^^^^^^^^^^^^^^^^^^^^^
> 12 |   DEFAULT_GUTTER_DEPTH_MM,
     | ^^^^^^^^^^^^^^^^^^^^^^^^^^
> 13 |   DEFAULT_GUTTER_PROJECTION_MM,
     | ^^^^^^^^^^^^^^^^^^^^^^^^^^^^^^^
> 14 |   DEFAULT_GUTTER_WIDTH_MM,
     | ^^^^^^^^^^^^^^^^^^^^^^^^^^
> 15 |   DEFAULT_HOUSE_ROOF_MATERIAL,
     | ^^^^^^^^^^^^^^^^^^^^^^^^^^^^^^
> 16 |   DEFAULT_SOFFIT_DEPTH_MM,
     | ^^^^^^^^^^^^^^^^^^^^^^^^^^
> 17 |   EMPTY_HOUSE_ROOF_STAGE_DIAGNOSTICS,
     | ^^^^^^^^^^^^^^^^^^^^^^^^^^^^^^^^^^^^^
> 18 |   type GeometryTopProjectionShape,
     | ^^^^^^^^^^^^^^^^^^^^^^^^^^^^^^^^^^
> 19 |   type HouseComposition,
     | ^^^^^^^^^^^^^^^^^^^^^^^^
> 20 |   type HouseRoofModelPipelineFailureStage,
     | ^^^^^^^^^^^^^^^^^^^^^^^^^^^^^^^^^^^^^^^^^^
> 21 |   type HouseRoofStageDiagnostics,
     | ^^^^^^^^^^^^^^^^^^^^^^^^^^^^^^^^^
> 22 |   type HouseModel3D,
     | ^^^^^^^^^^^^^^^^^^^^
> 23 |   type RectangleRoofIntent,
     | ^^^^^^^^^^^^^^^^^^^^^^^^^^^
> 24 |   type HouseReferenceGeometry,
     | ^^^^^^^^^^^^^^^^^^^^^^^^^^^^^^
> 25 |   type Polygon3,
     | ^^^^^^^^^^^^^^^^
> 26 |   type RawHouseInput,
     | ^^^^^^^^^^^^^^^^^^^^^
> 27 | } from "@sp/geometry";
     | ^^^^^^^^^^^^^^^^^^^^^^
  28 | import { houseFormTransformToAssemblyPosition } from "./houseFormTransform";
  29 | import { buildHouseFormRawGeometryInput } from "./houseFormRawGeometry";
  30 | import { deriveCompositionUnionPolygon3 } from "./houseFormCompositionFootprint";

The export DEFAULT_FASCIA_HEIGHT_MM was not found in module [project]/packages/geometry/src/index.ts [app-client] (ecmascript).
Did you mean to import EMPTY_HOUSE_ROOF_STAGE_DIAGNOSTICS?
All exports of the module are statically known (It doesn't have dynamic exports). So it's known statically that the requested export doesn't exist.

Import traces:
  Client Component Browser:
    ./apps/portal/lib/drawings/state/houseFormGeometryInput.ts [Client Component Browser]
    ./apps/portal/lib/drawings/state/objectWorkbenchStatusModel.ts [Client Component Browser]
    ./apps/portal/lib/drawings/state/drawingWorkbenchStore.ts [Client Component Browser]
    ./apps/portal/components/projects/ProjectPage/tabs/EstimatesTab.tsx [Client Component Browser]
    ./apps/portal/components/projects/ProjectPage/ProjectMainTabs.tsx [Client Component Browser]
    ./apps/portal/components/projects/ProjectPage/ProjectPageShell.tsx [Client Component Browser]
    ./apps/portal/components/projects/ProjectPage/ProjectPageFrame.tsx [Client Component Browser]
    ./apps/portal/app/staff/projects/[projectId]/ProjectSnapshotPageClient.tsx [Client Component Browser]
    ./apps/portal/app/staff/projects/[projectId]/ProjectSnapshotPageClient.tsx [Server Component]
    ./apps/portal/app/staff/projects/[projectId]/page.tsx [Server Component]

  Client Component SSR:
    ./apps/portal/lib/drawings/state/houseFormGeometryInput.ts [Client Component SSR]
    ./apps/portal/lib/drawings/state/objectWorkbenchStatusModel.ts [Client Component SSR]
    ./apps/portal/lib/drawings/state/drawingWorkbenchStore.ts [Client Component SSR]
    ./apps/portal/components/projects/ProjectPage/tabs/EstimatesTab.tsx [Client Component SSR]
    ./apps/portal/components/projects/ProjectPage/ProjectMainTabs.tsx [Client Component SSR]
    ./apps/portal/components/projects/ProjectPage/ProjectPageShell.tsx [Client Component SSR]
    ./apps/portal/components/projects/ProjectPage/ProjectPageFrame.tsx [Client Component SSR]
    ./apps/portal/app/staff/projects/[projectId]/ProjectSnapshotPageClient.tsx [Client Component SSR]
    ./apps/portal/app/staff/projects/[projectId]/ProjectSnapshotPageClient.tsx [Server Component]
    ./apps/portal/app/staff/projects/[projectId]/page.tsx [Server Component] @ http://localhost:3001/_next/static/chunks/node_modules_next_dist_115brz8._.js:3272
[ 2465518ms] [ERROR] ./apps/portal/lib/drawings/state/houseFormGeometryInput.ts:1:1
Export DEFAULT_FASCIA_HEIGHT_MM doesn't exist in target module
>  1 | import {
     | ^^^^^^^
>  2 |   applyHouseReferencePosition,
     | ^^^^^^^^^^^^^^^^^^^^^^^^^^^^^^
>  3 |   applyRoofQa,
     | ^^^^^^^^^^^^^^
>  4 |   buildHouseModel3DFromRawHouseInput,
     | ^^^^^^^^^^^^^^^^^^^^^^^^^^^^^^^^^^^^^
>  5 |   buildHouseReferenceProjectionShape,
     | ^^^^^^^^^^^^^^^^^^^^^^^^^^^^^^^^^^^^^
>  6 |   buildHouseRoofEnvelopeArtifacts,
     | ^^^^^^^^^^^^^^^^^^^^^^^^^^^^^^^^^^
>  7 |   buildHouseRoofModelPipeline,
     | ^^^^^^^^^^^^^^^^^^^^^^^^^^^^^^
>  8 |   composeFootprintFromComposition,
     | ^^^^^^^^^^^^^^^^^^^^^^^^^^^^^^^^^^
>  9 |   composeRoofFromComposition,
     | ^^^^^^^^^^^^^^^^^^^^^^^^^^^^^
> 10 |   DEFAULT_EAVE_OVERHANG_MM,
     | ^^^^^^^^^^^^^^^^^^^^^^^^^^^
> 11 |   DEFAULT_FASCIA_HEIGHT_MM,
     | ^^^^^^^^^^^^^^^^^^^^^^^^^^^
> 12 |   DEFAULT_GUTTER_DEPTH_MM,
     | ^^^^^^^^^^^^^^^^^^^^^^^^^^
> 13 |   DEFAULT_GUTTER_PROJECTION_MM,
     | ^^^^^^^^^^^^^^^^^^^^^^^^^^^^^^^
> 14 |   DEFAULT_GUTTER_WIDTH_MM,
     | ^^^^^^^^^^^^^^^^^^^^^^^^^^
> 15 |   DEFAULT_HOUSE_ROOF_MATERIAL,
     | ^^^^^^^^^^^^^^^^^^^^^^^^^^^^^^
> 16 |   DEFAULT_SOFFIT_DEPTH_MM,
     | ^^^^^^^^^^^^^^^^^^^^^^^^^^
> 17 |   EMPTY_HOUSE_ROOF_STAGE_DIAGNOSTICS,
     | ^^^^^^^^^^^^^^^^^^^^^^^^^^^^^^^^^^^^^
> 18 |   type GeometryTopProjectionShape,
     | ^^^^^^^^^^^^^^^^^^^^^^^^^^^^^^^^^^
> 19 |   type HouseComposition,
     | ^^^^^^^^^^^^^^^^^^^^^^^^
> 20 |   type HouseRoofModelPipelineFailureStage,
     | ^^^^^^^^^^^^^^^^^^^^^^^^^^^^^^^^^^^^^^^^^^
> 21 |   type HouseRoofStageDiagnostics,
     | ^^^^^^^^^^^^^^^^^^^^^^^^^^^^^^^^^
> 22 |   type HouseModel3D,
     | ^^^^^^^^^^^^^^^^^^^^
> 23 |   type RectangleRoofIntent,
     | ^^^^^^^^^^^^^^^^^^^^^^^^^^^
> 24 |   type HouseReferenceGeometry,
     | ^^^^^^^^^^^^^^^^^^^^^^^^^^^^^^
> 25 |   type Polygon3,
     | ^^^^^^^^^^^^^^^^
> 26 |   type RawHouseInput,
     | ^^^^^^^^^^^^^^^^^^^^^
> 27 | } from "@sp/geometry";
     | ^^^^^^^^^^^^^^^^^^^^^^
  28 | import { houseFormTransformToAssemblyPosition } from "./houseFormTransform";
  29 | import { buildHouseFormRawGeometryInput } from "./houseFormRawGeometry";
  30 | import { deriveCompositionUnionPolygon3 } from "./houseFormCompositionFootprint";

The export DEFAULT_FASCIA_HEIGHT_MM was not found in module [project]/packages/geometry/src/index.ts [app-ssr] (ecmascript).
Did you mean to import EMPTY_HOUSE_ROOF_STAGE_DIAGNOSTICS?
All exports of the module are statically known (It doesn't have dynamic exports). So it's known statically that the requested export doesn't exist.

Import traces:
  Client Component Browser:
    ./apps/portal/lib/drawings/state/houseFormGeometryInput.ts [Client Component Browser]
    ./apps/portal/lib/drawings/state/objectWorkbenchStatusModel.ts [Client Component Browser]
    ./apps/portal/lib/drawings/state/drawingWorkbenchStore.ts [Client Component Browser]
    ./apps/portal/components/projects/ProjectPage/tabs/EstimatesTab.tsx [Client Component Browser]
    ./apps/portal/components/projects/ProjectPage/ProjectMainTabs.tsx [Client Component Browser]
    ./apps/portal/components/projects/ProjectPage/ProjectPageShell.tsx [Client Component Browser]
    ./apps/portal/components/projects/ProjectPage/ProjectPageFrame.tsx [Client Component Browser]
    ./apps/portal/app/staff/projects/[projectId]/ProjectSnapshotPageClient.tsx [Client Component Browser]
    ./apps/portal/app/staff/projects/[projectId]/ProjectSnapshotPageClient.tsx [Server Component]
    ./apps/portal/app/staff/projects/[projectId]/page.tsx [Server Component]

  Client Component SSR:
    ./apps/portal/lib/drawings/state/houseFormGeometryInput.ts [Client Component SSR]
    ./apps/portal/lib/drawings/state/objectWorkbenchStatusModel.ts [Client Component SSR]
    ./apps/portal/lib/drawings/state/drawingWorkbenchStore.ts [Client Component SSR]
    ./apps/portal/components/projects/ProjectPage/tabs/EstimatesTab.tsx [Client Component SSR]
    ./apps/portal/components/projects/ProjectPage/ProjectMainTabs.tsx [Client Component SSR]
    ./apps/portal/components/projects/ProjectPage/ProjectPageShell.tsx [Client Component SSR]
    ./apps/portal/components/projects/ProjectPage/ProjectPageFrame.tsx [Client Component SSR]
    ./apps/portal/app/staff/projects/[projectId]/ProjectSnapshotPageClient.tsx [Client Component SSR]
    ./apps/portal/app/staff/projects/[projectId]/ProjectSnapshotPageClient.tsx [Server Component]
    ./apps/portal/app/staff/projects/[projectId]/page.tsx [Server Component] @ http://localhost:3001/_next/static/chunks/node_modules_next_dist_115brz8._.js:3272
[ 2465518ms] [ERROR] ./apps/portal/lib/drawings/state/houseFormGeometryInput.ts:1:1
Export DEFAULT_GUTTER_DEPTH_MM doesn't exist in target module
>  1 | import {
     | ^^^^^^^
>  2 |   applyHouseReferencePosition,
     | ^^^^^^^^^^^^^^^^^^^^^^^^^^^^^^
>  3 |   applyRoofQa,
     | ^^^^^^^^^^^^^^
>  4 |   buildHouseModel3DFromRawHouseInput,
     | ^^^^^^^^^^^^^^^^^^^^^^^^^^^^^^^^^^^^^
>  5 |   buildHouseReferenceProjectionShape,
     | ^^^^^^^^^^^^^^^^^^^^^^^^^^^^^^^^^^^^^
>  6 |   buildHouseRoofEnvelopeArtifacts,
     | ^^^^^^^^^^^^^^^^^^^^^^^^^^^^^^^^^^
>  7 |   buildHouseRoofModelPipeline,
     | ^^^^^^^^^^^^^^^^^^^^^^^^^^^^^^
>  8 |   composeFootprintFromComposition,
     | ^^^^^^^^^^^^^^^^^^^^^^^^^^^^^^^^^^
>  9 |   composeRoofFromComposition,
     | ^^^^^^^^^^^^^^^^^^^^^^^^^^^^^
> 10 |   DEFAULT_EAVE_OVERHANG_MM,
     | ^^^^^^^^^^^^^^^^^^^^^^^^^^^
> 11 |   DEFAULT_FASCIA_HEIGHT_MM,
     | ^^^^^^^^^^^^^^^^^^^^^^^^^^^
> 12 |   DEFAULT_GUTTER_DEPTH_MM,
     | ^^^^^^^^^^^^^^^^^^^^^^^^^^
> 13 |   DEFAULT_GUTTER_PROJECTION_MM,
     | ^^^^^^^^^^^^^^^^^^^^^^^^^^^^^^^
> 14 |   DEFAULT_GUTTER_WIDTH_MM,
     | ^^^^^^^^^^^^^^^^^^^^^^^^^^
> 15 |   DEFAULT_HOUSE_ROOF_MATERIAL,
     | ^^^^^^^^^^^^^^^^^^^^^^^^^^^^^^
> 16 |   DEFAULT_SOFFIT_DEPTH_MM,
     | ^^^^^^^^^^^^^^^^^^^^^^^^^^
> 17 |   EMPTY_HOUSE_ROOF_STAGE_DIAGNOSTICS,
     | ^^^^^^^^^^^^^^^^^^^^^^^^^^^^^^^^^^^^^
> 18 |   type GeometryTopProjectionShape,
     | ^^^^^^^^^^^^^^^^^^^^^^^^^^^^^^^^^^
> 19 |   type HouseComposition,
     | ^^^^^^^^^^^^^^^^^^^^^^^^
> 20 |   type HouseRoofModelPipelineFailureStage,
     | ^^^^^^^^^^^^^^^^^^^^^^^^^^^^^^^^^^^^^^^^^^
> 21 |   type HouseRoofStageDiagnostics,
     | ^^^^^^^^^^^^^^^^^^^^^^^^^^^^^^^^^
> 22 |   type HouseModel3D,
     | ^^^^^^^^^^^^^^^^^^^^
> 23 |   type RectangleRoofIntent,
     | ^^^^^^^^^^^^^^^^^^^^^^^^^^^
> 24 |   type HouseReferenceGeometry,
     | ^^^^^^^^^^^^^^^^^^^^^^^^^^^^^^
> 25 |   type Polygon3,
     | ^^^^^^^^^^^^^^^^
> 26 |   type RawHouseInput,
     | ^^^^^^^^^^^^^^^^^^^^^
> 27 | } from "@sp/geometry";
     | ^^^^^^^^^^^^^^^^^^^^^^
  28 | import { houseFormTransformToAssemblyPosition } from "./houseFormTransform";
  29 | import { buildHouseFormRawGeometryInput } from "./houseFormRawGeometry";
  30 | import { deriveCompositionUnionPolygon3 } from "./houseFormCompositionFootprint";

The export DEFAULT_GUTTER_DEPTH_MM was not found in module [project]/packages/geometry/src/index.ts [app-client] (ecmascript).
Did you mean to import EMPTY_HOUSE_ROOF_STAGE_DIAGNOSTICS?
All exports of the module are statically known (It doesn't have dynamic exports). So it's known statically that the requested export doesn't exist.

Import traces:
  Client Component Browser:
    ./apps/portal/lib/drawings/state/houseFormGeometryInput.ts [Client Component Browser]
    ./apps/portal/lib/drawings/state/objectWorkbenchStatusModel.ts [Client Component Browser]
    ./apps/portal/lib/drawings/state/drawingWorkbenchStore.ts [Client Component Browser]
    ./apps/portal/components/projects/ProjectPage/tabs/EstimatesTab.tsx [Client Component Browser]
    ./apps/portal/components/projects/ProjectPage/ProjectMainTabs.tsx [Client Component Browser]
    ./apps/portal/components/projects/ProjectPage/ProjectPageShell.tsx [Client Component Browser]
    ./apps/portal/components/projects/ProjectPage/ProjectPageFrame.tsx [Client Component Browser]
    ./apps/portal/app/staff/projects/[projectId]/ProjectSnapshotPageClient.tsx [Client Component Browser]
    ./apps/portal/app/staff/projects/[projectId]/ProjectSnapshotPageClient.tsx [Server Component]
    ./apps/portal/app/staff/projects/[projectId]/page.tsx [Server Component]

  Client Component SSR:
    ./apps/portal/lib/drawings/state/houseFormGeometryInput.ts [Client Component SSR]
    ./apps/portal/lib/drawings/state/objectWorkbenchStatusModel.ts [Client Component SSR]
    ./apps/portal/lib/drawings/state/drawingWorkbenchStore.ts [Client Component SSR]
    ./apps/portal/components/projects/ProjectPage/tabs/EstimatesTab.tsx [Client Component SSR]
    ./apps/portal/components/projects/ProjectPage/ProjectMainTabs.tsx [Client Component SSR]
    ./apps/portal/components/projects/ProjectPage/ProjectPageShell.tsx [Client Component SSR]
    ./apps/portal/components/projects/ProjectPage/ProjectPageFrame.tsx [Client Component SSR]
    ./apps/portal/app/staff/projects/[projectId]/ProjectSnapshotPageClient.tsx [Client Component SSR]
    ./apps/portal/app/staff/projects/[projectId]/ProjectSnapshotPageClient.tsx [Server Component]
    ./apps/portal/app/staff/projects/[projectId]/page.tsx [Server Component] @ http://localhost:3001/_next/static/chunks/node_modules_next_dist_115brz8._.js:3272
[ 2465518ms] [ERROR] ./apps/portal/lib/drawings/state/houseFormGeometryInput.ts:1:1
Export DEFAULT_GUTTER_DEPTH_MM doesn't exist in target module
>  1 | import {
     | ^^^^^^^
>  2 |   applyHouseReferencePosition,
     | ^^^^^^^^^^^^^^^^^^^^^^^^^^^^^^
>  3 |   applyRoofQa,
     | ^^^^^^^^^^^^^^
>  4 |   buildHouseModel3DFromRawHouseInput,
     | ^^^^^^^^^^^^^^^^^^^^^^^^^^^^^^^^^^^^^
>  5 |   buildHouseReferenceProjectionShape,
     | ^^^^^^^^^^^^^^^^^^^^^^^^^^^^^^^^^^^^^
>  6 |   buildHouseRoofEnvelopeArtifacts,
     | ^^^^^^^^^^^^^^^^^^^^^^^^^^^^^^^^^^
>  7 |   buildHouseRoofModelPipeline,
     | ^^^^^^^^^^^^^^^^^^^^^^^^^^^^^^
>  8 |   composeFootprintFromComposition,
     | ^^^^^^^^^^^^^^^^^^^^^^^^^^^^^^^^^^
>  9 |   composeRoofFromComposition,
     | ^^^^^^^^^^^^^^^^^^^^^^^^^^^^^
> 10 |   DEFAULT_EAVE_OVERHANG_MM,
     | ^^^^^^^^^^^^^^^^^^^^^^^^^^^
> 11 |   DEFAULT_FASCIA_HEIGHT_MM,
     | ^^^^^^^^^^^^^^^^^^^^^^^^^^^
> 12 |   DEFAULT_GUTTER_DEPTH_MM,
     | ^^^^^^^^^^^^^^^^^^^^^^^^^^
> 13 |   DEFAULT_GUTTER_PROJECTION_MM,
     | ^^^^^^^^^^^^^^^^^^^^^^^^^^^^^^^
> 14 |   DEFAULT_GUTTER_WIDTH_MM,
     | ^^^^^^^^^^^^^^^^^^^^^^^^^^
> 15 |   DEFAULT_HOUSE_ROOF_MATERIAL,
     | ^^^^^^^^^^^^^^^^^^^^^^^^^^^^^^
> 16 |   DEFAULT_SOFFIT_DEPTH_MM,
     | ^^^^^^^^^^^^^^^^^^^^^^^^^^
> 17 |   EMPTY_HOUSE_ROOF_STAGE_DIAGNOSTICS,
     | ^^^^^^^^^^^^^^^^^^^^^^^^^^^^^^^^^^^^^
> 18 |   type GeometryTopProjectionShape,
     | ^^^^^^^^^^^^^^^^^^^^^^^^^^^^^^^^^^
> 19 |   type HouseComposition,
     | ^^^^^^^^^^^^^^^^^^^^^^^^
> 20 |   type HouseRoofModelPipelineFailureStage,
     | ^^^^^^^^^^^^^^^^^^^^^^^^^^^^^^^^^^^^^^^^^^
> 21 |   type HouseRoofStageDiagnostics,
     | ^^^^^^^^^^^^^^^^^^^^^^^^^^^^^^^^^
> 22 |   type HouseModel3D,
     | ^^^^^^^^^^^^^^^^^^^^
> 23 |   type RectangleRoofIntent,
     | ^^^^^^^^^^^^^^^^^^^^^^^^^^^
> 24 |   type HouseReferenceGeometry,
     | ^^^^^^^^^^^^^^^^^^^^^^^^^^^^^^
> 25 |   type Polygon3,
     | ^^^^^^^^^^^^^^^^
> 26 |   type RawHouseInput,
     | ^^^^^^^^^^^^^^^^^^^^^
> 27 | } from "@sp/geometry";
     | ^^^^^^^^^^^^^^^^^^^^^^
  28 | import { houseFormTransformToAssemblyPosition } from "./houseFormTransform";
  29 | import { buildHouseFormRawGeometryInput } from "./houseFormRawGeometry";
  30 | import { deriveCompositionUnionPolygon3 } from "./houseFormCompositionFootprint";

The export DEFAULT_GUTTER_DEPTH_MM was not found in module [project]/packages/geometry/src/index.ts [app-ssr] (ecmascript).
Did you mean to import EMPTY_HOUSE_ROOF_STAGE_DIAGNOSTICS?
All exports of the module are statically known (It doesn't have dynamic exports). So it's known statically that the requested export doesn't exist.

Import traces:
  Client Component Browser:
    ./apps/portal/lib/drawings/state/houseFormGeometryInput.ts [Client Component Browser]
    ./apps/portal/lib/drawings/state/objectWorkbenchStatusModel.ts [Client Component Browser]
    ./apps/portal/lib/drawings/state/drawingWorkbenchStore.ts [Client Component Browser]
    ./apps/portal/components/projects/ProjectPage/tabs/EstimatesTab.tsx [Client Component Browser]
    ./apps/portal/components/projects/ProjectPage/ProjectMainTabs.tsx [Client Component Browser]
    ./apps/portal/components/projects/ProjectPage/ProjectPageShell.tsx [Client Component Browser]
    ./apps/portal/components/projects/ProjectPage/ProjectPageFrame.tsx [Client Component Browser]
    ./apps/portal/app/staff/projects/[projectId]/ProjectSnapshotPageClient.tsx [Client Component Browser]
    ./apps/portal/app/staff/projects/[projectId]/ProjectSnapshotPageClient.tsx [Server Component]
    ./apps/portal/app/staff/projects/[projectId]/page.tsx [Server Component]

  Client Component SSR:
    ./apps/portal/lib/drawings/state/houseFormGeometryInput.ts [Client Component SSR]
    ./apps/portal/lib/drawings/state/objectWorkbenchStatusModel.ts [Client Component SSR]
    ./apps/portal/lib/drawings/state/drawingWorkbenchStore.ts [Client Component SSR]
    ./apps/portal/components/projects/ProjectPage/tabs/EstimatesTab.tsx [Client Component SSR]
    ./apps/portal/components/projects/ProjectPage/ProjectMainTabs.tsx [Client Component SSR]
    ./apps/portal/components/projects/ProjectPage/ProjectPageShell.tsx [Client Component SSR]
    ./apps/portal/components/projects/ProjectPage/ProjectPageFrame.tsx [Client Component SSR]
    ./apps/portal/app/staff/projects/[projectId]/ProjectSnapshotPageClient.tsx [Client Component SSR]
    ./apps/portal/app/staff/projects/[projectId]/ProjectSnapshotPageClient.tsx [Server Component]
    ./apps/portal/app/staff/projects/[projectId]/page.tsx [Server Component] @ http://localhost:3001/_next/static/chunks/node_modules_next_dist_115brz8._.js:3272
[ 2465518ms] [ERROR] ./apps/portal/lib/drawings/state/houseFormGeometryInput.ts:1:1
Export DEFAULT_GUTTER_PROJECTION_MM doesn't exist in target module
>  1 | import {
     | ^^^^^^^
>  2 |   applyHouseReferencePosition,
     | ^^^^^^^^^^^^^^^^^^^^^^^^^^^^^^
>  3 |   applyRoofQa,
     | ^^^^^^^^^^^^^^
>  4 |   buildHouseModel3DFromRawHouseInput,
     | ^^^^^^^^^^^^^^^^^^^^^^^^^^^^^^^^^^^^^
>  5 |   buildHouseReferenceProjectionShape,
     | ^^^^^^^^^^^^^^^^^^^^^^^^^^^^^^^^^^^^^
>  6 |   buildHouseRoofEnvelopeArtifacts,
     | ^^^^^^^^^^^^^^^^^^^^^^^^^^^^^^^^^^
>  7 |   buildHouseRoofModelPipeline,
     | ^^^^^^^^^^^^^^^^^^^^^^^^^^^^^^
>  8 |   composeFootprintFromComposition,
     | ^^^^^^^^^^^^^^^^^^^^^^^^^^^^^^^^^^
>  9 |   composeRoofFromComposition,
     | ^^^^^^^^^^^^^^^^^^^^^^^^^^^^^
> 10 |   DEFAULT_EAVE_OVERHANG_MM,
     | ^^^^^^^^^^^^^^^^^^^^^^^^^^^
> 11 |   DEFAULT_FASCIA_HEIGHT_MM,
     | ^^^^^^^^^^^^^^^^^^^^^^^^^^^
> 12 |   DEFAULT_GUTTER_DEPTH_MM,
     | ^^^^^^^^^^^^^^^^^^^^^^^^^^
> 13 |   DEFAULT_GUTTER_PROJECTION_MM,
     | ^^^^^^^^^^^^^^^^^^^^^^^^^^^^^^^
> 14 |   DEFAULT_GUTTER_WIDTH_MM,
     | ^^^^^^^^^^^^^^^^^^^^^^^^^^
> 15 |   DEFAULT_HOUSE_ROOF_MATERIAL,
     | ^^^^^^^^^^^^^^^^^^^^^^^^^^^^^^
> 16 |   DEFAULT_SOFFIT_DEPTH_MM,
     | ^^^^^^^^^^^^^^^^^^^^^^^^^^
> 17 |   EMPTY_HOUSE_ROOF_STAGE_DIAGNOSTICS,
     | ^^^^^^^^^^^^^^^^^^^^^^^^^^^^^^^^^^^^^
> 18 |   type GeometryTopProjectionShape,
     | ^^^^^^^^^^^^^^^^^^^^^^^^^^^^^^^^^^
> 19 |   type HouseComposition,
     | ^^^^^^^^^^^^^^^^^^^^^^^^
> 20 |   type HouseRoofModelPipelineFailureStage,
     | ^^^^^^^^^^^^^^^^^^^^^^^^^^^^^^^^^^^^^^^^^^
> 21 |   type HouseRoofStageDiagnostics,
     | ^^^^^^^^^^^^^^^^^^^^^^^^^^^^^^^^^
> 22 |   type HouseModel3D,
     | ^^^^^^^^^^^^^^^^^^^^
> 23 |   type RectangleRoofIntent,
     | ^^^^^^^^^^^^^^^^^^^^^^^^^^^
> 24 |   type HouseReferenceGeometry,
     | ^^^^^^^^^^^^^^^^^^^^^^^^^^^^^^
> 25 |   type Polygon3,
     | ^^^^^^^^^^^^^^^^
> 26 |   type RawHouseInput,
     | ^^^^^^^^^^^^^^^^^^^^^
> 27 | } from "@sp/geometry";
     | ^^^^^^^^^^^^^^^^^^^^^^
  28 | import { houseFormTransformToAssemblyPosition } from "./houseFormTransform";
  29 | import { buildHouseFormRawGeometryInput } from "./houseFormRawGeometry";
  30 | import { deriveCompositionUnionPolygon3 } from "./houseFormCompositionFootprint";

The export DEFAULT_GUTTER_PROJECTION_MM was not found in module [project]/packages/geometry/src/index.ts [app-client] (ecmascript).
Did you mean to import EMPTY_HOUSE_ROOF_STAGE_DIAGNOSTICS?
All exports of the module are statically known (It doesn't have dynamic exports). So it's known statically that the requested export doesn't exist.

Import traces:
  Client Component Browser:
    ./apps/portal/lib/drawings/state/houseFormGeometryInput.ts [Client Component Browser]
    ./apps/portal/lib/drawings/state/objectWorkbenchStatusModel.ts [Client Component Browser]
    ./apps/portal/lib/drawings/state/drawingWorkbenchStore.ts [Client Component Browser]
    ./apps/portal/components/projects/ProjectPage/tabs/EstimatesTab.tsx [Client Component Browser]
    ./apps/portal/components/projects/ProjectPage/ProjectMainTabs.tsx [Client Component Browser]
    ./apps/portal/components/projects/ProjectPage/ProjectPageShell.tsx [Client Component Browser]
    ./apps/portal/components/projects/ProjectPage/ProjectPageFrame.tsx [Client Component Browser]
    ./apps/portal/app/staff/projects/[projectId]/ProjectSnapshotPageClient.tsx [Client Component Browser]
    ./apps/portal/app/staff/projects/[projectId]/ProjectSnapshotPageClient.tsx [Server Component]
    ./apps/portal/app/staff/projects/[projectId]/page.tsx [Server Component]

  Client Component SSR:
    ./apps/portal/lib/drawings/state/houseFormGeometryInput.ts [Client Component SSR]
    ./apps/portal/lib/drawings/state/objectWorkbenchStatusModel.ts [Client Component SSR]
    ./apps/portal/lib/drawings/state/drawingWorkbenchStore.ts [Client Component SSR]
    ./apps/portal/components/projects/ProjectPage/tabs/EstimatesTab.tsx [Client Component SSR]
    ./apps/portal/components/projects/ProjectPage/ProjectMainTabs.tsx [Client Component SSR]
    ./apps/portal/components/projects/ProjectPage/ProjectPageShell.tsx [Client Component SSR]
    ./apps/portal/components/projects/ProjectPage/ProjectPageFrame.tsx [Client Component SSR]
    ./apps/portal/app/staff/projects/[projectId]/ProjectSnapshotPageClient.tsx [Client Component SSR]
    ./apps/portal/app/staff/projects/[projectId]/ProjectSnapshotPageClient.tsx [Server Component]
    ./apps/portal/app/staff/projects/[projectId]/page.tsx [Server Component] @ http://localhost:3001/_next/static/chunks/node_modules_next_dist_115brz8._.js:3272
[ 2465518ms] [ERROR] ./apps/portal/lib/drawings/state/houseFormGeometryInput.ts:1:1
Export DEFAULT_GUTTER_PROJECTION_MM doesn't exist in target module
>  1 | import {
     | ^^^^^^^
>  2 |   applyHouseReferencePosition,
     | ^^^^^^^^^^^^^^^^^^^^^^^^^^^^^^
>  3 |   applyRoofQa,
     | ^^^^^^^^^^^^^^
>  4 |   buildHouseModel3DFromRawHouseInput,
     | ^^^^^^^^^^^^^^^^^^^^^^^^^^^^^^^^^^^^^
>  5 |   buildHouseReferenceProjectionShape,
     | ^^^^^^^^^^^^^^^^^^^^^^^^^^^^^^^^^^^^^
>  6 |   buildHouseRoofEnvelopeArtifacts,
     | ^^^^^^^^^^^^^^^^^^^^^^^^^^^^^^^^^^
>  7 |   buildHouseRoofModelPipeline,
     | ^^^^^^^^^^^^^^^^^^^^^^^^^^^^^^
>  8 |   composeFootprintFromComposition,
     | ^^^^^^^^^^^^^^^^^^^^^^^^^^^^^^^^^^
>  9 |   composeRoofFromComposition,
     | ^^^^^^^^^^^^^^^^^^^^^^^^^^^^^
> 10 |   DEFAULT_EAVE_OVERHANG_MM,
     | ^^^^^^^^^^^^^^^^^^^^^^^^^^^
> 11 |   DEFAULT_FASCIA_HEIGHT_MM,
     | ^^^^^^^^^^^^^^^^^^^^^^^^^^^
> 12 |   DEFAULT_GUTTER_DEPTH_MM,
     | ^^^^^^^^^^^^^^^^^^^^^^^^^^
> 13 |   DEFAULT_GUTTER_PROJECTION_MM,
     | ^^^^^^^^^^^^^^^^^^^^^^^^^^^^^^^
> 14 |   DEFAULT_GUTTER_WIDTH_MM,
     | ^^^^^^^^^^^^^^^^^^^^^^^^^^
> 15 |   DEFAULT_HOUSE_ROOF_MATERIAL,
     | ^^^^^^^^^^^^^^^^^^^^^^^^^^^^^^
> 16 |   DEFAULT_SOFFIT_DEPTH_MM,
     | ^^^^^^^^^^^^^^^^^^^^^^^^^^
> 17 |   EMPTY_HOUSE_ROOF_STAGE_DIAGNOSTICS,
     | ^^^^^^^^^^^^^^^^^^^^^^^^^^^^^^^^^^^^^
> 18 |   type GeometryTopProjectionShape,
     | ^^^^^^^^^^^^^^^^^^^^^^^^^^^^^^^^^^
> 19 |   type HouseComposition,
     | ^^^^^^^^^^^^^^^^^^^^^^^^
> 20 |   type HouseRoofModelPipelineFailureStage,
     | ^^^^^^^^^^^^^^^^^^^^^^^^^^^^^^^^^^^^^^^^^^
> 21 |   type HouseRoofStageDiagnostics,
     | ^^^^^^^^^^^^^^^^^^^^^^^^^^^^^^^^^
> 22 |   type HouseModel3D,
     | ^^^^^^^^^^^^^^^^^^^^
> 23 |   type RectangleRoofIntent,
     | ^^^^^^^^^^^^^^^^^^^^^^^^^^^
> 24 |   type HouseReferenceGeometry,
     | ^^^^^^^^^^^^^^^^^^^^^^^^^^^^^^
> 25 |   type Polygon3,
     | ^^^^^^^^^^^^^^^^
> 26 |   type RawHouseInput,
     | ^^^^^^^^^^^^^^^^^^^^^
> 27 | } from "@sp/geometry";
     | ^^^^^^^^^^^^^^^^^^^^^^
  28 | import { houseFormTransformToAssemblyPosition } from "./houseFormTransform";
  29 | import { buildHouseFormRawGeometryInput } from "./houseFormRawGeometry";
  30 | import { deriveCompositionUnionPolygon3 } from "./houseFormCompositionFootprint";

The export DEFAULT_GUTTER_PROJECTION_MM was not found in module [project]/packages/geometry/src/index.ts [app-ssr] (ecmascript).
Did you mean to import EMPTY_HOUSE_ROOF_STAGE_DIAGNOSTICS?
All exports of the module are statically known (It doesn't have dynamic exports). So it's known statically that the requested export doesn't exist.

Import traces:
  Client Component Browser:
    ./apps/portal/lib/drawings/state/houseFormGeometryInput.ts [Client Component Browser]
    ./apps/portal/lib/drawings/state/objectWorkbenchStatusModel.ts [Client Component Browser]
    ./apps/portal/lib/drawings/state/drawingWorkbenchStore.ts [Client Component Browser]
    ./apps/portal/components/projects/ProjectPage/tabs/EstimatesTab.tsx [Client Component Browser]
    ./apps/portal/components/projects/ProjectPage/ProjectMainTabs.tsx [Client Component Browser]
    ./apps/portal/components/projects/ProjectPage/ProjectPageShell.tsx [Client Component Browser]
    ./apps/portal/components/projects/ProjectPage/ProjectPageFrame.tsx [Client Component Browser]
    ./apps/portal/app/staff/projects/[projectId]/ProjectSnapshotPageClient.tsx [Client Component Browser]
    ./apps/portal/app/staff/projects/[projectId]/ProjectSnapshotPageClient.tsx [Server Component]
    ./apps/portal/app/staff/projects/[projectId]/page.tsx [Server Component]

  Client Component SSR:
    ./apps/portal/lib/drawings/state/houseFormGeometryInput.ts [Client Component SSR]
    ./apps/portal/lib/drawings/state/objectWorkbenchStatusModel.ts [Client Component SSR]
    ./apps/portal/lib/drawings/state/drawingWorkbenchStore.ts [Client Component SSR]
    ./apps/portal/components/projects/ProjectPage/tabs/EstimatesTab.tsx [Client Component SSR]
    ./apps/portal/components/projects/ProjectPage/ProjectMainTabs.tsx [Client Component SSR]
    ./apps/portal/components/projects/ProjectPage/ProjectPageShell.tsx [Client Component SSR]
    ./apps/portal/components/projects/ProjectPage/ProjectPageFrame.tsx [Client Component SSR]
    ./apps/portal/app/staff/projects/[projectId]/ProjectSnapshotPageClient.tsx [Client Component SSR]
    ./apps/portal/app/staff/projects/[projectId]/ProjectSnapshotPageClient.tsx [Server Component]
    ./apps/portal/app/staff/projects/[projectId]/page.tsx [Server Component] @ http://localhost:3001/_next/static/chunks/node_modules_next_dist_115brz8._.js:3272
[ 2465518ms] [ERROR] ./apps/portal/lib/drawings/state/houseFormGeometryInput.ts:1:1
Export DEFAULT_GUTTER_WIDTH_MM doesn't exist in target module
>  1 | import {
     | ^^^^^^^
>  2 |   applyHouseReferencePosition,
     | ^^^^^^^^^^^^^^^^^^^^^^^^^^^^^^
>  3 |   applyRoofQa,
     | ^^^^^^^^^^^^^^
>  4 |   buildHouseModel3DFromRawHouseInput,
     | ^^^^^^^^^^^^^^^^^^^^^^^^^^^^^^^^^^^^^
>  5 |   buildHouseReferenceProjectionShape,
     | ^^^^^^^^^^^^^^^^^^^^^^^^^^^^^^^^^^^^^
>  6 |   buildHouseRoofEnvelopeArtifacts,
     | ^^^^^^^^^^^^^^^^^^^^^^^^^^^^^^^^^^
>  7 |   buildHouseRoofModelPipeline,
     | ^^^^^^^^^^^^^^^^^^^^^^^^^^^^^^
>  8 |   composeFootprintFromComposition,
     | ^^^^^^^^^^^^^^^^^^^^^^^^^^^^^^^^^^
>  9 |   composeRoofFromComposition,
     | ^^^^^^^^^^^^^^^^^^^^^^^^^^^^^
> 10 |   DEFAULT_EAVE_OVERHANG_MM,
     | ^^^^^^^^^^^^^^^^^^^^^^^^^^^
> 11 |   DEFAULT_FASCIA_HEIGHT_MM,
     | ^^^^^^^^^^^^^^^^^^^^^^^^^^^
> 12 |   DEFAULT_GUTTER_DEPTH_MM,
     | ^^^^^^^^^^^^^^^^^^^^^^^^^^
> 13 |   DEFAULT_GUTTER_PROJECTION_MM,
     | ^^^^^^^^^^^^^^^^^^^^^^^^^^^^^^^
> 14 |   DEFAULT_GUTTER_WIDTH_MM,
     | ^^^^^^^^^^^^^^^^^^^^^^^^^^
> 15 |   DEFAULT_HOUSE_ROOF_MATERIAL,
     | ^^^^^^^^^^^^^^^^^^^^^^^^^^^^^^
> 16 |   DEFAULT_SOFFIT_DEPTH_MM,
     | ^^^^^^^^^^^^^^^^^^^^^^^^^^
> 17 |   EMPTY_HOUSE_ROOF_STAGE_DIAGNOSTICS,
     | ^^^^^^^^^^^^^^^^^^^^^^^^^^^^^^^^^^^^^
> 18 |   type GeometryTopProjectionShape,
     | ^^^^^^^^^^^^^^^^^^^^^^^^^^^^^^^^^^
> 19 |   type HouseComposition,
     | ^^^^^^^^^^^^^^^^^^^^^^^^
> 20 |   type HouseRoofModelPipelineFailureStage,
     | ^^^^^^^^^^^^^^^^^^^^^^^^^^^^^^^^^^^^^^^^^^
> 21 |   type HouseRoofStageDiagnostics,
     | ^^^^^^^^^^^^^^^^^^^^^^^^^^^^^^^^^
> 22 |   type HouseModel3D,
     | ^^^^^^^^^^^^^^^^^^^^
> 23 |   type RectangleRoofIntent,
     | ^^^^^^^^^^^^^^^^^^^^^^^^^^^
> 24 |   type HouseReferenceGeometry,
     | ^^^^^^^^^^^^^^^^^^^^^^^^^^^^^^
> 25 |   type Polygon3,
     | ^^^^^^^^^^^^^^^^
> 26 |   type RawHouseInput,
     | ^^^^^^^^^^^^^^^^^^^^^
> 27 | } from "@sp/geometry";
     | ^^^^^^^^^^^^^^^^^^^^^^
  28 | import { houseFormTransformToAssemblyPosition } from "./houseFormTransform";
  29 | import { buildHouseFormRawGeometryInput } from "./houseFormRawGeometry";
  30 | import { deriveCompositionUnionPolygon3 } from "./houseFormCompositionFootprint";

The export DEFAULT_GUTTER_WIDTH_MM was not found in module [project]/packages/geometry/src/index.ts [app-client] (ecmascript).
Did you mean to import EMPTY_HOUSE_ROOF_STAGE_DIAGNOSTICS?
All exports of the module are statically known (It doesn't have dynamic exports). So it's known statically that the requested export doesn't exist.

Import traces:
  Client Component Browser:
    ./apps/portal/lib/drawings/state/houseFormGeometryInput.ts [Client Component Browser]
    ./apps/portal/lib/drawings/state/objectWorkbenchStatusModel.ts [Client Component Browser]
    ./apps/portal/lib/drawings/state/drawingWorkbenchStore.ts [Client Component Browser]
    ./apps/portal/components/projects/ProjectPage/tabs/EstimatesTab.tsx [Client Component Browser]
    ./apps/portal/components/projects/ProjectPage/ProjectMainTabs.tsx [Client Component Browser]
    ./apps/portal/components/projects/ProjectPage/ProjectPageShell.tsx [Client Component Browser]
    ./apps/portal/components/projects/ProjectPage/ProjectPageFrame.tsx [Client Component Browser]
    ./apps/portal/app/staff/projects/[projectId]/ProjectSnapshotPageClient.tsx [Client Component Browser]
    ./apps/portal/app/staff/projects/[projectId]/ProjectSnapshotPageClient.tsx [Server Component]
    ./apps/portal/app/staff/projects/[projectId]/page.tsx [Server Component]

  Client Component SSR:
    ./apps/portal/lib/drawings/state/houseFormGeometryInput.ts [Client Component SSR]
    ./apps/portal/lib/drawings/state/objectWorkbenchStatusModel.ts [Client Component SSR]
    ./apps/portal/lib/drawings/state/drawingWorkbenchStore.ts [Client Component SSR]
    ./apps/portal/components/projects/ProjectPage/tabs/EstimatesTab.tsx [Client Component SSR]
    ./apps/portal/components/projects/ProjectPage/ProjectMainTabs.tsx [Client Component SSR]
    ./apps/portal/components/projects/ProjectPage/ProjectPageShell.tsx [Client Component SSR]
    ./apps/portal/components/projects/ProjectPage/ProjectPageFrame.tsx [Client Component SSR]
    ./apps/portal/app/staff/projects/[projectId]/ProjectSnapshotPageClient.tsx [Client Component SSR]
    ./apps/portal/app/staff/projects/[projectId]/ProjectSnapshotPageClient.tsx [Server Component]
    ./apps/portal/app/staff/projects/[projectId]/page.tsx [Server Component] @ http://localhost:3001/_next/static/chunks/node_modules_next_dist_115brz8._.js:3272
[ 2465519ms] [ERROR] ./apps/portal/lib/drawings/state/houseFormGeometryInput.ts:1:1
Export DEFAULT_GUTTER_WIDTH_MM doesn't exist in target module
>  1 | import {
     | ^^^^^^^
>  2 |   applyHouseReferencePosition,
     | ^^^^^^^^^^^^^^^^^^^^^^^^^^^^^^
>  3 |   applyRoofQa,
     | ^^^^^^^^^^^^^^
>  4 |   buildHouseModel3DFromRawHouseInput,
     | ^^^^^^^^^^^^^^^^^^^^^^^^^^^^^^^^^^^^^
>  5 |   buildHouseReferenceProjectionShape,
     | ^^^^^^^^^^^^^^^^^^^^^^^^^^^^^^^^^^^^^
>  6 |   buildHouseRoofEnvelopeArtifacts,
     | ^^^^^^^^^^^^^^^^^^^^^^^^^^^^^^^^^^
>  7 |   buildHouseRoofModelPipeline,
     | ^^^^^^^^^^^^^^^^^^^^^^^^^^^^^^
>  8 |   composeFootprintFromComposition,
     | ^^^^^^^^^^^^^^^^^^^^^^^^^^^^^^^^^^
>  9 |   composeRoofFromComposition,
     | ^^^^^^^^^^^^^^^^^^^^^^^^^^^^^
> 10 |   DEFAULT_EAVE_OVERHANG_MM,
     | ^^^^^^^^^^^^^^^^^^^^^^^^^^^
> 11 |   DEFAULT_FASCIA_HEIGHT_MM,
     | ^^^^^^^^^^^^^^^^^^^^^^^^^^^
> 12 |   DEFAULT_GUTTER_DEPTH_MM,
     | ^^^^^^^^^^^^^^^^^^^^^^^^^^
> 13 |   DEFAULT_GUTTER_PROJECTION_MM,
     | ^^^^^^^^^^^^^^^^^^^^^^^^^^^^^^^
> 14 |   DEFAULT_GUTTER_WIDTH_MM,
     | ^^^^^^^^^^^^^^^^^^^^^^^^^^
> 15 |   DEFAULT_HOUSE_ROOF_MATERIAL,
     | ^^^^^^^^^^^^^^^^^^^^^^^^^^^^^^
> 16 |   DEFAULT_SOFFIT_DEPTH_MM,
     | ^^^^^^^^^^^^^^^^^^^^^^^^^^
> 17 |   EMPTY_HOUSE_ROOF_STAGE_DIAGNOSTICS,
     | ^^^^^^^^^^^^^^^^^^^^^^^^^^^^^^^^^^^^^
> 18 |   type GeometryTopProjectionShape,
     | ^^^^^^^^^^^^^^^^^^^^^^^^^^^^^^^^^^
> 19 |   type HouseComposition,
     | ^^^^^^^^^^^^^^^^^^^^^^^^
> 20 |   type HouseRoofModelPipelineFailureStage,
     | ^^^^^^^^^^^^^^^^^^^^^^^^^^^^^^^^^^^^^^^^^^
> 21 |   type HouseRoofStageDiagnostics,
     | ^^^^^^^^^^^^^^^^^^^^^^^^^^^^^^^^^
> 22 |   type HouseModel3D,
     | ^^^^^^^^^^^^^^^^^^^^
> 23 |   type RectangleRoofIntent,
     | ^^^^^^^^^^^^^^^^^^^^^^^^^^^
> 24 |   type HouseReferenceGeometry,
     | ^^^^^^^^^^^^^^^^^^^^^^^^^^^^^^
> 25 |   type Polygon3,
     | ^^^^^^^^^^^^^^^^
> 26 |   type RawHouseInput,
     | ^^^^^^^^^^^^^^^^^^^^^
> 27 | } from "@sp/geometry";
     | ^^^^^^^^^^^^^^^^^^^^^^
  28 | import { houseFormTransformToAssemblyPosition } from "./houseFormTransform";
  29 | import { buildHouseFormRawGeometryInput } from "./houseFormRawGeometry";
  30 | import { deriveCompositionUnionPolygon3 } from "./houseFormCompositionFootprint";

The export DEFAULT_GUTTER_WIDTH_MM was not found in module [project]/packages/geometry/src/index.ts [app-ssr] (ecmascript).
Did you mean to import EMPTY_HOUSE_ROOF_STAGE_DIAGNOSTICS?
All exports of the module are statically known (It doesn't have dynamic exports). So it's known statically that the requested export doesn't exist.

Import traces:
  Client Component Browser:
    ./apps/portal/lib/drawings/state/houseFormGeometryInput.ts [Client Component Browser]
    ./apps/portal/lib/drawings/state/objectWorkbenchStatusModel.ts [Client Component Browser]
    ./apps/portal/lib/drawings/state/drawingWorkbenchStore.ts [Client Component Browser]
    ./apps/portal/components/projects/ProjectPage/tabs/EstimatesTab.tsx [Client Component Browser]
    ./apps/portal/components/projects/ProjectPage/ProjectMainTabs.tsx [Client Component Browser]
    ./apps/portal/components/projects/ProjectPage/ProjectPageShell.tsx [Client Component Browser]
    ./apps/portal/components/projects/ProjectPage/ProjectPageFrame.tsx [Client Component Browser]
    ./apps/portal/app/staff/projects/[projectId]/ProjectSnapshotPageClient.tsx [Client Component Browser]
    ./apps/portal/app/staff/projects/[projectId]/ProjectSnapshotPageClient.tsx [Server Component]
    ./apps/portal/app/staff/projects/[projectId]/page.tsx [Server Component]

  Client Component SSR:
    ./apps/portal/lib/drawings/state/houseFormGeometryInput.ts [Client Component SSR]
    ./apps/portal/lib/drawings/state/objectWorkbenchStatusModel.ts [Client Component SSR]
    ./apps/portal/lib/drawings/state/drawingWorkbenchStore.ts [Client Component SSR]
    ./apps/portal/components/projects/ProjectPage/tabs/EstimatesTab.tsx [Client Component SSR]
    ./apps/portal/components/projects/ProjectPage/ProjectMainTabs.tsx [Client Component SSR]
    ./apps/portal/components/projects/ProjectPage/ProjectPageShell.tsx [Client Component SSR]
    ./apps/portal/components/projects/ProjectPage/ProjectPageFrame.tsx [Client Component SSR]
    ./apps/portal/app/staff/projects/[projectId]/ProjectSnapshotPageClient.tsx [Client Component SSR]
    ./apps/portal/app/staff/projects/[projectId]/ProjectSnapshotPageClient.tsx [Server Component]
    ./apps/portal/app/staff/projects/[projectId]/page.tsx [Server Component] @ http://localhost:3001/_next/static/chunks/node_modules_next_dist_115brz8._.js:3272
[ 2465519ms] [ERROR] ./apps/portal/lib/drawings/state/houseFormGeometryInput.ts:1:1
Export DEFAULT_HOUSE_ROOF_MATERIAL doesn't exist in target module
>  1 | import {
     | ^^^^^^^
>  2 |   applyHouseReferencePosition,
     | ^^^^^^^^^^^^^^^^^^^^^^^^^^^^^^
>  3 |   applyRoofQa,
     | ^^^^^^^^^^^^^^
>  4 |   buildHouseModel3DFromRawHouseInput,
     | ^^^^^^^^^^^^^^^^^^^^^^^^^^^^^^^^^^^^^
>  5 |   buildHouseReferenceProjectionShape,
     | ^^^^^^^^^^^^^^^^^^^^^^^^^^^^^^^^^^^^^
>  6 |   buildHouseRoofEnvelopeArtifacts,
     | ^^^^^^^^^^^^^^^^^^^^^^^^^^^^^^^^^^
>  7 |   buildHouseRoofModelPipeline,
     | ^^^^^^^^^^^^^^^^^^^^^^^^^^^^^^
>  8 |   composeFootprintFromComposition,
     | ^^^^^^^^^^^^^^^^^^^^^^^^^^^^^^^^^^
>  9 |   composeRoofFromComposition,
     | ^^^^^^^^^^^^^^^^^^^^^^^^^^^^^
> 10 |   DEFAULT_EAVE_OVERHANG_MM,
     | ^^^^^^^^^^^^^^^^^^^^^^^^^^^
> 11 |   DEFAULT_FASCIA_HEIGHT_MM,
     | ^^^^^^^^^^^^^^^^^^^^^^^^^^^
> 12 |   DEFAULT_GUTTER_DEPTH_MM,
     | ^^^^^^^^^^^^^^^^^^^^^^^^^^
> 13 |   DEFAULT_GUTTER_PROJECTION_MM,
     | ^^^^^^^^^^^^^^^^^^^^^^^^^^^^^^^
> 14 |   DEFAULT_GUTTER_WIDTH_MM,
     | ^^^^^^^^^^^^^^^^^^^^^^^^^^
> 15 |   DEFAULT_HOUSE_ROOF_MATERIAL,
     | ^^^^^^^^^^^^^^^^^^^^^^^^^^^^^^
> 16 |   DEFAULT_SOFFIT_DEPTH_MM,
     | ^^^^^^^^^^^^^^^^^^^^^^^^^^
> 17 |   EMPTY_HOUSE_ROOF_STAGE_DIAGNOSTICS,
     | ^^^^^^^^^^^^^^^^^^^^^^^^^^^^^^^^^^^^^
> 18 |   type GeometryTopProjectionShape,
     | ^^^^^^^^^^^^^^^^^^^^^^^^^^^^^^^^^^
> 19 |   type HouseComposition,
     | ^^^^^^^^^^^^^^^^^^^^^^^^
> 20 |   type HouseRoofModelPipelineFailureStage,
     | ^^^^^^^^^^^^^^^^^^^^^^^^^^^^^^^^^^^^^^^^^^
> 21 |   type HouseRoofStageDiagnostics,
     | ^^^^^^^^^^^^^^^^^^^^^^^^^^^^^^^^^
> 22 |   type HouseModel3D,
     | ^^^^^^^^^^^^^^^^^^^^
> 23 |   type RectangleRoofIntent,
     | ^^^^^^^^^^^^^^^^^^^^^^^^^^^
> 24 |   type HouseReferenceGeometry,
     | ^^^^^^^^^^^^^^^^^^^^^^^^^^^^^^
> 25 |   type Polygon3,
     | ^^^^^^^^^^^^^^^^
> 26 |   type RawHouseInput,
     | ^^^^^^^^^^^^^^^^^^^^^
> 27 | } from "@sp/geometry";
     | ^^^^^^^^^^^^^^^^^^^^^^
  28 | import { houseFormTransformToAssemblyPosition } from "./houseFormTransform";
  29 | import { buildHouseFormRawGeometryInput } from "./houseFormRawGeometry";
  30 | import { deriveCompositionUnionPolygon3 } from "./houseFormCompositionFootprint";

The export DEFAULT_HOUSE_ROOF_MATERIAL was not found in module [project]/packages/geometry/src/index.ts [app-client] (ecmascript).
Did you mean to import HOUSE_ROOF_FORM_BEHAVIORS?
All exports of the module are statically known (It doesn't have dynamic exports). So it's known statically that the requested export doesn't exist.

Import traces:
  Client Component Browser:
    ./apps/portal/lib/drawings/state/houseFormGeometryInput.ts [Client Component Browser]
    ./apps/portal/lib/drawings/state/objectWorkbenchStatusModel.ts [Client Component Browser]
    ./apps/portal/lib/drawings/state/drawingWorkbenchStore.ts [Client Component Browser]
    ./apps/portal/components/projects/ProjectPage/tabs/EstimatesTab.tsx [Client Component Browser]
    ./apps/portal/components/projects/ProjectPage/ProjectMainTabs.tsx [Client Component Browser]
    ./apps/portal/components/projects/ProjectPage/ProjectPageShell.tsx [Client Component Browser]
    ./apps/portal/components/projects/ProjectPage/ProjectPageFrame.tsx [Client Component Browser]
    ./apps/portal/app/staff/projects/[projectId]/ProjectSnapshotPageClient.tsx [Client Component Browser]
    ./apps/portal/app/staff/projects/[projectId]/ProjectSnapshotPageClient.tsx [Server Component]
    ./apps/portal/app/staff/projects/[projectId]/page.tsx [Server Component]

  Client Component SSR:
    ./apps/portal/lib/drawings/state/houseFormGeometryInput.ts [Client Component SSR]
    ./apps/portal/lib/drawings/state/objectWorkbenchStatusModel.ts [Client Component SSR]
    ./apps/portal/lib/drawings/state/drawingWorkbenchStore.ts [Client Component SSR]
    ./apps/portal/components/projects/ProjectPage/tabs/EstimatesTab.tsx [Client Component SSR]
    ./apps/portal/components/projects/ProjectPage/ProjectMainTabs.tsx [Client Component SSR]
    ./apps/portal/components/projects/ProjectPage/ProjectPageShell.tsx [Client Component SSR]
    ./apps/portal/components/projects/ProjectPage/ProjectPageFrame.tsx [Client Component SSR]
    ./apps/portal/app/staff/projects/[projectId]/ProjectSnapshotPageClient.tsx [Client Component SSR]
    ./apps/portal/app/staff/projects/[projectId]/ProjectSnapshotPageClient.tsx [Server Component]
    ./apps/portal/app/staff/projects/[projectId]/page.tsx [Server Component] @ http://localhost:3001/_next/static/chunks/node_modules_next_dist_115brz8._.js:3272
[ 2465519ms] [ERROR] ./apps/portal/lib/drawings/state/houseFormGeometryInput.ts:1:1
Export DEFAULT_HOUSE_ROOF_MATERIAL doesn't exist in target module
>  1 | import {
     | ^^^^^^^
>  2 |   applyHouseReferencePosition,
     | ^^^^^^^^^^^^^^^^^^^^^^^^^^^^^^
>  3 |   applyRoofQa,
     | ^^^^^^^^^^^^^^
>  4 |   buildHouseModel3DFromRawHouseInput,
     | ^^^^^^^^^^^^^^^^^^^^^^^^^^^^^^^^^^^^^
>  5 |   buildHouseReferenceProjectionShape,
     | ^^^^^^^^^^^^^^^^^^^^^^^^^^^^^^^^^^^^^
>  6 |   buildHouseRoofEnvelopeArtifacts,
     | ^^^^^^^^^^^^^^^^^^^^^^^^^^^^^^^^^^
>  7 |   buildHouseRoofModelPipeline,
     | ^^^^^^^^^^^^^^^^^^^^^^^^^^^^^^
>  8 |   composeFootprintFromComposition,
     | ^^^^^^^^^^^^^^^^^^^^^^^^^^^^^^^^^^
>  9 |   composeRoofFromComposition,
     | ^^^^^^^^^^^^^^^^^^^^^^^^^^^^^
> 10 |   DEFAULT_EAVE_OVERHANG_MM,
     | ^^^^^^^^^^^^^^^^^^^^^^^^^^^
> 11 |   DEFAULT_FASCIA_HEIGHT_MM,
     | ^^^^^^^^^^^^^^^^^^^^^^^^^^^
> 12 |   DEFAULT_GUTTER_DEPTH_MM,
     | ^^^^^^^^^^^^^^^^^^^^^^^^^^
> 13 |   DEFAULT_GUTTER_PROJECTION_MM,
     | ^^^^^^^^^^^^^^^^^^^^^^^^^^^^^^^
> 14 |   DEFAULT_GUTTER_WIDTH_MM,
     | ^^^^^^^^^^^^^^^^^^^^^^^^^^
> 15 |   DEFAULT_HOUSE_ROOF_MATERIAL,
     | ^^^^^^^^^^^^^^^^^^^^^^^^^^^^^^
> 16 |   DEFAULT_SOFFIT_DEPTH_MM,
     | ^^^^^^^^^^^^^^^^^^^^^^^^^^
> 17 |   EMPTY_HOUSE_ROOF_STAGE_DIAGNOSTICS,
     | ^^^^^^^^^^^^^^^^^^^^^^^^^^^^^^^^^^^^^
> 18 |   type GeometryTopProjectionShape,
     | ^^^^^^^^^^^^^^^^^^^^^^^^^^^^^^^^^^
> 19 |   type HouseComposition,
     | ^^^^^^^^^^^^^^^^^^^^^^^^
> 20 |   type HouseRoofModelPipelineFailureStage,
     | ^^^^^^^^^^^^^^^^^^^^^^^^^^^^^^^^^^^^^^^^^^
> 21 |   type HouseRoofStageDiagnostics,
     | ^^^^^^^^^^^^^^^^^^^^^^^^^^^^^^^^^
> 22 |   type HouseModel3D,
     | ^^^^^^^^^^^^^^^^^^^^
> 23 |   type RectangleRoofIntent,
     | ^^^^^^^^^^^^^^^^^^^^^^^^^^^
> 24 |   type HouseReferenceGeometry,
     | ^^^^^^^^^^^^^^^^^^^^^^^^^^^^^^
> 25 |   type Polygon3,
     | ^^^^^^^^^^^^^^^^
> 26 |   type RawHouseInput,
     | ^^^^^^^^^^^^^^^^^^^^^
> 27 | } from "@sp/geometry";
     | ^^^^^^^^^^^^^^^^^^^^^^
  28 | import { houseFormTransformToAssemblyPosition } from "./houseFormTransform";
  29 | import { buildHouseFormRawGeometryInput } from "./houseFormRawGeometry";
  30 | import { deriveCompositionUnionPolygon3 } from "./houseFormCompositionFootprint";

The export DEFAULT_HOUSE_ROOF_MATERIAL was not found in module [project]/packages/geometry/src/index.ts [app-ssr] (ecmascript).
Did you mean to import HOUSE_ROOF_FORM_BEHAVIORS?
All exports of the module are statically known (It doesn't have dynamic exports). So it's known statically that the requested export doesn't exist.

Import traces:
  Client Component Browser:
    ./apps/portal/lib/drawings/state/houseFormGeometryInput.ts [Client Component Browser]
    ./apps/portal/lib/drawings/state/objectWorkbenchStatusModel.ts [Client Component Browser]
    ./apps/portal/lib/drawings/state/drawingWorkbenchStore.ts [Client Component Browser]
    ./apps/portal/components/projects/ProjectPage/tabs/EstimatesTab.tsx [Client Component Browser]
    ./apps/portal/components/projects/ProjectPage/ProjectMainTabs.tsx [Client Component Browser]
    ./apps/portal/components/projects/ProjectPage/ProjectPageShell.tsx [Client Component Browser]
    ./apps/portal/components/projects/ProjectPage/ProjectPageFrame.tsx [Client Component Browser]
    ./apps/portal/app/staff/projects/[projectId]/ProjectSnapshotPageClient.tsx [Client Component Browser]
    ./apps/portal/app/staff/projects/[projectId]/ProjectSnapshotPageClient.tsx [Server Component]
    ./apps/portal/app/staff/projects/[projectId]/page.tsx [Server Component]

  Client Component SSR:
    ./apps/portal/lib/drawings/state/houseFormGeometryInput.ts [Client Component SSR]
    ./apps/portal/lib/drawings/state/objectWorkbenchStatusModel.ts [Client Component SSR]
    ./apps/portal/lib/drawings/state/drawingWorkbenchStore.ts [Client Component SSR]
    ./apps/portal/components/projects/ProjectPage/tabs/EstimatesTab.tsx [Client Component SSR]
    ./apps/portal/components/projects/ProjectPage/ProjectMainTabs.tsx [Client Component SSR]
    ./apps/portal/components/projects/ProjectPage/ProjectPageShell.tsx [Client Component SSR]
    ./apps/portal/components/projects/ProjectPage/ProjectPageFrame.tsx [Client Component SSR]
    ./apps/portal/app/staff/projects/[projectId]/ProjectSnapshotPageClient.tsx [Client Component SSR]
    ./apps/portal/app/staff/projects/[projectId]/ProjectSnapshotPageClient.tsx [Server Component]
    ./apps/portal/app/staff/projects/[projectId]/page.tsx [Server Component] @ http://localhost:3001/_next/static/chunks/node_modules_next_dist_115brz8._.js:3272
[ 2465519ms] [ERROR] ./apps/portal/lib/drawings/state/houseFormGeometryInput.ts:1:1
Export DEFAULT_SOFFIT_DEPTH_MM doesn't exist in target module
>  1 | import {
     | ^^^^^^^
>  2 |   applyHouseReferencePosition,
     | ^^^^^^^^^^^^^^^^^^^^^^^^^^^^^^
>  3 |   applyRoofQa,
     | ^^^^^^^^^^^^^^
>  4 |   buildHouseModel3DFromRawHouseInput,
     | ^^^^^^^^^^^^^^^^^^^^^^^^^^^^^^^^^^^^^
>  5 |   buildHouseReferenceProjectionShape,
     | ^^^^^^^^^^^^^^^^^^^^^^^^^^^^^^^^^^^^^
>  6 |   buildHouseRoofEnvelopeArtifacts,
     | ^^^^^^^^^^^^^^^^^^^^^^^^^^^^^^^^^^
>  7 |   buildHouseRoofModelPipeline,
     | ^^^^^^^^^^^^^^^^^^^^^^^^^^^^^^
>  8 |   composeFootprintFromComposition,
     | ^^^^^^^^^^^^^^^^^^^^^^^^^^^^^^^^^^
>  9 |   composeRoofFromComposition,
     | ^^^^^^^^^^^^^^^^^^^^^^^^^^^^^
> 10 |   DEFAULT_EAVE_OVERHANG_MM,
     | ^^^^^^^^^^^^^^^^^^^^^^^^^^^
> 11 |   DEFAULT_FASCIA_HEIGHT_MM,
     | ^^^^^^^^^^^^^^^^^^^^^^^^^^^
> 12 |   DEFAULT_GUTTER_DEPTH_MM,
     | ^^^^^^^^^^^^^^^^^^^^^^^^^^
> 13 |   DEFAULT_GUTTER_PROJECTION_MM,
     | ^^^^^^^^^^^^^^^^^^^^^^^^^^^^^^^
> 14 |   DEFAULT_GUTTER_WIDTH_MM,
     | ^^^^^^^^^^^^^^^^^^^^^^^^^^
> 15 |   DEFAULT_HOUSE_ROOF_MATERIAL,
     | ^^^^^^^^^^^^^^^^^^^^^^^^^^^^^^
> 16 |   DEFAULT_SOFFIT_DEPTH_MM,
     | ^^^^^^^^^^^^^^^^^^^^^^^^^^
> 17 |   EMPTY_HOUSE_ROOF_STAGE_DIAGNOSTICS,
     | ^^^^^^^^^^^^^^^^^^^^^^^^^^^^^^^^^^^^^
> 18 |   type GeometryTopProjectionShape,
     | ^^^^^^^^^^^^^^^^^^^^^^^^^^^^^^^^^^
> 19 |   type HouseComposition,
     | ^^^^^^^^^^^^^^^^^^^^^^^^
> 20 |   type HouseRoofModelPipelineFailureStage,
     | ^^^^^^^^^^^^^^^^^^^^^^^^^^^^^^^^^^^^^^^^^^
> 21 |   type HouseRoofStageDiagnostics,
     | ^^^^^^^^^^^^^^^^^^^^^^^^^^^^^^^^^
> 22 |   type HouseModel3D,
     | ^^^^^^^^^^^^^^^^^^^^
> 23 |   type RectangleRoofIntent,
     | ^^^^^^^^^^^^^^^^^^^^^^^^^^^
> 24 |   type HouseReferenceGeometry,
     | ^^^^^^^^^^^^^^^^^^^^^^^^^^^^^^
> 25 |   type Polygon3,
     | ^^^^^^^^^^^^^^^^
> 26 |   type RawHouseInput,
     | ^^^^^^^^^^^^^^^^^^^^^
> 27 | } from "@sp/geometry";
     | ^^^^^^^^^^^^^^^^^^^^^^
  28 | import { houseFormTransformToAssemblyPosition } from "./houseFormTransform";
  29 | import { buildHouseFormRawGeometryInput } from "./houseFormRawGeometry";
  30 | import { deriveCompositionUnionPolygon3 } from "./houseFormCompositionFootprint";

The export DEFAULT_SOFFIT_DEPTH_MM was not found in module [project]/packages/geometry/src/index.ts [app-client] (ecmascript).
Did you mean to import EMPTY_HOUSE_ROOF_STAGE_DIAGNOSTICS?
All exports of the module are statically known (It doesn't have dynamic exports). So it's known statically that the requested export doesn't exist.

Import traces:
  Client Component Browser:
    ./apps/portal/lib/drawings/state/houseFormGeometryInput.ts [Client Component Browser]
    ./apps/portal/lib/drawings/state/objectWorkbenchStatusModel.ts [Client Component Browser]
    ./apps/portal/lib/drawings/state/drawingWorkbenchStore.ts [Client Component Browser]
    ./apps/portal/components/projects/ProjectPage/tabs/EstimatesTab.tsx [Client Component Browser]
    ./apps/portal/components/projects/ProjectPage/ProjectMainTabs.tsx [Client Component Browser]
    ./apps/portal/components/projects/ProjectPage/ProjectPageShell.tsx [Client Component Browser]
    ./apps/portal/components/projects/ProjectPage/ProjectPageFrame.tsx [Client Component Browser]
    ./apps/portal/app/staff/projects/[projectId]/ProjectSnapshotPageClient.tsx [Client Component Browser]
    ./apps/portal/app/staff/projects/[projectId]/ProjectSnapshotPageClient.tsx [Server Component]
    ./apps/portal/app/staff/projects/[projectId]/page.tsx [Server Component]

  Client Component SSR:
    ./apps/portal/lib/drawings/state/houseFormGeometryInput.ts [Client Component SSR]
    ./apps/portal/lib/drawings/state/objectWorkbenchStatusModel.ts [Client Component SSR]
    ./apps/portal/lib/drawings/state/drawingWorkbenchStore.ts [Client Component SSR]
    ./apps/portal/components/projects/ProjectPage/tabs/EstimatesTab.tsx [Client Component SSR]
    ./apps/portal/components/projects/ProjectPage/ProjectMainTabs.tsx [Client Component SSR]
    ./apps/portal/components/projects/ProjectPage/ProjectPageShell.tsx [Client Component SSR]
    ./apps/portal/components/projects/ProjectPage/ProjectPageFrame.tsx [Client Component SSR]
    ./apps/portal/app/staff/projects/[projectId]/ProjectSnapshotPageClient.tsx [Client Component SSR]
    ./apps/portal/app/staff/projects/[projectId]/ProjectSnapshotPageClient.tsx [Server Component]
    ./apps/portal/app/staff/projects/[projectId]/page.tsx [Server Component] @ http://localhost:3001/_next/static/chunks/node_modules_next_dist_115brz8._.js:3272
[ 2465519ms] [ERROR] ./apps/portal/lib/drawings/state/houseFormGeometryInput.ts:1:1
Export DEFAULT_SOFFIT_DEPTH_MM doesn't exist in target module
>  1 | import {
     | ^^^^^^^
>  2 |   applyHouseReferencePosition,
     | ^^^^^^^^^^^^^^^^^^^^^^^^^^^^^^
>  3 |   applyRoofQa,
     | ^^^^^^^^^^^^^^
>  4 |   buildHouseModel3DFromRawHouseInput,
     | ^^^^^^^^^^^^^^^^^^^^^^^^^^^^^^^^^^^^^
>  5 |   buildHouseReferenceProjectionShape,
     | ^^^^^^^^^^^^^^^^^^^^^^^^^^^^^^^^^^^^^
>  6 |   buildHouseRoofEnvelopeArtifacts,
     | ^^^^^^^^^^^^^^^^^^^^^^^^^^^^^^^^^^
>  7 |   buildHouseRoofModelPipeline,
     | ^^^^^^^^^^^^^^^^^^^^^^^^^^^^^^
>  8 |   composeFootprintFromComposition,
     | ^^^^^^^^^^^^^^^^^^^^^^^^^^^^^^^^^^
>  9 |   composeRoofFromComposition,
     | ^^^^^^^^^^^^^^^^^^^^^^^^^^^^^
> 10 |   DEFAULT_EAVE_OVERHANG_MM,
     | ^^^^^^^^^^^^^^^^^^^^^^^^^^^
> 11 |   DEFAULT_FASCIA_HEIGHT_MM,
     | ^^^^^^^^^^^^^^^^^^^^^^^^^^^
> 12 |   DEFAULT_GUTTER_DEPTH_MM,
     | ^^^^^^^^^^^^^^^^^^^^^^^^^^
> 13 |   DEFAULT_GUTTER_PROJECTION_MM,
     | ^^^^^^^^^^^^^^^^^^^^^^^^^^^^^^^
> 14 |   DEFAULT_GUTTER_WIDTH_MM,
     | ^^^^^^^^^^^^^^^^^^^^^^^^^^
> 15 |   DEFAULT_HOUSE_ROOF_MATERIAL,
     | ^^^^^^^^^^^^^^^^^^^^^^^^^^^^^^
> 16 |   DEFAULT_SOFFIT_DEPTH_MM,
     | ^^^^^^^^^^^^^^^^^^^^^^^^^^
> 17 |   EMPTY_HOUSE_ROOF_STAGE_DIAGNOSTICS,
     | ^^^^^^^^^^^^^^^^^^^^^^^^^^^^^^^^^^^^^
> 18 |   type GeometryTopProjectionShape,
     | ^^^^^^^^^^^^^^^^^^^^^^^^^^^^^^^^^^
> 19 |   type HouseComposition,
     | ^^^^^^^^^^^^^^^^^^^^^^^^
> 20 |   type HouseRoofModelPipelineFailureStage,
     | ^^^^^^^^^^^^^^^^^^^^^^^^^^^^^^^^^^^^^^^^^^
> 21 |   type HouseRoofStageDiagnostics,
     | ^^^^^^^^^^^^^^^^^^^^^^^^^^^^^^^^^
> 22 |   type HouseModel3D,
     | ^^^^^^^^^^^^^^^^^^^^
> 23 |   type RectangleRoofIntent,
     | ^^^^^^^^^^^^^^^^^^^^^^^^^^^
> 24 |   type HouseReferenceGeometry,
     | ^^^^^^^^^^^^^^^^^^^^^^^^^^^^^^
> 25 |   type Polygon3,
     | ^^^^^^^^^^^^^^^^
> 26 |   type RawHouseInput,
     | ^^^^^^^^^^^^^^^^^^^^^
> 27 | } from "@sp/geometry";
     | ^^^^^^^^^^^^^^^^^^^^^^
  28 | import { houseFormTransformToAssemblyPosition } from "./houseFormTransform";
  29 | import { buildHouseFormRawGeometryInput } from "./houseFormRawGeometry";
  30 | import { deriveCompositionUnionPolygon3 } from "./houseFormCompositionFootprint";

The export DEFAULT_SOFFIT_DEPTH_MM was not found in module [project]/packages/geometry/src/index.ts [app-ssr] (ecmascript).
Did you mean to import EMPTY_HOUSE_ROOF_STAGE_DIAGNOSTICS?
All exports of the module are statically known (It doesn't have dynamic exports). So it's known statically that the requested export doesn't exist.

Import traces:
  Client Component Browser:
    ./apps/portal/lib/drawings/state/houseFormGeometryInput.ts [Client Component Browser]
    ./apps/portal/lib/drawings/state/objectWorkbenchStatusModel.ts [Client Component Browser]
    ./apps/portal/lib/drawings/state/drawingWorkbenchStore.ts [Client Component Browser]
    ./apps/portal/components/projects/ProjectPage/tabs/EstimatesTab.tsx [Client Component Browser]
    ./apps/portal/components/projects/ProjectPage/ProjectMainTabs.tsx [Client Component Browser]
    ./apps/portal/components/projects/ProjectPage/ProjectPageShell.tsx [Client Component Browser]
    ./apps/portal/components/projects/ProjectPage/ProjectPageFrame.tsx [Client Component Browser]
    ./apps/portal/app/staff/projects/[projectId]/ProjectSnapshotPageClient.tsx [Client Component Browser]
    ./apps/portal/app/staff/projects/[projectId]/ProjectSnapshotPageClient.tsx [Server Component]
    ./apps/portal/app/staff/projects/[projectId]/page.tsx [Server Component]

  Client Component SSR:
    ./apps/portal/lib/drawings/state/houseFormGeometryInput.ts [Client Component SSR]
    ./apps/portal/lib/drawings/state/objectWorkbenchStatusModel.ts [Client Component SSR]
    ./apps/portal/lib/drawings/state/drawingWorkbenchStore.ts [Client Component SSR]
    ./apps/portal/components/projects/ProjectPage/tabs/EstimatesTab.tsx [Client Component SSR]
    ./apps/portal/components/projects/ProjectPage/ProjectMainTabs.tsx [Client Component SSR]
    ./apps/portal/components/projects/ProjectPage/ProjectPageShell.tsx [Client Component SSR]
    ./apps/portal/components/projects/ProjectPage/ProjectPageFrame.tsx [Client Component SSR]
    ./apps/portal/app/staff/projects/[projectId]/ProjectSnapshotPageClient.tsx [Client Component SSR]
    ./apps/portal/app/staff/projects/[projectId]/ProjectSnapshotPageClient.tsx [Server Component]
    ./apps/portal/app/staff/projects/[projectId]/page.tsx [Server Component] @ http://localhost:3001/_next/static/chunks/node_modules_next_dist_115brz8._.js:3272
[ 2465520ms] [ERROR] ./apps/portal/lib/drawings/state/houseFormGeometryInput.ts:1:1
Export buildHouseRoofEnvelopeArtifacts doesn't exist in target module
>  1 | import {
     | ^^^^^^^
>  2 |   applyHouseReferencePosition,
     | ^^^^^^^^^^^^^^^^^^^^^^^^^^^^^^
>  3 |   applyRoofQa,
     | ^^^^^^^^^^^^^^
>  4 |   buildHouseModel3DFromRawHouseInput,
     | ^^^^^^^^^^^^^^^^^^^^^^^^^^^^^^^^^^^^^
>  5 |   buildHouseReferenceProjectionShape,
     | ^^^^^^^^^^^^^^^^^^^^^^^^^^^^^^^^^^^^^
>  6 |   buildHouseRoofEnvelopeArtifacts,
     | ^^^^^^^^^^^^^^^^^^^^^^^^^^^^^^^^^^
>  7 |   buildHouseRoofModelPipeline,
     | ^^^^^^^^^^^^^^^^^^^^^^^^^^^^^^
>  8 |   composeFootprintFromComposition,
     | ^^^^^^^^^^^^^^^^^^^^^^^^^^^^^^^^^^
>  9 |   composeRoofFromComposition,
     | ^^^^^^^^^^^^^^^^^^^^^^^^^^^^^
> 10 |   DEFAULT_EAVE_OVERHANG_MM,
     | ^^^^^^^^^^^^^^^^^^^^^^^^^^^
> 11 |   DEFAULT_FASCIA_HEIGHT_MM,
     | ^^^^^^^^^^^^^^^^^^^^^^^^^^^
> 12 |   DEFAULT_GUTTER_DEPTH_MM,
     | ^^^^^^^^^^^^^^^^^^^^^^^^^^
> 13 |   DEFAULT_GUTTER_PROJECTION_MM,
     | ^^^^^^^^^^^^^^^^^^^^^^^^^^^^^^^
> 14 |   DEFAULT_GUTTER_WIDTH_MM,
     | ^^^^^^^^^^^^^^^^^^^^^^^^^^
> 15 |   DEFAULT_HOUSE_ROOF_MATERIAL,
     | ^^^^^^^^^^^^^^^^^^^^^^^^^^^^^^
> 16 |   DEFAULT_SOFFIT_DEPTH_MM,
     | ^^^^^^^^^^^^^^^^^^^^^^^^^^
> 17 |   EMPTY_HOUSE_ROOF_STAGE_DIAGNOSTICS,
     | ^^^^^^^^^^^^^^^^^^^^^^^^^^^^^^^^^^^^^
> 18 |   type GeometryTopProjectionShape,
     | ^^^^^^^^^^^^^^^^^^^^^^^^^^^^^^^^^^
> 19 |   type HouseComposition,
     | ^^^^^^^^^^^^^^^^^^^^^^^^
> 20 |   type HouseRoofModelPipelineFailureStage,
     | ^^^^^^^^^^^^^^^^^^^^^^^^^^^^^^^^^^^^^^^^^^
> 21 |   type HouseRoofStageDiagnostics,
     | ^^^^^^^^^^^^^^^^^^^^^^^^^^^^^^^^^
> 22 |   type HouseModel3D,
     | ^^^^^^^^^^^^^^^^^^^^
> 23 |   type RectangleRoofIntent,
     | ^^^^^^^^^^^^^^^^^^^^^^^^^^^
> 24 |   type HouseReferenceGeometry,
     | ^^^^^^^^^^^^^^^^^^^^^^^^^^^^^^
> 25 |   type Polygon3,
     | ^^^^^^^^^^^^^^^^
> 26 |   type RawHouseInput,
     | ^^^^^^^^^^^^^^^^^^^^^
> 27 | } from "@sp/geometry";
     | ^^^^^^^^^^^^^^^^^^^^^^
  28 | import { houseFormTransformToAssemblyPosition } from "./houseFormTransform";
  29 | import { buildHouseFormRawGeometryInput } from "./houseFormRawGeometry";
  30 | import { deriveCompositionUnionPolygon3 } from "./houseFormCompositionFootprint";

The export buildHouseRoofEnvelopeArtifacts was not found in module [project]/packages/geometry/src/index.ts [app-client] (ecmascript).
Did you mean to import buildHouseRoofModelPipeline?
All exports of the module are statically known (It doesn't have dynamic exports). So it's known statically that the requested export doesn't exist.

Import traces:
  Client Component Browser:
    ./apps/portal/lib/drawings/state/houseFormGeometryInput.ts [Client Component Browser]
    ./apps/portal/lib/drawings/state/objectWorkbenchStatusModel.ts [Client Component Browser]
    ./apps/portal/lib/drawings/state/drawingWorkbenchStore.ts [Client Component Browser]
    ./apps/portal/components/projects/ProjectPage/tabs/EstimatesTab.tsx [Client Component Browser]
    ./apps/portal/components/projects/ProjectPage/ProjectMainTabs.tsx [Client Component Browser]
    ./apps/portal/components/projects/ProjectPage/ProjectPageShell.tsx [Client Component Browser]
    ./apps/portal/components/projects/ProjectPage/ProjectPageFrame.tsx [Client Component Browser]
    ./apps/portal/app/staff/projects/[projectId]/ProjectSnapshotPageClient.tsx [Client Component Browser]
    ./apps/portal/app/staff/projects/[projectId]/ProjectSnapshotPageClient.tsx [Server Component]
    ./apps/portal/app/staff/projects/[projectId]/page.tsx [Server Component]

  Client Component SSR:
    ./apps/portal/lib/drawings/state/houseFormGeometryInput.ts [Client Component SSR]
    ./apps/portal/lib/drawings/state/objectWorkbenchStatusModel.ts [Client Component SSR]
    ./apps/portal/lib/drawings/state/drawingWorkbenchStore.ts [Client Component SSR]
    ./apps/portal/components/projects/ProjectPage/tabs/EstimatesTab.tsx [Client Component SSR]
    ./apps/portal/components/projects/ProjectPage/ProjectMainTabs.tsx [Client Component SSR]
    ./apps/portal/components/projects/ProjectPage/ProjectPageShell.tsx [Client Component SSR]
    ./apps/portal/components/projects/ProjectPage/ProjectPageFrame.tsx [Client Component SSR]
    ./apps/portal/app/staff/projects/[projectId]/ProjectSnapshotPageClient.tsx [Client Component SSR]
    ./apps/portal/app/staff/projects/[projectId]/ProjectSnapshotPageClient.tsx [Server Component]
    ./apps/portal/app/staff/projects/[projectId]/page.tsx [Server Component] @ http://localhost:3001/_next/static/chunks/node_modules_next_dist_115brz8._.js:3272
[ 2465520ms] [ERROR] ./apps/portal/lib/drawings/state/houseFormGeometryInput.ts:1:1
Export buildHouseRoofEnvelopeArtifacts doesn't exist in target module
>  1 | import {
     | ^^^^^^^
>  2 |   applyHouseReferencePosition,
     | ^^^^^^^^^^^^^^^^^^^^^^^^^^^^^^
>  3 |   applyRoofQa,
     | ^^^^^^^^^^^^^^
>  4 |   buildHouseModel3DFromRawHouseInput,
     | ^^^^^^^^^^^^^^^^^^^^^^^^^^^^^^^^^^^^^
>  5 |   buildHouseReferenceProjectionShape,
     | ^^^^^^^^^^^^^^^^^^^^^^^^^^^^^^^^^^^^^
>  6 |   buildHouseRoofEnvelopeArtifacts,
     | ^^^^^^^^^^^^^^^^^^^^^^^^^^^^^^^^^^
>  7 |   buildHouseRoofModelPipeline,
     | ^^^^^^^^^^^^^^^^^^^^^^^^^^^^^^
>  8 |   composeFootprintFromComposition,
     | ^^^^^^^^^^^^^^^^^^^^^^^^^^^^^^^^^^
>  9 |   composeRoofFromComposition,
     | ^^^^^^^^^^^^^^^^^^^^^^^^^^^^^
> 10 |   DEFAULT_EAVE_OVERHANG_MM,
     | ^^^^^^^^^^^^^^^^^^^^^^^^^^^
> 11 |   DEFAULT_FASCIA_HEIGHT_MM,
     | ^^^^^^^^^^^^^^^^^^^^^^^^^^^
> 12 |   DEFAULT_GUTTER_DEPTH_MM,
     | ^^^^^^^^^^^^^^^^^^^^^^^^^^
> 13 |   DEFAULT_GUTTER_PROJECTION_MM,
     | ^^^^^^^^^^^^^^^^^^^^^^^^^^^^^^^
> 14 |   DEFAULT_GUTTER_WIDTH_MM,
     | ^^^^^^^^^^^^^^^^^^^^^^^^^^
> 15 |   DEFAULT_HOUSE_ROOF_MATERIAL,
     | ^^^^^^^^^^^^^^^^^^^^^^^^^^^^^^
> 16 |   DEFAULT_SOFFIT_DEPTH_MM,
     | ^^^^^^^^^^^^^^^^^^^^^^^^^^
> 17 |   EMPTY_HOUSE_ROOF_STAGE_DIAGNOSTICS,
     | ^^^^^^^^^^^^^^^^^^^^^^^^^^^^^^^^^^^^^
> 18 |   type GeometryTopProjectionShape,
     | ^^^^^^^^^^^^^^^^^^^^^^^^^^^^^^^^^^
> 19 |   type HouseComposition,
     | ^^^^^^^^^^^^^^^^^^^^^^^^
> 20 |   type HouseRoofModelPipelineFailureStage,
     | ^^^^^^^^^^^^^^^^^^^^^^^^^^^^^^^^^^^^^^^^^^
> 21 |   type HouseRoofStageDiagnostics,
     | ^^^^^^^^^^^^^^^^^^^^^^^^^^^^^^^^^
> 22 |   type HouseModel3D,
     | ^^^^^^^^^^^^^^^^^^^^
> 23 |   type RectangleRoofIntent,
     | ^^^^^^^^^^^^^^^^^^^^^^^^^^^
> 24 |   type HouseReferenceGeometry,
     | ^^^^^^^^^^^^^^^^^^^^^^^^^^^^^^
> 25 |   type Polygon3,
     | ^^^^^^^^^^^^^^^^
> 26 |   type RawHouseInput,
     | ^^^^^^^^^^^^^^^^^^^^^
> 27 | } from "@sp/geometry";
     | ^^^^^^^^^^^^^^^^^^^^^^
  28 | import { houseFormTransformToAssemblyPosition } from "./houseFormTransform";
  29 | import { buildHouseFormRawGeometryInput } from "./houseFormRawGeometry";
  30 | import { deriveCompositionUnionPolygon3 } from "./houseFormCompositionFootprint";

The export buildHouseRoofEnvelopeArtifacts was not found in module [project]/packages/geometry/src/index.ts [app-ssr] (ecmascript).
Did you mean to import buildHouseRoofModelPipeline?
All exports of the module are statically known (It doesn't have dynamic exports). So it's known statically that the requested export doesn't exist.

Import traces:
  Client Component Browser:
    ./apps/portal/lib/drawings/state/houseFormGeometryInput.ts [Client Component Browser]
    ./apps/portal/lib/drawings/state/objectWorkbenchStatusModel.ts [Client Component Browser]
    ./apps/portal/lib/drawings/state/drawingWorkbenchStore.ts [Client Component Browser]
    ./apps/portal/components/projects/ProjectPage/tabs/EstimatesTab.tsx [Client Component Browser]
    ./apps/portal/components/projects/ProjectPage/ProjectMainTabs.tsx [Client Component Browser]
    ./apps/portal/components/projects/ProjectPage/ProjectPageShell.tsx [Client Component Browser]
    ./apps/portal/components/projects/ProjectPage/ProjectPageFrame.tsx [Client Component Browser]
    ./apps/portal/app/staff/projects/[projectId]/ProjectSnapshotPageClient.tsx [Client Component Browser]
    ./apps/portal/app/staff/projects/[projectId]/ProjectSnapshotPageClient.tsx [Server Component]
    ./apps/portal/app/staff/projects/[projectId]/page.tsx [Server Component]

  Client Component SSR:
    ./apps/portal/lib/drawings/state/houseFormGeometryInput.ts [Client Component SSR]
    ./apps/portal/lib/drawings/state/objectWorkbenchStatusModel.ts [Client Component SSR]
    ./apps/portal/lib/drawings/state/drawingWorkbenchStore.ts [Client Component SSR]
    ./apps/portal/components/projects/ProjectPage/tabs/EstimatesTab.tsx [Client Component SSR]
    ./apps/portal/components/projects/ProjectPage/ProjectMainTabs.tsx [Client Component SSR]
    ./apps/portal/components/projects/ProjectPage/ProjectPageShell.tsx [Client Component SSR]
    ./apps/portal/components/projects/ProjectPage/ProjectPageFrame.tsx [Client Component SSR]
    ./apps/portal/app/staff/projects/[projectId]/ProjectSnapshotPageClient.tsx [Client Component SSR]
    ./apps/portal/app/staff/projects/[projectId]/ProjectSnapshotPageClient.tsx [Server Component]
    ./apps/portal/app/staff/projects/[projectId]/page.tsx [Server Component] @ http://localhost:3001/_next/static/chunks/node_modules_next_dist_115brz8._.js:3272
[ 2465597ms] [ERROR] Failed to load resource: the server responded with a status of 500 (Internal Server Error) @ http://localhost:3001/staff/projects/proj_76a726e3-b0a3-4c17-9a29-613482645a8f/design-workbench?_rsc=138r1:0
[ 2465623ms] [ERROR] Failed to load resource: the server responded with a status of 500 (Internal Server Error) @ http://localhost:3001/staff/projects/proj_76a726e3-b0a3-4c17-9a29-613482645a8f/design-workbench:0
[ 2465691ms] [INFO] %cDownload the React DevTools for a better development experience: https://react.dev/link/react-devtools font-weight:bold @ http://localhost:3001/_next/static/chunks/node_modules_react-dom_0bruynb._.js:14107
[ 2465752ms] [ERROR] Refused to execute script from 'http://localhost:3001/_next/static/development/_clientMiddlewareManifest.js' because its MIME type ('application/json') is not executable, and strict MIME type checking is enabled. @ http://localhost:3001/staff/projects/proj_76a726e3-b0a3-4c17-9a29-613482645a8f/design-workbench:0
[ 2465755ms] Error: ./apps/portal/lib/drawings/state/houseFormGeometryInput.ts:1:1
Export DEFAULT_EAVE_OVERHANG_MM doesn't exist in target module
>  1 | import {
     | ^^^^^^^
>  2 |   applyHouseReferencePosition,
     | ^^^^^^^^^^^^^^^^^^^^^^^^^^^^^^
>  3 |   applyRoofQa,
     | ^^^^^^^^^^^^^^
>  4 |   buildHouseModel3DFromRawHouseInput,
     | ^^^^^^^^^^^^^^^^^^^^^^^^^^^^^^^^^^^^^
>  5 |   buildHouseReferenceProjectionShape,
     | ^^^^^^^^^^^^^^^^^^^^^^^^^^^^^^^^^^^^^
>  6 |   buildHouseRoofEnvelopeArtifacts,
     | ^^^^^^^^^^^^^^^^^^^^^^^^^^^^^^^^^^
>  7 |   buildHouseRoofModelPipeline,
     | ^^^^^^^^^^^^^^^^^^^^^^^^^^^^^^
>  8 |   composeFootprintFromComposition,
     | ^^^^^^^^^^^^^^^^^^^^^^^^^^^^^^^^^^
>  9 |   composeRoofFromComposition,
     | ^^^^^^^^^^^^^^^^^^^^^^^^^^^^^
> 10 |   DEFAULT_EAVE_OVERHANG_MM,
     | ^^^^^^^^^^^^^^^^^^^^^^^^^^^
> 11 |   DEFAULT_FASCIA_HEIGHT_MM,
     | ^^^^^^^^^^^^^^^^^^^^^^^^^^^
> 12 |   DEFAULT_GUTTER_DEPTH_MM,
     | ^^^^^^^^^^^^^^^^^^^^^^^^^^
> 13 |   DEFAULT_GUTTER_PROJECTION_MM,
     | ^^^^^^^^^^^^^^^^^^^^^^^^^^^^^^^
> 14 |   DEFAULT_GUTTER_WIDTH_MM,
     | ^^^^^^^^^^^^^^^^^^^^^^^^^^
> 15 |   DEFAULT_HOUSE_ROOF_MATERIAL,
     | ^^^^^^^^^^^^^^^^^^^^^^^^^^^^^^
> 16 |   DEFAULT_SOFFIT_DEPTH_MM,
     | ^^^^^^^^^^^^^^^^^^^^^^^^^^
> 17 |   EMPTY_HOUSE_ROOF_STAGE_DIAGNOSTICS,
     | ^^^^^^^^^^^^^^^^^^^^^^^^^^^^^^^^^^^^^
> 18 |   type GeometryTopProjectionShape,
     | ^^^^^^^^^^^^^^^^^^^^^^^^^^^^^^^^^^
> 19 |   type HouseComposition,
     | ^^^^^^^^^^^^^^^^^^^^^^^^
> 20 |   type HouseRoofModelPipelineFailureStage,
     | ^^^^^^^^^^^^^^^^^^^^^^^^^^^^^^^^^^^^^^^^^^
> 21 |   type HouseRoofStageDiagnostics,
     | ^^^^^^^^^^^^^^^^^^^^^^^^^^^^^^^^^
> 22 |   type HouseModel3D,
     | ^^^^^^^^^^^^^^^^^^^^
> 23 |   type RectangleRoofIntent,
     | ^^^^^^^^^^^^^^^^^^^^^^^^^^^
> 24 |   type HouseReferenceGeometry,
     | ^^^^^^^^^^^^^^^^^^^^^^^^^^^^^^
> 25 |   type Polygon3,
     | ^^^^^^^^^^^^^^^^
> 26 |   type RawHouseInput,
     | ^^^^^^^^^^^^^^^^^^^^^
> 27 | } from "@sp/geometry";
     | ^^^^^^^^^^^^^^^^^^^^^^
  28 | import { houseFormTransformToAssemblyPosition } from "./houseFormTransform";
  29 | import { buildHouseFormRawGeometryInput } from "./houseFormRawGeometry";
  30 | import { deriveCompositionUnionPolygon3 } from "./houseFormCompositionFootprint";

The export DEFAULT_EAVE_OVERHANG_MM was not found in module [project]/packages/geometry/src/index.ts [app-client] (ecmascript).
Did you mean to import EMPTY_HOUSE_ROOF_STAGE_DIAGNOSTICS?
All exports of the module are statically known (It doesn't have dynamic exports). So it's known statically that the requested export doesn't exist.

Import traces:
  Client Component Browser:
    ./apps/portal/lib/drawings/state/houseFormGeometryInput.ts [Client Component Browser]
    ./apps/portal/lib/drawings/state/objectWorkbenchStatusModel.ts [Client Component Browser]
    ./apps/portal/lib/drawings/state/drawingWorkbenchStore.ts [Client Component Browser]
    ./apps/portal/components/projects/ProjectPage/tabs/EstimatesTab.tsx [Client Component Browser]
    ./apps/portal/components/projects/ProjectPage/ProjectMainTabs.tsx [Client Component Browser]
    ./apps/portal/components/projects/ProjectPage/ProjectPageShell.tsx [Client Component Browser]
    ./apps/portal/components/projects/ProjectPage/ProjectPageFrame.tsx [Client Component Browser]
    ./apps/portal/app/staff/projects/[projectId]/ProjectSnapshotPageClient.tsx [Client Component Browser]
    ./apps/portal/app/staff/projects/[projectId]/ProjectSnapshotPageClient.tsx [Server Component]
    ./apps/portal/app/staff/projects/[projectId]/page.tsx [Server Component]

  Client Component SSR:
    ./apps/portal/lib/drawings/state/houseFormGeometryInput.ts [Client Component SSR]
    ./apps/portal/lib/drawings/state/objectWorkbenchStatusModel.ts [Client Component SSR]
    ./apps/portal/lib/drawings/state/drawingWorkbenchStore.ts [Client Component SSR]
    ./apps/portal/components/projects/ProjectPage/tabs/EstimatesTab.tsx [Client Component SSR]
    ./apps/portal/components/projects/ProjectPage/ProjectMainTabs.tsx [Client Component SSR]
    ./apps/portal/components/projects/ProjectPage/ProjectPageShell.tsx [Client Component SSR]
    ./apps/portal/components/projects/ProjectPage/ProjectPageFrame.tsx [Client Component SSR]
    ./apps/portal/app/staff/projects/[projectId]/ProjectSnapshotPageClient.tsx [Client Component SSR]
    ./apps/portal/app/staff/projects/[projectId]/ProjectSnapshotPageClient.tsx [Server Component]
    ./apps/portal/app/staff/projects/[projectId]/page.tsx [Server Component]


    at <unknown> (Error: ./apps/portal/lib/drawings/state/houseFormGeometryInput.ts:1:1)
    at Object.getCompilationErrors (file://C:\Users\Jorda\OneDrive\Documents\GitHub\sanctuary\node_modules\next\dist\server\dev\hot-reloader-turbopack.js:1186:59)
    at DevBundlerService.getCompilationError (file://C:\Users\Jorda\OneDrive\Documents\GitHub\sanctuary\node_modules\next\dist\server\lib\dev-bundler-service.js:44:55)
    at DevServer.getCompilationError (file://C:\Users\Jorda\OneDrive\Documents\GitHub\sanctuary\node_modules\next\dist\server\dev\next-dev-server.js:719:42)
    at DevServer.findPageComponents (file://C:\Users\Jorda\OneDrive\Documents\GitHub\sanctuary\node_modules\next\dist\server\dev\next-dev-server.js:689:43)
    at async DevServer.renderErrorToResponseImpl (file://C:\Users\Jorda\OneDrive\Documents\GitHub\sanctuary\node_modules\next\dist\server\base-server.js:1745:26)
[ 2465756ms] [LOG] [HMR] connected @ http://localhost:3001/_next/static/chunks/node_modules_next_dist_0u_w_5s._.js:1226
[ 2465788ms] [ERROR] ./apps/portal/lib/drawings/state/houseFormGeometryInput.ts:1:1
Export DEFAULT_EAVE_OVERHANG_MM doesn't exist in target module
>  1 | import {
     | ^^^^^^^
>  2 |   applyHouseReferencePosition,
     | ^^^^^^^^^^^^^^^^^^^^^^^^^^^^^^
>  3 |   applyRoofQa,
     | ^^^^^^^^^^^^^^
>  4 |   buildHouseModel3DFromRawHouseInput,
     | ^^^^^^^^^^^^^^^^^^^^^^^^^^^^^^^^^^^^^
>  5 |   buildHouseReferenceProjectionShape,
     | ^^^^^^^^^^^^^^^^^^^^^^^^^^^^^^^^^^^^^
>  6 |   buildHouseRoofEnvelopeArtifacts,
     | ^^^^^^^^^^^^^^^^^^^^^^^^^^^^^^^^^^
>  7 |   buildHouseRoofModelPipeline,
     | ^^^^^^^^^^^^^^^^^^^^^^^^^^^^^^
>  8 |   composeFootprintFromComposition,
     | ^^^^^^^^^^^^^^^^^^^^^^^^^^^^^^^^^^
>  9 |   composeRoofFromComposition,
     | ^^^^^^^^^^^^^^^^^^^^^^^^^^^^^
> 10 |   DEFAULT_EAVE_OVERHANG_MM,
     | ^^^^^^^^^^^^^^^^^^^^^^^^^^^
> 11 |   DEFAULT_FASCIA_HEIGHT_MM,
     | ^^^^^^^^^^^^^^^^^^^^^^^^^^^
> 12 |   DEFAULT_GUTTER_DEPTH_MM,
     | ^^^^^^^^^^^^^^^^^^^^^^^^^^
> 13 |   DEFAULT_GUTTER_PROJECTION_MM,
     | ^^^^^^^^^^^^^^^^^^^^^^^^^^^^^^^
> 14 |   DEFAULT_GUTTER_WIDTH_MM,
     | ^^^^^^^^^^^^^^^^^^^^^^^^^^
> 15 |   DEFAULT_HOUSE_ROOF_MATERIAL,
     | ^^^^^^^^^^^^^^^^^^^^^^^^^^^^^^
> 16 |   DEFAULT_SOFFIT_DEPTH_MM,
     | ^^^^^^^^^^^^^^^^^^^^^^^^^^
> 17 |   EMPTY_HOUSE_ROOF_STAGE_DIAGNOSTICS,
     | ^^^^^^^^^^^^^^^^^^^^^^^^^^^^^^^^^^^^^
> 18 |   type GeometryTopProjectionShape,
     | ^^^^^^^^^^^^^^^^^^^^^^^^^^^^^^^^^^
> 19 |   type HouseComposition,
     | ^^^^^^^^^^^^^^^^^^^^^^^^
> 20 |   type HouseRoofModelPipelineFailureStage,
     | ^^^^^^^^^^^^^^^^^^^^^^^^^^^^^^^^^^^^^^^^^^
> 21 |   type HouseRoofStageDiagnostics,
     | ^^^^^^^^^^^^^^^^^^^^^^^^^^^^^^^^^
> 22 |   type HouseModel3D,
     | ^^^^^^^^^^^^^^^^^^^^
> 23 |   type RectangleRoofIntent,
     | ^^^^^^^^^^^^^^^^^^^^^^^^^^^
> 24 |   type HouseReferenceGeometry,
     | ^^^^^^^^^^^^^^^^^^^^^^^^^^^^^^
> 25 |   type Polygon3,
     | ^^^^^^^^^^^^^^^^
> 26 |   type RawHouseInput,
     | ^^^^^^^^^^^^^^^^^^^^^
> 27 | } from "@sp/geometry";
     | ^^^^^^^^^^^^^^^^^^^^^^
  28 | import { houseFormTransformToAssemblyPosition } from "./houseFormTransform";
  29 | import { buildHouseFormRawGeometryInput } from "./houseFormRawGeometry";
  30 | import { deriveCompositionUnionPolygon3 } from "./houseFormCompositionFootprint";

The export DEFAULT_EAVE_OVERHANG_MM was not found in module [project]/packages/geometry/src/index.ts [app-client] (ecmascript).
Did you mean to import EMPTY_HOUSE_ROOF_STAGE_DIAGNOSTICS?
All exports of the module are statically known (It doesn't have dynamic exports). So it's known statically that the requested export doesn't exist.

Import traces:
  Client Component Browser:
    ./apps/portal/lib/drawings/state/houseFormGeometryInput.ts [Client Component Browser]
    ./apps/portal/lib/drawings/state/objectWorkbenchStatusModel.ts [Client Component Browser]
    ./apps/portal/lib/drawings/state/drawingWorkbenchStore.ts [Client Component Browser]
    ./apps/portal/components/projects/ProjectPage/tabs/EstimatesTab.tsx [Client Component Browser]
    ./apps/portal/components/projects/ProjectPage/ProjectMainTabs.tsx [Client Component Browser]
    ./apps/portal/components/projects/ProjectPage/ProjectPageShell.tsx [Client Component Browser]
    ./apps/portal/components/projects/ProjectPage/ProjectPageFrame.tsx [Client Component Browser]
    ./apps/portal/app/staff/projects/[projectId]/ProjectSnapshotPageClient.tsx [Client Component Browser]
    ./apps/portal/app/staff/projects/[projectId]/ProjectSnapshotPageClient.tsx [Server Component]
    ./apps/portal/app/staff/projects/[projectId]/page.tsx [Server Component]

  Client Component SSR:
    ./apps/portal/lib/drawings/state/houseFormGeometryInput.ts [Client Component SSR]
    ./apps/portal/lib/drawings/state/objectWorkbenchStatusModel.ts [Client Component SSR]
    ./apps/portal/lib/drawings/state/drawingWorkbenchStore.ts [Client Component SSR]
    ./apps/portal/components/projects/ProjectPage/tabs/EstimatesTab.tsx [Client Component SSR]
    ./apps/portal/components/projects/ProjectPage/ProjectMainTabs.tsx [Client Component SSR]
    ./apps/portal/components/projects/ProjectPage/ProjectPageShell.tsx [Client Component SSR]
    ./apps/portal/components/projects/ProjectPage/ProjectPageFrame.tsx [Client Component SSR]
    ./apps/portal/app/staff/projects/[projectId]/ProjectSnapshotPageClient.tsx [Client Component SSR]
    ./apps/portal/app/staff/projects/[projectId]/ProjectSnapshotPageClient.tsx [Server Component]
    ./apps/portal/app/staff/projects/[projectId]/page.tsx [Server Component] @ http://localhost:3001/_next/static/chunks/node_modules_next_dist_0u_w_5s._.js:1945
[ 2465790ms] [ERROR] ./apps/portal/lib/drawings/state/houseFormGeometryInput.ts:1:1
Export DEFAULT_EAVE_OVERHANG_MM doesn't exist in target module
>  1 | import {
     | ^^^^^^^
>  2 |   applyHouseReferencePosition,
     | ^^^^^^^^^^^^^^^^^^^^^^^^^^^^^^
>  3 |   applyRoofQa,
     | ^^^^^^^^^^^^^^
>  4 |   buildHouseModel3DFromRawHouseInput,
     | ^^^^^^^^^^^^^^^^^^^^^^^^^^^^^^^^^^^^^
>  5 |   buildHouseReferenceProjectionShape,
     | ^^^^^^^^^^^^^^^^^^^^^^^^^^^^^^^^^^^^^
>  6 |   buildHouseRoofEnvelopeArtifacts,
     | ^^^^^^^^^^^^^^^^^^^^^^^^^^^^^^^^^^
>  7 |   buildHouseRoofModelPipeline,
     | ^^^^^^^^^^^^^^^^^^^^^^^^^^^^^^
>  8 |   composeFootprintFromComposition,
     | ^^^^^^^^^^^^^^^^^^^^^^^^^^^^^^^^^^
>  9 |   composeRoofFromComposition,
     | ^^^^^^^^^^^^^^^^^^^^^^^^^^^^^
> 10 |   DEFAULT_EAVE_OVERHANG_MM,
     | ^^^^^^^^^^^^^^^^^^^^^^^^^^^
> 11 |   DEFAULT_FASCIA_HEIGHT_MM,
     | ^^^^^^^^^^^^^^^^^^^^^^^^^^^
> 12 |   DEFAULT_GUTTER_DEPTH_MM,
     | ^^^^^^^^^^^^^^^^^^^^^^^^^^
> 13 |   DEFAULT_GUTTER_PROJECTION_MM,
     | ^^^^^^^^^^^^^^^^^^^^^^^^^^^^^^^
> 14 |   DEFAULT_GUTTER_WIDTH_MM,
     | ^^^^^^^^^^^^^^^^^^^^^^^^^^
> 15 |   DEFAULT_HOUSE_ROOF_MATERIAL,
     | ^^^^^^^^^^^^^^^^^^^^^^^^^^^^^^
> 16 |   DEFAULT_SOFFIT_DEPTH_MM,
     | ^^^^^^^^^^^^^^^^^^^^^^^^^^
> 17 |   EMPTY_HOUSE_ROOF_STAGE_DIAGNOSTICS,
     | ^^^^^^^^^^^^^^^^^^^^^^^^^^^^^^^^^^^^^
> 18 |   type GeometryTopProjectionShape,
     | ^^^^^^^^^^^^^^^^^^^^^^^^^^^^^^^^^^
> 19 |   type HouseComposition,
     | ^^^^^^^^^^^^^^^^^^^^^^^^
> 20 |   type HouseRoofModelPipelineFailureStage,
     | ^^^^^^^^^^^^^^^^^^^^^^^^^^^^^^^^^^^^^^^^^^
> 21 |   type HouseRoofStageDiagnostics,
     | ^^^^^^^^^^^^^^^^^^^^^^^^^^^^^^^^^
> 22 |   type HouseModel3D,
     | ^^^^^^^^^^^^^^^^^^^^
> 23 |   type RectangleRoofIntent,
     | ^^^^^^^^^^^^^^^^^^^^^^^^^^^
> 24 |   type HouseReferenceGeometry,
     | ^^^^^^^^^^^^^^^^^^^^^^^^^^^^^^
> 25 |   type Polygon3,
     | ^^^^^^^^^^^^^^^^
> 26 |   type RawHouseInput,
     | ^^^^^^^^^^^^^^^^^^^^^
> 27 | } from "@sp/geometry";
     | ^^^^^^^^^^^^^^^^^^^^^^
  28 | import { houseFormTransformToAssemblyPosition } from "./houseFormTransform";
  29 | import { buildHouseFormRawGeometryInput } from "./houseFormRawGeometry";
  30 | import { deriveCompositionUnionPolygon3 } from "./houseFormCompositionFootprint";

The export DEFAULT_EAVE_OVERHANG_MM was not found in module [project]/packages/geometry/src/index.ts [app-ssr] (ecmascript).
Did you mean to import EMPTY_HOUSE_ROOF_STAGE_DIAGNOSTICS?
All exports of the module are statically known (It doesn't have dynamic exports). So it's known statically that the requested export doesn't exist.

Import traces:
  Client Component Browser:
    ./apps/portal/lib/drawings/state/houseFormGeometryInput.ts [Client Component Browser]
    ./apps/portal/lib/drawings/state/objectWorkbenchStatusModel.ts [Client Component Browser]
    ./apps/portal/lib/drawings/state/drawingWorkbenchStore.ts [Client Component Browser]
    ./apps/portal/components/projects/ProjectPage/tabs/EstimatesTab.tsx [Client Component Browser]
    ./apps/portal/components/projects/ProjectPage/ProjectMainTabs.tsx [Client Component Browser]
    ./apps/portal/components/projects/ProjectPage/ProjectPageShell.tsx [Client Component Browser]
    ./apps/portal/components/projects/ProjectPage/ProjectPageFrame.tsx [Client Component Browser]
    ./apps/portal/app/staff/projects/[projectId]/ProjectSnapshotPageClient.tsx [Client Component Browser]
    ./apps/portal/app/staff/projects/[projectId]/ProjectSnapshotPageClient.tsx [Server Component]
    ./apps/portal/app/staff/projects/[projectId]/page.tsx [Server Component]

  Client Component SSR:
    ./apps/portal/lib/drawings/state/houseFormGeometryInput.ts [Client Component SSR]
    ./apps/portal/lib/drawings/state/objectWorkbenchStatusModel.ts [Client Component SSR]
    ./apps/portal/lib/drawings/state/drawingWorkbenchStore.ts [Client Component SSR]
    ./apps/portal/components/projects/ProjectPage/tabs/EstimatesTab.tsx [Client Component SSR]
    ./apps/portal/components/projects/ProjectPage/ProjectMainTabs.tsx [Client Component SSR]
    ./apps/portal/components/projects/ProjectPage/ProjectPageShell.tsx [Client Component SSR]
    ./apps/portal/components/projects/ProjectPage/ProjectPageFrame.tsx [Client Component SSR]
    ./apps/portal/app/staff/projects/[projectId]/ProjectSnapshotPageClient.tsx [Client Component SSR]
    ./apps/portal/app/staff/projects/[projectId]/ProjectSnapshotPageClient.tsx [Server Component]
    ./apps/portal/app/staff/projects/[projectId]/page.tsx [Server Component] @ http://localhost:3001/_next/static/chunks/node_modules_next_dist_0u_w_5s._.js:1945
[ 2465790ms] [ERROR] ./apps/portal/lib/drawings/state/houseFormGeometryInput.ts:1:1
Export DEFAULT_FASCIA_HEIGHT_MM doesn't exist in target module
>  1 | import {
     | ^^^^^^^
>  2 |   applyHouseReferencePosition,
     | ^^^^^^^^^^^^^^^^^^^^^^^^^^^^^^
>  3 |   applyRoofQa,
     | ^^^^^^^^^^^^^^
>  4 |   buildHouseModel3DFromRawHouseInput,
     | ^^^^^^^^^^^^^^^^^^^^^^^^^^^^^^^^^^^^^
>  5 |   buildHouseReferenceProjectionShape,
     | ^^^^^^^^^^^^^^^^^^^^^^^^^^^^^^^^^^^^^
>  6 |   buildHouseRoofEnvelopeArtifacts,
     | ^^^^^^^^^^^^^^^^^^^^^^^^^^^^^^^^^^
>  7 |   buildHouseRoofModelPipeline,
     | ^^^^^^^^^^^^^^^^^^^^^^^^^^^^^^
>  8 |   composeFootprintFromComposition,
     | ^^^^^^^^^^^^^^^^^^^^^^^^^^^^^^^^^^
>  9 |   composeRoofFromComposition,
     | ^^^^^^^^^^^^^^^^^^^^^^^^^^^^^
> 10 |   DEFAULT_EAVE_OVERHANG_MM,
     | ^^^^^^^^^^^^^^^^^^^^^^^^^^^
> 11 |   DEFAULT_FASCIA_HEIGHT_MM,
     | ^^^^^^^^^^^^^^^^^^^^^^^^^^^
> 12 |   DEFAULT_GUTTER_DEPTH_MM,
     | ^^^^^^^^^^^^^^^^^^^^^^^^^^
> 13 |   DEFAULT_GUTTER_PROJECTION_MM,
     | ^^^^^^^^^^^^^^^^^^^^^^^^^^^^^^^
> 14 |   DEFAULT_GUTTER_WIDTH_MM,
     | ^^^^^^^^^^^^^^^^^^^^^^^^^^
> 15 |   DEFAULT_HOUSE_ROOF_MATERIAL,
     | ^^^^^^^^^^^^^^^^^^^^^^^^^^^^^^
> 16 |   DEFAULT_SOFFIT_DEPTH_MM,
     | ^^^^^^^^^^^^^^^^^^^^^^^^^^
> 17 |   EMPTY_HOUSE_ROOF_STAGE_DIAGNOSTICS,
     | ^^^^^^^^^^^^^^^^^^^^^^^^^^^^^^^^^^^^^
> 18 |   type GeometryTopProjectionShape,
     | ^^^^^^^^^^^^^^^^^^^^^^^^^^^^^^^^^^
> 19 |   type HouseComposition,
     | ^^^^^^^^^^^^^^^^^^^^^^^^
> 20 |   type HouseRoofModelPipelineFailureStage,
     | ^^^^^^^^^^^^^^^^^^^^^^^^^^^^^^^^^^^^^^^^^^
> 21 |   type HouseRoofStageDiagnostics,
     | ^^^^^^^^^^^^^^^^^^^^^^^^^^^^^^^^^
> 22 |   type HouseModel3D,
     | ^^^^^^^^^^^^^^^^^^^^
> 23 |   type RectangleRoofIntent,
     | ^^^^^^^^^^^^^^^^^^^^^^^^^^^
> 24 |   type HouseReferenceGeometry,
     | ^^^^^^^^^^^^^^^^^^^^^^^^^^^^^^
> 25 |   type Polygon3,
     | ^^^^^^^^^^^^^^^^
> 26 |   type RawHouseInput,
     | ^^^^^^^^^^^^^^^^^^^^^
> 27 | } from "@sp/geometry";
     | ^^^^^^^^^^^^^^^^^^^^^^
  28 | import { houseFormTransformToAssemblyPosition } from "./houseFormTransform";
  29 | import { buildHouseFormRawGeometryInput } from "./houseFormRawGeometry";
  30 | import { deriveCompositionUnionPolygon3 } from "./houseFormCompositionFootprint";

The export DEFAULT_FASCIA_HEIGHT_MM was not found in module [project]/packages/geometry/src/index.ts [app-client] (ecmascript).
Did you mean to import EMPTY_HOUSE_ROOF_STAGE_DIAGNOSTICS?
All exports of the module are statically known (It doesn't have dynamic exports). So it's known statically that the requested export doesn't exist.

Import traces:
  Client Component Browser:
    ./apps/portal/lib/drawings/state/houseFormGeometryInput.ts [Client Component Browser]
    ./apps/portal/lib/drawings/state/objectWorkbenchStatusModel.ts [Client Component Browser]
    ./apps/portal/lib/drawings/state/drawingWorkbenchStore.ts [Client Component Browser]
    ./apps/portal/components/projects/ProjectPage/tabs/EstimatesTab.tsx [Client Component Browser]
    ./apps/portal/components/projects/ProjectPage/ProjectMainTabs.tsx [Client Component Browser]
    ./apps/portal/components/projects/ProjectPage/ProjectPageShell.tsx [Client Component Browser]
    ./apps/portal/components/projects/ProjectPage/ProjectPageFrame.tsx [Client Component Browser]
    ./apps/portal/app/staff/projects/[projectId]/ProjectSnapshotPageClient.tsx [Client Component Browser]
    ./apps/portal/app/staff/projects/[projectId]/ProjectSnapshotPageClient.tsx [Server Component]
    ./apps/portal/app/staff/projects/[projectId]/page.tsx [Server Component]

  Client Component SSR:
    ./apps/portal/lib/drawings/state/houseFormGeometryInput.ts [Client Component SSR]
    ./apps/portal/lib/drawings/state/objectWorkbenchStatusModel.ts [Client Component SSR]
    ./apps/portal/lib/drawings/state/drawingWorkbenchStore.ts [Client Component SSR]
    ./apps/portal/components/projects/ProjectPage/tabs/EstimatesTab.tsx [Client Component SSR]
    ./apps/portal/components/projects/ProjectPage/ProjectMainTabs.tsx [Client Component SSR]
    ./apps/portal/components/projects/ProjectPage/ProjectPageShell.tsx [Client Component SSR]
    ./apps/portal/components/projects/ProjectPage/ProjectPageFrame.tsx [Client Component SSR]
    ./apps/portal/app/staff/projects/[projectId]/ProjectSnapshotPageClient.tsx [Client Component SSR]
    ./apps/portal/app/staff/projects/[projectId]/ProjectSnapshotPageClient.tsx [Server Component]
    ./apps/portal/app/staff/projects/[projectId]/page.tsx [Server Component] @ http://localhost:3001/_next/static/chunks/node_modules_next_dist_0u_w_5s._.js:1945
[ 2465791ms] [ERROR] ./apps/portal/lib/drawings/state/houseFormGeometryInput.ts:1:1
Export DEFAULT_FASCIA_HEIGHT_MM doesn't exist in target module
>  1 | import {
     | ^^^^^^^
>  2 |   applyHouseReferencePosition,
     | ^^^^^^^^^^^^^^^^^^^^^^^^^^^^^^
>  3 |   applyRoofQa,
     | ^^^^^^^^^^^^^^
>  4 |   buildHouseModel3DFromRawHouseInput,
     | ^^^^^^^^^^^^^^^^^^^^^^^^^^^^^^^^^^^^^
>  5 |   buildHouseReferenceProjectionShape,
     | ^^^^^^^^^^^^^^^^^^^^^^^^^^^^^^^^^^^^^
>  6 |   buildHouseRoofEnvelopeArtifacts,
     | ^^^^^^^^^^^^^^^^^^^^^^^^^^^^^^^^^^
>  7 |   buildHouseRoofModelPipeline,
     | ^^^^^^^^^^^^^^^^^^^^^^^^^^^^^^
>  8 |   composeFootprintFromComposition,
     | ^^^^^^^^^^^^^^^^^^^^^^^^^^^^^^^^^^
>  9 |   composeRoofFromComposition,
     | ^^^^^^^^^^^^^^^^^^^^^^^^^^^^^
> 10 |   DEFAULT_EAVE_OVERHANG_MM,
     | ^^^^^^^^^^^^^^^^^^^^^^^^^^^
> 11 |   DEFAULT_FASCIA_HEIGHT_MM,
     | ^^^^^^^^^^^^^^^^^^^^^^^^^^^
> 12 |   DEFAULT_GUTTER_DEPTH_MM,
     | ^^^^^^^^^^^^^^^^^^^^^^^^^^
> 13 |   DEFAULT_GUTTER_PROJECTION_MM,
     | ^^^^^^^^^^^^^^^^^^^^^^^^^^^^^^^
> 14 |   DEFAULT_GUTTER_WIDTH_MM,
     | ^^^^^^^^^^^^^^^^^^^^^^^^^^
> 15 |   DEFAULT_HOUSE_ROOF_MATERIAL,
     | ^^^^^^^^^^^^^^^^^^^^^^^^^^^^^^
> 16 |   DEFAULT_SOFFIT_DEPTH_MM,
     | ^^^^^^^^^^^^^^^^^^^^^^^^^^
> 17 |   EMPTY_HOUSE_ROOF_STAGE_DIAGNOSTICS,
     | ^^^^^^^^^^^^^^^^^^^^^^^^^^^^^^^^^^^^^
> 18 |   type GeometryTopProjectionShape,
     | ^^^^^^^^^^^^^^^^^^^^^^^^^^^^^^^^^^
> 19 |   type HouseComposition,
     | ^^^^^^^^^^^^^^^^^^^^^^^^
> 20 |   type HouseRoofModelPipelineFailureStage,
     | ^^^^^^^^^^^^^^^^^^^^^^^^^^^^^^^^^^^^^^^^^^
> 21 |   type HouseRoofStageDiagnostics,
     | ^^^^^^^^^^^^^^^^^^^^^^^^^^^^^^^^^
> 22 |   type HouseModel3D,
     | ^^^^^^^^^^^^^^^^^^^^
> 23 |   type RectangleRoofIntent,
     | ^^^^^^^^^^^^^^^^^^^^^^^^^^^
> 24 |   type HouseReferenceGeometry,
     | ^^^^^^^^^^^^^^^^^^^^^^^^^^^^^^
> 25 |   type Polygon3,
     | ^^^^^^^^^^^^^^^^
> 26 |   type RawHouseInput,
     | ^^^^^^^^^^^^^^^^^^^^^
> 27 | } from "@sp/geometry";
     | ^^^^^^^^^^^^^^^^^^^^^^
  28 | import { houseFormTransformToAssemblyPosition } from "./houseFormTransform";
  29 | import { buildHouseFormRawGeometryInput } from "./houseFormRawGeometry";
  30 | import { deriveCompositionUnionPolygon3 } from "./houseFormCompositionFootprint";

The export DEFAULT_FASCIA_HEIGHT_MM was not found in module [project]/packages/geometry/src/index.ts [app-ssr] (ecmascript).
Did you mean to import EMPTY_HOUSE_ROOF_STAGE_DIAGNOSTICS?
All exports of the module are statically known (It doesn't have dynamic exports). So it's known statically that the requested export doesn't exist.

Import traces:
  Client Component Browser:
    ./apps/portal/lib/drawings/state/houseFormGeometryInput.ts [Client Component Browser]
    ./apps/portal/lib/drawings/state/objectWorkbenchStatusModel.ts [Client Component Browser]
    ./apps/portal/lib/drawings/state/drawingWorkbenchStore.ts [Client Component Browser]
    ./apps/portal/components/projects/ProjectPage/tabs/EstimatesTab.tsx [Client Component Browser]
    ./apps/portal/components/projects/ProjectPage/ProjectMainTabs.tsx [Client Component Browser]
    ./apps/portal/components/projects/ProjectPage/ProjectPageShell.tsx [Client Component Browser]
    ./apps/portal/components/projects/ProjectPage/ProjectPageFrame.tsx [Client Component Browser]
    ./apps/portal/app/staff/projects/[projectId]/ProjectSnapshotPageClient.tsx [Client Component Browser]
    ./apps/portal/app/staff/projects/[projectId]/ProjectSnapshotPageClient.tsx [Server Component]
    ./apps/portal/app/staff/projects/[projectId]/page.tsx [Server Component]

  Client Component SSR:
    ./apps/portal/lib/drawings/state/houseFormGeometryInput.ts [Client Component SSR]
    ./apps/portal/lib/drawings/state/objectWorkbenchStatusModel.ts [Client Component SSR]
    ./apps/portal/lib/drawings/state/drawingWorkbenchStore.ts [Client Component SSR]
    ./apps/portal/components/projects/ProjectPage/tabs/EstimatesTab.tsx [Client Component SSR]
    ./apps/portal/components/projects/ProjectPage/ProjectMainTabs.tsx [Client Component SSR]
    ./apps/portal/components/projects/ProjectPage/ProjectPageShell.tsx [Client Component SSR]
    ./apps/portal/components/projects/ProjectPage/ProjectPageFrame.tsx [Client Component SSR]
    ./apps/portal/app/staff/projects/[projectId]/ProjectSnapshotPageClient.tsx [Client Component SSR]
    ./apps/portal/app/staff/projects/[projectId]/ProjectSnapshotPageClient.tsx [Server Component]
    ./apps/portal/app/staff/projects/[projectId]/page.tsx [Server Component] @ http://localhost:3001/_next/static/chunks/node_modules_next_dist_0u_w_5s._.js:1945
[ 2465791ms] [ERROR] ./apps/portal/lib/drawings/state/houseFormGeometryInput.ts:1:1
Export DEFAULT_GUTTER_DEPTH_MM doesn't exist in target module
>  1 | import {
     | ^^^^^^^
>  2 |   applyHouseReferencePosition,
     | ^^^^^^^^^^^^^^^^^^^^^^^^^^^^^^
>  3 |   applyRoofQa,
     | ^^^^^^^^^^^^^^
>  4 |   buildHouseModel3DFromRawHouseInput,
     | ^^^^^^^^^^^^^^^^^^^^^^^^^^^^^^^^^^^^^
>  5 |   buildHouseReferenceProjectionShape,
     | ^^^^^^^^^^^^^^^^^^^^^^^^^^^^^^^^^^^^^
>  6 |   buildHouseRoofEnvelopeArtifacts,
     | ^^^^^^^^^^^^^^^^^^^^^^^^^^^^^^^^^^
>  7 |   buildHouseRoofModelPipeline,
     | ^^^^^^^^^^^^^^^^^^^^^^^^^^^^^^
>  8 |   composeFootprintFromComposition,
     | ^^^^^^^^^^^^^^^^^^^^^^^^^^^^^^^^^^
>  9 |   composeRoofFromComposition,
     | ^^^^^^^^^^^^^^^^^^^^^^^^^^^^^
> 10 |   DEFAULT_EAVE_OVERHANG_MM,
     | ^^^^^^^^^^^^^^^^^^^^^^^^^^^
> 11 |   DEFAULT_FASCIA_HEIGHT_MM,
     | ^^^^^^^^^^^^^^^^^^^^^^^^^^^
> 12 |   DEFAULT_GUTTER_DEPTH_MM,
     | ^^^^^^^^^^^^^^^^^^^^^^^^^^
> 13 |   DEFAULT_GUTTER_PROJECTION_MM,
     | ^^^^^^^^^^^^^^^^^^^^^^^^^^^^^^^
> 14 |   DEFAULT_GUTTER_WIDTH_MM,
     | ^^^^^^^^^^^^^^^^^^^^^^^^^^
> 15 |   DEFAULT_HOUSE_ROOF_MATERIAL,
     | ^^^^^^^^^^^^^^^^^^^^^^^^^^^^^^
> 16 |   DEFAULT_SOFFIT_DEPTH_MM,
     | ^^^^^^^^^^^^^^^^^^^^^^^^^^
> 17 |   EMPTY_HOUSE_ROOF_STAGE_DIAGNOSTICS,
     | ^^^^^^^^^^^^^^^^^^^^^^^^^^^^^^^^^^^^^
> 18 |   type GeometryTopProjectionShape,
     | ^^^^^^^^^^^^^^^^^^^^^^^^^^^^^^^^^^
> 19 |   type HouseComposition,
     | ^^^^^^^^^^^^^^^^^^^^^^^^
> 20 |   type HouseRoofModelPipelineFailureStage,
     | ^^^^^^^^^^^^^^^^^^^^^^^^^^^^^^^^^^^^^^^^^^
> 21 |   type HouseRoofStageDiagnostics,
     | ^^^^^^^^^^^^^^^^^^^^^^^^^^^^^^^^^
> 22 |   type HouseModel3D,
     | ^^^^^^^^^^^^^^^^^^^^
> 23 |   type RectangleRoofIntent,
     | ^^^^^^^^^^^^^^^^^^^^^^^^^^^
> 24 |   type HouseReferenceGeometry,
     | ^^^^^^^^^^^^^^^^^^^^^^^^^^^^^^
> 25 |   type Polygon3,
     | ^^^^^^^^^^^^^^^^
> 26 |   type RawHouseInput,
     | ^^^^^^^^^^^^^^^^^^^^^
> 27 | } from "@sp/geometry";
     | ^^^^^^^^^^^^^^^^^^^^^^
  28 | import { houseFormTransformToAssemblyPosition } from "./houseFormTransform";
  29 | import { buildHouseFormRawGeometryInput } from "./houseFormRawGeometry";
  30 | import { deriveCompositionUnionPolygon3 } from "./houseFormCompositionFootprint";

The export DEFAULT_GUTTER_DEPTH_MM was not found in module [project]/packages/geometry/src/index.ts [app-client] (ecmascript).
Did you mean to import EMPTY_HOUSE_ROOF_STAGE_DIAGNOSTICS?
All exports of the module are statically known (It doesn't have dynamic exports). So it's known statically that the requested export doesn't exist.

Import traces:
  Client Component Browser:
    ./apps/portal/lib/drawings/state/houseFormGeometryInput.ts [Client Component Browser]
    ./apps/portal/lib/drawings/state/objectWorkbenchStatusModel.ts [Client Component Browser]
    ./apps/portal/lib/drawings/state/drawingWorkbenchStore.ts [Client Component Browser]
    ./apps/portal/components/projects/ProjectPage/tabs/EstimatesTab.tsx [Client Component Browser]
    ./apps/portal/components/projects/ProjectPage/ProjectMainTabs.tsx [Client Component Browser]
    ./apps/portal/components/projects/ProjectPage/ProjectPageShell.tsx [Client Component Browser]
    ./apps/portal/components/projects/ProjectPage/ProjectPageFrame.tsx [Client Component Browser]
    ./apps/portal/app/staff/projects/[projectId]/ProjectSnapshotPageClient.tsx [Client Component Browser]
    ./apps/portal/app/staff/projects/[projectId]/ProjectSnapshotPageClient.tsx [Server Component]
    ./apps/portal/app/staff/projects/[projectId]/page.tsx [Server Component]

  Client Component SSR:
    ./apps/portal/lib/drawings/state/houseFormGeometryInput.ts [Client Component SSR]
    ./apps/portal/lib/drawings/state/objectWorkbenchStatusModel.ts [Client Component SSR]
    ./apps/portal/lib/drawings/state/drawingWorkbenchStore.ts [Client Component SSR]
    ./apps/portal/components/projects/ProjectPage/tabs/EstimatesTab.tsx [Client Component SSR]
    ./apps/portal/components/projects/ProjectPage/ProjectMainTabs.tsx [Client Component SSR]
    ./apps/portal/components/projects/ProjectPage/ProjectPageShell.tsx [Client Component SSR]
    ./apps/portal/components/projects/ProjectPage/ProjectPageFrame.tsx [Client Component SSR]
    ./apps/portal/app/staff/projects/[projectId]/ProjectSnapshotPageClient.tsx [Client Component SSR]
    ./apps/portal/app/staff/projects/[projectId]/ProjectSnapshotPageClient.tsx [Server Component]
    ./apps/portal/app/staff/projects/[projectId]/page.tsx [Server Component] @ http://localhost:3001/_next/static/chunks/node_modules_next_dist_0u_w_5s._.js:1945
[ 2465791ms] [ERROR] ./apps/portal/lib/drawings/state/houseFormGeometryInput.ts:1:1
Export DEFAULT_GUTTER_DEPTH_MM doesn't exist in target module
>  1 | import {
     | ^^^^^^^
>  2 |   applyHouseReferencePosition,
     | ^^^^^^^^^^^^^^^^^^^^^^^^^^^^^^
>  3 |   applyRoofQa,
     | ^^^^^^^^^^^^^^
>  4 |   buildHouseModel3DFromRawHouseInput,
     | ^^^^^^^^^^^^^^^^^^^^^^^^^^^^^^^^^^^^^
>  5 |   buildHouseReferenceProjectionShape,
     | ^^^^^^^^^^^^^^^^^^^^^^^^^^^^^^^^^^^^^
>  6 |   buildHouseRoofEnvelopeArtifacts,
     | ^^^^^^^^^^^^^^^^^^^^^^^^^^^^^^^^^^
>  7 |   buildHouseRoofModelPipeline,
     | ^^^^^^^^^^^^^^^^^^^^^^^^^^^^^^
>  8 |   composeFootprintFromComposition,
     | ^^^^^^^^^^^^^^^^^^^^^^^^^^^^^^^^^^
>  9 |   composeRoofFromComposition,
     | ^^^^^^^^^^^^^^^^^^^^^^^^^^^^^
> 10 |   DEFAULT_EAVE_OVERHANG_MM,
     | ^^^^^^^^^^^^^^^^^^^^^^^^^^^
> 11 |   DEFAULT_FASCIA_HEIGHT_MM,
     | ^^^^^^^^^^^^^^^^^^^^^^^^^^^
> 12 |   DEFAULT_GUTTER_DEPTH_MM,
     | ^^^^^^^^^^^^^^^^^^^^^^^^^^
> 13 |   DEFAULT_GUTTER_PROJECTION_MM,
     | ^^^^^^^^^^^^^^^^^^^^^^^^^^^^^^^
> 14 |   DEFAULT_GUTTER_WIDTH_MM,
     | ^^^^^^^^^^^^^^^^^^^^^^^^^^
> 15 |   DEFAULT_HOUSE_ROOF_MATERIAL,
     | ^^^^^^^^^^^^^^^^^^^^^^^^^^^^^^
> 16 |   DEFAULT_SOFFIT_DEPTH_MM,
     | ^^^^^^^^^^^^^^^^^^^^^^^^^^
> 17 |   EMPTY_HOUSE_ROOF_STAGE_DIAGNOSTICS,
     | ^^^^^^^^^^^^^^^^^^^^^^^^^^^^^^^^^^^^^
> 18 |   type GeometryTopProjectionShape,
     | ^^^^^^^^^^^^^^^^^^^^^^^^^^^^^^^^^^
> 19 |   type HouseComposition,
     | ^^^^^^^^^^^^^^^^^^^^^^^^
> 20 |   type HouseRoofModelPipelineFailureStage,
     | ^^^^^^^^^^^^^^^^^^^^^^^^^^^^^^^^^^^^^^^^^^
> 21 |   type HouseRoofStageDiagnostics,
     | ^^^^^^^^^^^^^^^^^^^^^^^^^^^^^^^^^
> 22 |   type HouseModel3D,
     | ^^^^^^^^^^^^^^^^^^^^
> 23 |   type RectangleRoofIntent,
     | ^^^^^^^^^^^^^^^^^^^^^^^^^^^
> 24 |   type HouseReferenceGeometry,
     | ^^^^^^^^^^^^^^^^^^^^^^^^^^^^^^
> 25 |   type Polygon3,
     | ^^^^^^^^^^^^^^^^
> 26 |   type RawHouseInput,
     | ^^^^^^^^^^^^^^^^^^^^^
> 27 | } from "@sp/geometry";
     | ^^^^^^^^^^^^^^^^^^^^^^
  28 | import { houseFormTransformToAssemblyPosition } from "./houseFormTransform";
  29 | import { buildHouseFormRawGeometryInput } from "./houseFormRawGeometry";
  30 | import { deriveCompositionUnionPolygon3 } from "./houseFormCompositionFootprint";

The export DEFAULT_GUTTER_DEPTH_MM was not found in module [project]/packages/geometry/src/index.ts [app-ssr] (ecmascript).
Did you mean to import EMPTY_HOUSE_ROOF_STAGE_DIAGNOSTICS?
All exports of the module are statically known (It doesn't have dynamic exports). So it's known statically that the requested export doesn't exist.

Import traces:
  Client Component Browser:
    ./apps/portal/lib/drawings/state/houseFormGeometryInput.ts [Client Component Browser]
    ./apps/portal/lib/drawings/state/objectWorkbenchStatusModel.ts [Client Component Browser]
    ./apps/portal/lib/drawings/state/drawingWorkbenchStore.ts [Client Component Browser]
    ./apps/portal/components/projects/ProjectPage/tabs/EstimatesTab.tsx [Client Component Browser]
    ./apps/portal/components/projects/ProjectPage/ProjectMainTabs.tsx [Client Component Browser]
    ./apps/portal/components/projects/ProjectPage/ProjectPageShell.tsx [Client Component Browser]
    ./apps/portal/components/projects/ProjectPage/ProjectPageFrame.tsx [Client Component Browser]
    ./apps/portal/app/staff/projects/[projectId]/ProjectSnapshotPageClient.tsx [Client Component Browser]
    ./apps/portal/app/staff/projects/[projectId]/ProjectSnapshotPageClient.tsx [Server Component]
    ./apps/portal/app/staff/projects/[projectId]/page.tsx [Server Component]

  Client Component SSR:
    ./apps/portal/lib/drawings/state/houseFormGeometryInput.ts [Client Component SSR]
    ./apps/portal/lib/drawings/state/objectWorkbenchStatusModel.ts [Client Component SSR]
    ./apps/portal/lib/drawings/state/drawingWorkbenchStore.ts [Client Component SSR]
    ./apps/portal/components/projects/ProjectPage/tabs/EstimatesTab.tsx [Client Component SSR]
    ./apps/portal/components/projects/ProjectPage/ProjectMainTabs.tsx [Client Component SSR]
    ./apps/portal/components/projects/ProjectPage/ProjectPageShell.tsx [Client Component SSR]
    ./apps/portal/components/projects/ProjectPage/ProjectPageFrame.tsx [Client Component SSR]
    ./apps/portal/app/staff/projects/[projectId]/ProjectSnapshotPageClient.tsx [Client Component SSR]
    ./apps/portal/app/staff/projects/[projectId]/ProjectSnapshotPageClient.tsx [Server Component]
    ./apps/portal/app/staff/projects/[projectId]/page.tsx [Server Component] @ http://localhost:3001/_next/static/chunks/node_modules_next_dist_0u_w_5s._.js:1945
[ 2465791ms] [ERROR] ./apps/portal/lib/drawings/state/houseFormGeometryInput.ts:1:1
Export DEFAULT_GUTTER_PROJECTION_MM doesn't exist in target module
>  1 | import {
     | ^^^^^^^
>  2 |   applyHouseReferencePosition,
     | ^^^^^^^^^^^^^^^^^^^^^^^^^^^^^^
>  3 |   applyRoofQa,
     | ^^^^^^^^^^^^^^
>  4 |   buildHouseModel3DFromRawHouseInput,
     | ^^^^^^^^^^^^^^^^^^^^^^^^^^^^^^^^^^^^^
>  5 |   buildHouseReferenceProjectionShape,
     | ^^^^^^^^^^^^^^^^^^^^^^^^^^^^^^^^^^^^^
>  6 |   buildHouseRoofEnvelopeArtifacts,
     | ^^^^^^^^^^^^^^^^^^^^^^^^^^^^^^^^^^
>  7 |   buildHouseRoofModelPipeline,
     | ^^^^^^^^^^^^^^^^^^^^^^^^^^^^^^
>  8 |   composeFootprintFromComposition,
     | ^^^^^^^^^^^^^^^^^^^^^^^^^^^^^^^^^^
>  9 |   composeRoofFromComposition,
     | ^^^^^^^^^^^^^^^^^^^^^^^^^^^^^
> 10 |   DEFAULT_EAVE_OVERHANG_MM,
     | ^^^^^^^^^^^^^^^^^^^^^^^^^^^
> 11 |   DEFAULT_FASCIA_HEIGHT_MM,
     | ^^^^^^^^^^^^^^^^^^^^^^^^^^^
> 12 |   DEFAULT_GUTTER_DEPTH_MM,
     | ^^^^^^^^^^^^^^^^^^^^^^^^^^
> 13 |   DEFAULT_GUTTER_PROJECTION_MM,
     | ^^^^^^^^^^^^^^^^^^^^^^^^^^^^^^^
> 14 |   DEFAULT_GUTTER_WIDTH_MM,
     | ^^^^^^^^^^^^^^^^^^^^^^^^^^
> 15 |   DEFAULT_HOUSE_ROOF_MATERIAL,
     | ^^^^^^^^^^^^^^^^^^^^^^^^^^^^^^
> 16 |   DEFAULT_SOFFIT_DEPTH_MM,
     | ^^^^^^^^^^^^^^^^^^^^^^^^^^
> 17 |   EMPTY_HOUSE_ROOF_STAGE_DIAGNOSTICS,
     | ^^^^^^^^^^^^^^^^^^^^^^^^^^^^^^^^^^^^^
> 18 |   type GeometryTopProjectionShape,
     | ^^^^^^^^^^^^^^^^^^^^^^^^^^^^^^^^^^
> 19 |   type HouseComposition,
     | ^^^^^^^^^^^^^^^^^^^^^^^^
> 20 |   type HouseRoofModelPipelineFailureStage,
     | ^^^^^^^^^^^^^^^^^^^^^^^^^^^^^^^^^^^^^^^^^^
> 21 |   type HouseRoofStageDiagnostics,
     | ^^^^^^^^^^^^^^^^^^^^^^^^^^^^^^^^^
> 22 |   type HouseModel3D,
     | ^^^^^^^^^^^^^^^^^^^^
> 23 |   type RectangleRoofIntent,
     | ^^^^^^^^^^^^^^^^^^^^^^^^^^^
> 24 |   type HouseReferenceGeometry,
     | ^^^^^^^^^^^^^^^^^^^^^^^^^^^^^^
> 25 |   type Polygon3,
     | ^^^^^^^^^^^^^^^^
> 26 |   type RawHouseInput,
     | ^^^^^^^^^^^^^^^^^^^^^
> 27 | } from "@sp/geometry";
     | ^^^^^^^^^^^^^^^^^^^^^^
  28 | import { houseFormTransformToAssemblyPosition } from "./houseFormTransform";
  29 | import { buildHouseFormRawGeometryInput } from "./houseFormRawGeometry";
  30 | import { deriveCompositionUnionPolygon3 } from "./houseFormCompositionFootprint";

The export DEFAULT_GUTTER_PROJECTION_MM was not found in module [project]/packages/geometry/src/index.ts [app-client] (ecmascript).
Did you mean to import EMPTY_HOUSE_ROOF_STAGE_DIAGNOSTICS?
All exports of the module are statically known (It doesn't have dynamic exports). So it's known statically that the requested export doesn't exist.

Import traces:
  Client Component Browser:
    ./apps/portal/lib/drawings/state/houseFormGeometryInput.ts [Client Component Browser]
    ./apps/portal/lib/drawings/state/objectWorkbenchStatusModel.ts [Client Component Browser]
    ./apps/portal/lib/drawings/state/drawingWorkbenchStore.ts [Client Component Browser]
    ./apps/portal/components/projects/ProjectPage/tabs/EstimatesTab.tsx [Client Component Browser]
    ./apps/portal/components/projects/ProjectPage/ProjectMainTabs.tsx [Client Component Browser]
    ./apps/portal/components/projects/ProjectPage/ProjectPageShell.tsx [Client Component Browser]
    ./apps/portal/components/projects/ProjectPage/ProjectPageFrame.tsx [Client Component Browser]
    ./apps/portal/app/staff/projects/[projectId]/ProjectSnapshotPageClient.tsx [Client Component Browser]
    ./apps/portal/app/staff/projects/[projectId]/ProjectSnapshotPageClient.tsx [Server Component]
    ./apps/portal/app/staff/projects/[projectId]/page.tsx [Server Component]

  Client Component SSR:
    ./apps/portal/lib/drawings/state/houseFormGeometryInput.ts [Client Component SSR]
    ./apps/portal/lib/drawings/state/objectWorkbenchStatusModel.ts [Client Component SSR]
    ./apps/portal/lib/drawings/state/drawingWorkbenchStore.ts [Client Component SSR]
    ./apps/portal/components/projects/ProjectPage/tabs/EstimatesTab.tsx [Client Component SSR]
    ./apps/portal/components/projects/ProjectPage/ProjectMainTabs.tsx [Client Component SSR]
    ./apps/portal/components/projects/ProjectPage/ProjectPageShell.tsx [Client Component SSR]
    ./apps/portal/components/projects/ProjectPage/ProjectPageFrame.tsx [Client Component SSR]
    ./apps/portal/app/staff/projects/[projectId]/ProjectSnapshotPageClient.tsx [Client Component SSR]
    ./apps/portal/app/staff/projects/[projectId]/ProjectSnapshotPageClient.tsx [Server Component]
    ./apps/portal/app/staff/projects/[projectId]/page.tsx [Server Component] @ http://localhost:3001/_next/static/chunks/node_modules_next_dist_0u_w_5s._.js:1945
[ 2465791ms] [ERROR] ./apps/portal/lib/drawings/state/houseFormGeometryInput.ts:1:1
Export DEFAULT_GUTTER_PROJECTION_MM doesn't exist in target module
>  1 | import {
     | ^^^^^^^
>  2 |   applyHouseReferencePosition,
     | ^^^^^^^^^^^^^^^^^^^^^^^^^^^^^^
>  3 |   applyRoofQa,
     | ^^^^^^^^^^^^^^
>  4 |   buildHouseModel3DFromRawHouseInput,
     | ^^^^^^^^^^^^^^^^^^^^^^^^^^^^^^^^^^^^^
>  5 |   buildHouseReferenceProjectionShape,
     | ^^^^^^^^^^^^^^^^^^^^^^^^^^^^^^^^^^^^^
>  6 |   buildHouseRoofEnvelopeArtifacts,
     | ^^^^^^^^^^^^^^^^^^^^^^^^^^^^^^^^^^
>  7 |   buildHouseRoofModelPipeline,
     | ^^^^^^^^^^^^^^^^^^^^^^^^^^^^^^
>  8 |   composeFootprintFromComposition,
     | ^^^^^^^^^^^^^^^^^^^^^^^^^^^^^^^^^^
>  9 |   composeRoofFromComposition,
     | ^^^^^^^^^^^^^^^^^^^^^^^^^^^^^
> 10 |   DEFAULT_EAVE_OVERHANG_MM,
     | ^^^^^^^^^^^^^^^^^^^^^^^^^^^
> 11 |   DEFAULT_FASCIA_HEIGHT_MM,
     | ^^^^^^^^^^^^^^^^^^^^^^^^^^^
> 12 |   DEFAULT_GUTTER_DEPTH_MM,
     | ^^^^^^^^^^^^^^^^^^^^^^^^^^
> 13 |   DEFAULT_GUTTER_PROJECTION_MM,
     | ^^^^^^^^^^^^^^^^^^^^^^^^^^^^^^^
> 14 |   DEFAULT_GUTTER_WIDTH_MM,
     | ^^^^^^^^^^^^^^^^^^^^^^^^^^
> 15 |   DEFAULT_HOUSE_ROOF_MATERIAL,
     | ^^^^^^^^^^^^^^^^^^^^^^^^^^^^^^
> 16 |   DEFAULT_SOFFIT_DEPTH_MM,
     | ^^^^^^^^^^^^^^^^^^^^^^^^^^
> 17 |   EMPTY_HOUSE_ROOF_STAGE_DIAGNOSTICS,
     | ^^^^^^^^^^^^^^^^^^^^^^^^^^^^^^^^^^^^^
> 18 |   type GeometryTopProjectionShape,
     | ^^^^^^^^^^^^^^^^^^^^^^^^^^^^^^^^^^
> 19 |   type HouseComposition,
     | ^^^^^^^^^^^^^^^^^^^^^^^^
> 20 |   type HouseRoofModelPipelineFailureStage,
     | ^^^^^^^^^^^^^^^^^^^^^^^^^^^^^^^^^^^^^^^^^^
> 21 |   type HouseRoofStageDiagnostics,
     | ^^^^^^^^^^^^^^^^^^^^^^^^^^^^^^^^^
> 22 |   type HouseModel3D,
     | ^^^^^^^^^^^^^^^^^^^^
> 23 |   type RectangleRoofIntent,
     | ^^^^^^^^^^^^^^^^^^^^^^^^^^^
> 24 |   type HouseReferenceGeometry,
     | ^^^^^^^^^^^^^^^^^^^^^^^^^^^^^^
> 25 |   type Polygon3,
     | ^^^^^^^^^^^^^^^^
> 26 |   type RawHouseInput,
     | ^^^^^^^^^^^^^^^^^^^^^
> 27 | } from "@sp/geometry";
     | ^^^^^^^^^^^^^^^^^^^^^^
  28 | import { houseFormTransformToAssemblyPosition } from "./houseFormTransform";
  29 | import { buildHouseFormRawGeometryInput } from "./houseFormRawGeometry";
  30 | import { deriveCompositionUnionPolygon3 } from "./houseFormCompositionFootprint";

The export DEFAULT_GUTTER_PROJECTION_MM was not found in module [project]/packages/geometry/src/index.ts [app-ssr] (ecmascript).
Did you mean to import EMPTY_HOUSE_ROOF_STAGE_DIAGNOSTICS?
All exports of the module are statically known (It doesn't have dynamic exports). So it's known statically that the requested export doesn't exist.

Import traces:
  Client Component Browser:
    ./apps/portal/lib/drawings/state/houseFormGeometryInput.ts [Client Component Browser]
    ./apps/portal/lib/drawings/state/objectWorkbenchStatusModel.ts [Client Component Browser]
    ./apps/portal/lib/drawings/state/drawingWorkbenchStore.ts [Client Component Browser]
    ./apps/portal/components/projects/ProjectPage/tabs/EstimatesTab.tsx [Client Component Browser]
    ./apps/portal/components/projects/ProjectPage/ProjectMainTabs.tsx [Client Component Browser]
    ./apps/portal/components/projects/ProjectPage/ProjectPageShell.tsx [Client Component Browser]
    ./apps/portal/components/projects/ProjectPage/ProjectPageFrame.tsx [Client Component Browser]
    ./apps/portal/app/staff/projects/[projectId]/ProjectSnapshotPageClient.tsx [Client Component Browser]
    ./apps/portal/app/staff/projects/[projectId]/ProjectSnapshotPageClient.tsx [Server Component]
    ./apps/portal/app/staff/projects/[projectId]/page.tsx [Server Component]

  Client Component SSR:
    ./apps/portal/lib/drawings/state/houseFormGeometryInput.ts [Client Component SSR]
    ./apps/portal/lib/drawings/state/objectWorkbenchStatusModel.ts [Client Component SSR]
    ./apps/portal/lib/drawings/state/drawingWorkbenchStore.ts [Client Component SSR]
    ./apps/portal/components/projects/ProjectPage/tabs/EstimatesTab.tsx [Client Component SSR]
    ./apps/portal/components/projects/ProjectPage/ProjectMainTabs.tsx [Client Component SSR]
    ./apps/portal/components/projects/ProjectPage/ProjectPageShell.tsx [Client Component SSR]
    ./apps/portal/components/projects/ProjectPage/ProjectPageFrame.tsx [Client Component SSR]
    ./apps/portal/app/staff/projects/[projectId]/ProjectSnapshotPageClient.tsx [Client Component SSR]
    ./apps/portal/app/staff/projects/[projectId]/ProjectSnapshotPageClient.tsx [Server Component]
    ./apps/portal/app/staff/projects/[projectId]/page.tsx [Server Component] @ http://localhost:3001/_next/static/chunks/node_modules_next_dist_0u_w_5s._.js:1945
[ 2465791ms] [ERROR] ./apps/portal/lib/drawings/state/houseFormGeometryInput.ts:1:1
Export DEFAULT_GUTTER_WIDTH_MM doesn't exist in target module
>  1 | import {
     | ^^^^^^^
>  2 |   applyHouseReferencePosition,
     | ^^^^^^^^^^^^^^^^^^^^^^^^^^^^^^
>  3 |   applyRoofQa,
     | ^^^^^^^^^^^^^^
>  4 |   buildHouseModel3DFromRawHouseInput,
     | ^^^^^^^^^^^^^^^^^^^^^^^^^^^^^^^^^^^^^
>  5 |   buildHouseReferenceProjectionShape,
     | ^^^^^^^^^^^^^^^^^^^^^^^^^^^^^^^^^^^^^
>  6 |   buildHouseRoofEnvelopeArtifacts,
     | ^^^^^^^^^^^^^^^^^^^^^^^^^^^^^^^^^^
>  7 |   buildHouseRoofModelPipeline,
     | ^^^^^^^^^^^^^^^^^^^^^^^^^^^^^^
>  8 |   composeFootprintFromComposition,
     | ^^^^^^^^^^^^^^^^^^^^^^^^^^^^^^^^^^
>  9 |   composeRoofFromComposition,
     | ^^^^^^^^^^^^^^^^^^^^^^^^^^^^^
> 10 |   DEFAULT_EAVE_OVERHANG_MM,
     | ^^^^^^^^^^^^^^^^^^^^^^^^^^^
> 11 |   DEFAULT_FASCIA_HEIGHT_MM,
     | ^^^^^^^^^^^^^^^^^^^^^^^^^^^
> 12 |   DEFAULT_GUTTER_DEPTH_MM,
     | ^^^^^^^^^^^^^^^^^^^^^^^^^^
> 13 |   DEFAULT_GUTTER_PROJECTION_MM,
     | ^^^^^^^^^^^^^^^^^^^^^^^^^^^^^^^
> 14 |   DEFAULT_GUTTER_WIDTH_MM,
     | ^^^^^^^^^^^^^^^^^^^^^^^^^^
> 15 |   DEFAULT_HOUSE_ROOF_MATERIAL,
     | ^^^^^^^^^^^^^^^^^^^^^^^^^^^^^^
> 16 |   DEFAULT_SOFFIT_DEPTH_MM,
     | ^^^^^^^^^^^^^^^^^^^^^^^^^^
> 17 |   EMPTY_HOUSE_ROOF_STAGE_DIAGNOSTICS,
     | ^^^^^^^^^^^^^^^^^^^^^^^^^^^^^^^^^^^^^
> 18 |   type GeometryTopProjectionShape,
     | ^^^^^^^^^^^^^^^^^^^^^^^^^^^^^^^^^^
> 19 |   type HouseComposition,
     | ^^^^^^^^^^^^^^^^^^^^^^^^
> 20 |   type HouseRoofModelPipelineFailureStage,
     | ^^^^^^^^^^^^^^^^^^^^^^^^^^^^^^^^^^^^^^^^^^
> 21 |   type HouseRoofStageDiagnostics,
     | ^^^^^^^^^^^^^^^^^^^^^^^^^^^^^^^^^
> 22 |   type HouseModel3D,
     | ^^^^^^^^^^^^^^^^^^^^
> 23 |   type RectangleRoofIntent,
     | ^^^^^^^^^^^^^^^^^^^^^^^^^^^
> 24 |   type HouseReferenceGeometry,
     | ^^^^^^^^^^^^^^^^^^^^^^^^^^^^^^
> 25 |   type Polygon3,
     | ^^^^^^^^^^^^^^^^
> 26 |   type RawHouseInput,
     | ^^^^^^^^^^^^^^^^^^^^^
> 27 | } from "@sp/geometry";
     | ^^^^^^^^^^^^^^^^^^^^^^
  28 | import { houseFormTransformToAssemblyPosition } from "./houseFormTransform";
  29 | import { buildHouseFormRawGeometryInput } from "./houseFormRawGeometry";
  30 | import { deriveCompositionUnionPolygon3 } from "./houseFormCompositionFootprint";

The export DEFAULT_GUTTER_WIDTH_MM was not found in module [project]/packages/geometry/src/index.ts [app-client] (ecmascript).
Did you mean to import EMPTY_HOUSE_ROOF_STAGE_DIAGNOSTICS?
All exports of the module are statically known (It doesn't have dynamic exports). So it's known statically that the requested export doesn't exist.

Import traces:
  Client Component Browser:
    ./apps/portal/lib/drawings/state/houseFormGeometryInput.ts [Client Component Browser]
    ./apps/portal/lib/drawings/state/objectWorkbenchStatusModel.ts [Client Component Browser]
    ./apps/portal/lib/drawings/state/drawingWorkbenchStore.ts [Client Component Browser]
    ./apps/portal/components/projects/ProjectPage/tabs/EstimatesTab.tsx [Client Component Browser]
    ./apps/portal/components/projects/ProjectPage/ProjectMainTabs.tsx [Client Component Browser]
    ./apps/portal/components/projects/ProjectPage/ProjectPageShell.tsx [Client Component Browser]
    ./apps/portal/components/projects/ProjectPage/ProjectPageFrame.tsx [Client Component Browser]
    ./apps/portal/app/staff/projects/[projectId]/ProjectSnapshotPageClient.tsx [Client Component Browser]
    ./apps/portal/app/staff/projects/[projectId]/ProjectSnapshotPageClient.tsx [Server Component]
    ./apps/portal/app/staff/projects/[projectId]/page.tsx [Server Component]

  Client Component SSR:
    ./apps/portal/lib/drawings/state/houseFormGeometryInput.ts [Client Component SSR]
    ./apps/portal/lib/drawings/state/objectWorkbenchStatusModel.ts [Client Component SSR]
    ./apps/portal/lib/drawings/state/drawingWorkbenchStore.ts [Client Component SSR]
    ./apps/portal/components/projects/ProjectPage/tabs/EstimatesTab.tsx [Client Component SSR]
    ./apps/portal/components/projects/ProjectPage/ProjectMainTabs.tsx [Client Component SSR]
    ./apps/portal/components/projects/ProjectPage/ProjectPageShell.tsx [Client Component SSR]
    ./apps/portal/components/projects/ProjectPage/ProjectPageFrame.tsx [Client Component SSR]
    ./apps/portal/app/staff/projects/[projectId]/ProjectSnapshotPageClient.tsx [Client Component SSR]
    ./apps/portal/app/staff/projects/[projectId]/ProjectSnapshotPageClient.tsx [Server Component]
    ./apps/portal/app/staff/projects/[projectId]/page.tsx [Server Component] @ http://localhost:3001/_next/static/chunks/node_modules_next_dist_0u_w_5s._.js:1945
[ 2465791ms] [ERROR] ./apps/portal/lib/drawings/state/houseFormGeometryInput.ts:1:1
Export DEFAULT_GUTTER_WIDTH_MM doesn't exist in target module
>  1 | import {
     | ^^^^^^^
>  2 |   applyHouseReferencePosition,
     | ^^^^^^^^^^^^^^^^^^^^^^^^^^^^^^
>  3 |   applyRoofQa,
     | ^^^^^^^^^^^^^^
>  4 |   buildHouseModel3DFromRawHouseInput,
     | ^^^^^^^^^^^^^^^^^^^^^^^^^^^^^^^^^^^^^
>  5 |   buildHouseReferenceProjectionShape,
     | ^^^^^^^^^^^^^^^^^^^^^^^^^^^^^^^^^^^^^
>  6 |   buildHouseRoofEnvelopeArtifacts,
     | ^^^^^^^^^^^^^^^^^^^^^^^^^^^^^^^^^^
>  7 |   buildHouseRoofModelPipeline,
     | ^^^^^^^^^^^^^^^^^^^^^^^^^^^^^^
>  8 |   composeFootprintFromComposition,
     | ^^^^^^^^^^^^^^^^^^^^^^^^^^^^^^^^^^
>  9 |   composeRoofFromComposition,
     | ^^^^^^^^^^^^^^^^^^^^^^^^^^^^^
> 10 |   DEFAULT_EAVE_OVERHANG_MM,
     | ^^^^^^^^^^^^^^^^^^^^^^^^^^^
> 11 |   DEFAULT_FASCIA_HEIGHT_MM,
     | ^^^^^^^^^^^^^^^^^^^^^^^^^^^
> 12 |   DEFAULT_GUTTER_DEPTH_MM,
     | ^^^^^^^^^^^^^^^^^^^^^^^^^^
> 13 |   DEFAULT_GUTTER_PROJECTION_MM,
     | ^^^^^^^^^^^^^^^^^^^^^^^^^^^^^^^
> 14 |   DEFAULT_GUTTER_WIDTH_MM,
     | ^^^^^^^^^^^^^^^^^^^^^^^^^^
> 15 |   DEFAULT_HOUSE_ROOF_MATERIAL,
     | ^^^^^^^^^^^^^^^^^^^^^^^^^^^^^^
> 16 |   DEFAULT_SOFFIT_DEPTH_MM,
     | ^^^^^^^^^^^^^^^^^^^^^^^^^^
> 17 |   EMPTY_HOUSE_ROOF_STAGE_DIAGNOSTICS,
     | ^^^^^^^^^^^^^^^^^^^^^^^^^^^^^^^^^^^^^
> 18 |   type GeometryTopProjectionShape,
     | ^^^^^^^^^^^^^^^^^^^^^^^^^^^^^^^^^^
> 19 |   type HouseComposition,
     | ^^^^^^^^^^^^^^^^^^^^^^^^
> 20 |   type HouseRoofModelPipelineFailureStage,
     | ^^^^^^^^^^^^^^^^^^^^^^^^^^^^^^^^^^^^^^^^^^
> 21 |   type HouseRoofStageDiagnostics,
     | ^^^^^^^^^^^^^^^^^^^^^^^^^^^^^^^^^
> 22 |   type HouseModel3D,
     | ^^^^^^^^^^^^^^^^^^^^
> 23 |   type RectangleRoofIntent,
     | ^^^^^^^^^^^^^^^^^^^^^^^^^^^
> 24 |   type HouseReferenceGeometry,
     | ^^^^^^^^^^^^^^^^^^^^^^^^^^^^^^
> 25 |   type Polygon3,
     | ^^^^^^^^^^^^^^^^
> 26 |   type RawHouseInput,
     | ^^^^^^^^^^^^^^^^^^^^^
> 27 | } from "@sp/geometry";
     | ^^^^^^^^^^^^^^^^^^^^^^
  28 | import { houseFormTransformToAssemblyPosition } from "./houseFormTransform";
  29 | import { buildHouseFormRawGeometryInput } from "./houseFormRawGeometry";
  30 | import { deriveCompositionUnionPolygon3 } from "./houseFormCompositionFootprint";

The export DEFAULT_GUTTER_WIDTH_MM was not found in module [project]/packages/geometry/src/index.ts [app-ssr] (ecmascript).
Did you mean to import EMPTY_HOUSE_ROOF_STAGE_DIAGNOSTICS?
All exports of the module are statically known (It doesn't have dynamic exports). So it's known statically that the requested export doesn't exist.

Import traces:
  Client Component Browser:
    ./apps/portal/lib/drawings/state/houseFormGeometryInput.ts [Client Component Browser]
    ./apps/portal/lib/drawings/state/objectWorkbenchStatusModel.ts [Client Component Browser]
    ./apps/portal/lib/drawings/state/drawingWorkbenchStore.ts [Client Component Browser]
    ./apps/portal/components/projects/ProjectPage/tabs/EstimatesTab.tsx [Client Component Browser]
    ./apps/portal/components/projects/ProjectPage/ProjectMainTabs.tsx [Client Component Browser]
    ./apps/portal/components/projects/ProjectPage/ProjectPageShell.tsx [Client Component Browser]
    ./apps/portal/components/projects/ProjectPage/ProjectPageFrame.tsx [Client Component Browser]
    ./apps/portal/app/staff/projects/[projectId]/ProjectSnapshotPageClient.tsx [Client Component Browser]
    ./apps/portal/app/staff/projects/[projectId]/ProjectSnapshotPageClient.tsx [Server Component]
    ./apps/portal/app/staff/projects/[projectId]/page.tsx [Server Component]

  Client Component SSR:
    ./apps/portal/lib/drawings/state/houseFormGeometryInput.ts [Client Component SSR]
    ./apps/portal/lib/drawings/state/objectWorkbenchStatusModel.ts [Client Component SSR]
    ./apps/portal/lib/drawings/state/drawingWorkbenchStore.ts [Client Component SSR]
    ./apps/portal/components/projects/ProjectPage/tabs/EstimatesTab.tsx [Client Component SSR]
    ./apps/portal/components/projects/ProjectPage/ProjectMainTabs.tsx [Client Component SSR]
    ./apps/portal/components/projects/ProjectPage/ProjectPageShell.tsx [Client Component SSR]
    ./apps/portal/components/projects/ProjectPage/ProjectPageFrame.tsx [Client Component SSR]
    ./apps/portal/app/staff/projects/[projectId]/ProjectSnapshotPageClient.tsx [Client Component SSR]
    ./apps/portal/app/staff/projects/[projectId]/ProjectSnapshotPageClient.tsx [Server Component]
    ./apps/portal/app/staff/projects/[projectId]/page.tsx [Server Component] @ http://localhost:3001/_next/static/chunks/node_modules_next_dist_0u_w_5s._.js:1945
[ 2465792ms] [ERROR] ./apps/portal/lib/drawings/state/houseFormGeometryInput.ts:1:1
Export DEFAULT_HOUSE_ROOF_MATERIAL doesn't exist in target module
>  1 | import {
     | ^^^^^^^
>  2 |   applyHouseReferencePosition,
     | ^^^^^^^^^^^^^^^^^^^^^^^^^^^^^^
>  3 |   applyRoofQa,
     | ^^^^^^^^^^^^^^
>  4 |   buildHouseModel3DFromRawHouseInput,
     | ^^^^^^^^^^^^^^^^^^^^^^^^^^^^^^^^^^^^^
>  5 |   buildHouseReferenceProjectionShape,
     | ^^^^^^^^^^^^^^^^^^^^^^^^^^^^^^^^^^^^^
>  6 |   buildHouseRoofEnvelopeArtifacts,
     | ^^^^^^^^^^^^^^^^^^^^^^^^^^^^^^^^^^
>  7 |   buildHouseRoofModelPipeline,
     | ^^^^^^^^^^^^^^^^^^^^^^^^^^^^^^
>  8 |   composeFootprintFromComposition,
     | ^^^^^^^^^^^^^^^^^^^^^^^^^^^^^^^^^^
>  9 |   composeRoofFromComposition,
     | ^^^^^^^^^^^^^^^^^^^^^^^^^^^^^
> 10 |   DEFAULT_EAVE_OVERHANG_MM,
     | ^^^^^^^^^^^^^^^^^^^^^^^^^^^
> 11 |   DEFAULT_FASCIA_HEIGHT_MM,
     | ^^^^^^^^^^^^^^^^^^^^^^^^^^^
> 12 |   DEFAULT_GUTTER_DEPTH_MM,
     | ^^^^^^^^^^^^^^^^^^^^^^^^^^
> 13 |   DEFAULT_GUTTER_PROJECTION_MM,
     | ^^^^^^^^^^^^^^^^^^^^^^^^^^^^^^^
> 14 |   DEFAULT_GUTTER_WIDTH_MM,
     | ^^^^^^^^^^^^^^^^^^^^^^^^^^
> 15 |   DEFAULT_HOUSE_ROOF_MATERIAL,
     | ^^^^^^^^^^^^^^^^^^^^^^^^^^^^^^
> 16 |   DEFAULT_SOFFIT_DEPTH_MM,
     | ^^^^^^^^^^^^^^^^^^^^^^^^^^
> 17 |   EMPTY_HOUSE_ROOF_STAGE_DIAGNOSTICS,
     | ^^^^^^^^^^^^^^^^^^^^^^^^^^^^^^^^^^^^^
> 18 |   type GeometryTopProjectionShape,
     | ^^^^^^^^^^^^^^^^^^^^^^^^^^^^^^^^^^
> 19 |   type HouseComposition,
     | ^^^^^^^^^^^^^^^^^^^^^^^^
> 20 |   type HouseRoofModelPipelineFailureStage,
     | ^^^^^^^^^^^^^^^^^^^^^^^^^^^^^^^^^^^^^^^^^^
> 21 |   type HouseRoofStageDiagnostics,
     | ^^^^^^^^^^^^^^^^^^^^^^^^^^^^^^^^^
> 22 |   type HouseModel3D,
     | ^^^^^^^^^^^^^^^^^^^^
> 23 |   type RectangleRoofIntent,
     | ^^^^^^^^^^^^^^^^^^^^^^^^^^^
> 24 |   type HouseReferenceGeometry,
     | ^^^^^^^^^^^^^^^^^^^^^^^^^^^^^^
> 25 |   type Polygon3,
     | ^^^^^^^^^^^^^^^^
> 26 |   type RawHouseInput,
     | ^^^^^^^^^^^^^^^^^^^^^
> 27 | } from "@sp/geometry";
     | ^^^^^^^^^^^^^^^^^^^^^^
  28 | import { houseFormTransformToAssemblyPosition } from "./houseFormTransform";
  29 | import { buildHouseFormRawGeometryInput } from "./houseFormRawGeometry";
  30 | import { deriveCompositionUnionPolygon3 } from "./houseFormCompositionFootprint";

The export DEFAULT_HOUSE_ROOF_MATERIAL was not found in module [project]/packages/geometry/src/index.ts [app-client] (ecmascript).
Did you mean to import HOUSE_ROOF_FORM_BEHAVIORS?
All exports of the module are statically known (It doesn't have dynamic exports). So it's known statically that the requested export doesn't exist.

Import traces:
  Client Component Browser:
    ./apps/portal/lib/drawings/state/houseFormGeometryInput.ts [Client Component Browser]
    ./apps/portal/lib/drawings/state/objectWorkbenchStatusModel.ts [Client Component Browser]
    ./apps/portal/lib/drawings/state/drawingWorkbenchStore.ts [Client Component Browser]
    ./apps/portal/components/projects/ProjectPage/tabs/EstimatesTab.tsx [Client Component Browser]
    ./apps/portal/components/projects/ProjectPage/ProjectMainTabs.tsx [Client Component Browser]
    ./apps/portal/components/projects/ProjectPage/ProjectPageShell.tsx [Client Component Browser]
    ./apps/portal/components/projects/ProjectPage/ProjectPageFrame.tsx [Client Component Browser]
    ./apps/portal/app/staff/projects/[projectId]/ProjectSnapshotPageClient.tsx [Client Component Browser]
    ./apps/portal/app/staff/projects/[projectId]/ProjectSnapshotPageClient.tsx [Server Component]
    ./apps/portal/app/staff/projects/[projectId]/page.tsx [Server Component]

  Client Component SSR:
    ./apps/portal/lib/drawings/state/houseFormGeometryInput.ts [Client Component SSR]
    ./apps/portal/lib/drawings/state/objectWorkbenchStatusModel.ts [Client Component SSR]
    ./apps/portal/lib/drawings/state/drawingWorkbenchStore.ts [Client Component SSR]
    ./apps/portal/components/projects/ProjectPage/tabs/EstimatesTab.tsx [Client Component SSR]
    ./apps/portal/components/projects/ProjectPage/ProjectMainTabs.tsx [Client Component SSR]
    ./apps/portal/components/projects/ProjectPage/ProjectPageShell.tsx [Client Component SSR]
    ./apps/portal/components/projects/ProjectPage/ProjectPageFrame.tsx [Client Component SSR]
    ./apps/portal/app/staff/projects/[projectId]/ProjectSnapshotPageClient.tsx [Client Component SSR]
    ./apps/portal/app/staff/projects/[projectId]/ProjectSnapshotPageClient.tsx [Server Component]
    ./apps/portal/app/staff/projects/[projectId]/page.tsx [Server Component] @ http://localhost:3001/_next/static/chunks/node_modules_next_dist_0u_w_5s._.js:1945
[ 2465792ms] [ERROR] ./apps/portal/lib/drawings/state/houseFormGeometryInput.ts:1:1
Export DEFAULT_HOUSE_ROOF_MATERIAL doesn't exist in target module
>  1 | import {
     | ^^^^^^^
>  2 |   applyHouseReferencePosition,
     | ^^^^^^^^^^^^^^^^^^^^^^^^^^^^^^
>  3 |   applyRoofQa,
     | ^^^^^^^^^^^^^^
>  4 |   buildHouseModel3DFromRawHouseInput,
     | ^^^^^^^^^^^^^^^^^^^^^^^^^^^^^^^^^^^^^
>  5 |   buildHouseReferenceProjectionShape,
     | ^^^^^^^^^^^^^^^^^^^^^^^^^^^^^^^^^^^^^
>  6 |   buildHouseRoofEnvelopeArtifacts,
     | ^^^^^^^^^^^^^^^^^^^^^^^^^^^^^^^^^^
>  7 |   buildHouseRoofModelPipeline,
     | ^^^^^^^^^^^^^^^^^^^^^^^^^^^^^^
>  8 |   composeFootprintFromComposition,
     | ^^^^^^^^^^^^^^^^^^^^^^^^^^^^^^^^^^
>  9 |   composeRoofFromComposition,
     | ^^^^^^^^^^^^^^^^^^^^^^^^^^^^^
> 10 |   DEFAULT_EAVE_OVERHANG_MM,
     | ^^^^^^^^^^^^^^^^^^^^^^^^^^^
> 11 |   DEFAULT_FASCIA_HEIGHT_MM,
     | ^^^^^^^^^^^^^^^^^^^^^^^^^^^
> 12 |   DEFAULT_GUTTER_DEPTH_MM,
     | ^^^^^^^^^^^^^^^^^^^^^^^^^^
> 13 |   DEFAULT_GUTTER_PROJECTION_MM,
     | ^^^^^^^^^^^^^^^^^^^^^^^^^^^^^^^
> 14 |   DEFAULT_GUTTER_WIDTH_MM,
     | ^^^^^^^^^^^^^^^^^^^^^^^^^^
> 15 |   DEFAULT_HOUSE_ROOF_MATERIAL,
     | ^^^^^^^^^^^^^^^^^^^^^^^^^^^^^^
> 16 |   DEFAULT_SOFFIT_DEPTH_MM,
     | ^^^^^^^^^^^^^^^^^^^^^^^^^^
> 17 |   EMPTY_HOUSE_ROOF_STAGE_DIAGNOSTICS,
     | ^^^^^^^^^^^^^^^^^^^^^^^^^^^^^^^^^^^^^
> 18 |   type GeometryTopProjectionShape,
     | ^^^^^^^^^^^^^^^^^^^^^^^^^^^^^^^^^^
> 19 |   type HouseComposition,
     | ^^^^^^^^^^^^^^^^^^^^^^^^
> 20 |   type HouseRoofModelPipelineFailureStage,
     | ^^^^^^^^^^^^^^^^^^^^^^^^^^^^^^^^^^^^^^^^^^
> 21 |   type HouseRoofStageDiagnostics,
     | ^^^^^^^^^^^^^^^^^^^^^^^^^^^^^^^^^
> 22 |   type HouseModel3D,
     | ^^^^^^^^^^^^^^^^^^^^
> 23 |   type RectangleRoofIntent,
     | ^^^^^^^^^^^^^^^^^^^^^^^^^^^
> 24 |   type HouseReferenceGeometry,
     | ^^^^^^^^^^^^^^^^^^^^^^^^^^^^^^
> 25 |   type Polygon3,
     | ^^^^^^^^^^^^^^^^
> 26 |   type RawHouseInput,
     | ^^^^^^^^^^^^^^^^^^^^^
> 27 | } from "@sp/geometry";
     | ^^^^^^^^^^^^^^^^^^^^^^
  28 | import { houseFormTransformToAssemblyPosition } from "./houseFormTransform";
  29 | import { buildHouseFormRawGeometryInput } from "./houseFormRawGeometry";
  30 | import { deriveCompositionUnionPolygon3 } from "./houseFormCompositionFootprint";

The export DEFAULT_HOUSE_ROOF_MATERIAL was not found in module [project]/packages/geometry/src/index.ts [app-ssr] (ecmascript).
Did you mean to import HOUSE_ROOF_FORM_BEHAVIORS?
All exports of the module are statically known (It doesn't have dynamic exports). So it's known statically that the requested export doesn't exist.

Import traces:
  Client Component Browser:
    ./apps/portal/lib/drawings/state/houseFormGeometryInput.ts [Client Component Browser]
    ./apps/portal/lib/drawings/state/objectWorkbenchStatusModel.ts [Client Component Browser]
    ./apps/portal/lib/drawings/state/drawingWorkbenchStore.ts [Client Component Browser]
    ./apps/portal/components/projects/ProjectPage/tabs/EstimatesTab.tsx [Client Component Browser]
    ./apps/portal/components/projects/ProjectPage/ProjectMainTabs.tsx [Client Component Browser]
    ./apps/portal/components/projects/ProjectPage/ProjectPageShell.tsx [Client Component Browser]
    ./apps/portal/components/projects/ProjectPage/ProjectPageFrame.tsx [Client Component Browser]
    ./apps/portal/app/staff/projects/[projectId]/ProjectSnapshotPageClient.tsx [Client Component Browser]
    ./apps/portal/app/staff/projects/[projectId]/ProjectSnapshotPageClient.tsx [Server Component]
    ./apps/portal/app/staff/projects/[projectId]/page.tsx [Server Component]

  Client Component SSR:
    ./apps/portal/lib/drawings/state/houseFormGeometryInput.ts [Client Component SSR]
    ./apps/portal/lib/drawings/state/objectWorkbenchStatusModel.ts [Client Component SSR]
    ./apps/portal/lib/drawings/state/drawingWorkbenchStore.ts [Client Component SSR]
    ./apps/portal/components/projects/ProjectPage/tabs/EstimatesTab.tsx [Client Component SSR]
    ./apps/portal/components/projects/ProjectPage/ProjectMainTabs.tsx [Client Component SSR]
    ./apps/portal/components/projects/ProjectPage/ProjectPageShell.tsx [Client Component SSR]
    ./apps/portal/components/projects/ProjectPage/ProjectPageFrame.tsx [Client Component SSR]
    ./apps/portal/app/staff/projects/[projectId]/ProjectSnapshotPageClient.tsx [Client Component SSR]
    ./apps/portal/app/staff/projects/[projectId]/ProjectSnapshotPageClient.tsx [Server Component]
    ./apps/portal/app/staff/projects/[projectId]/page.tsx [Server Component] @ http://localhost:3001/_next/static/chunks/node_modules_next_dist_0u_w_5s._.js:1945
[ 2465792ms] [ERROR] ./apps/portal/lib/drawings/state/houseFormGeometryInput.ts:1:1
Export DEFAULT_SOFFIT_DEPTH_MM doesn't exist in target module
>  1 | import {
     | ^^^^^^^
>  2 |   applyHouseReferencePosition,
     | ^^^^^^^^^^^^^^^^^^^^^^^^^^^^^^
>  3 |   applyRoofQa,
     | ^^^^^^^^^^^^^^
>  4 |   buildHouseModel3DFromRawHouseInput,
     | ^^^^^^^^^^^^^^^^^^^^^^^^^^^^^^^^^^^^^
>  5 |   buildHouseReferenceProjectionShape,
     | ^^^^^^^^^^^^^^^^^^^^^^^^^^^^^^^^^^^^^
>  6 |   buildHouseRoofEnvelopeArtifacts,
     | ^^^^^^^^^^^^^^^^^^^^^^^^^^^^^^^^^^
>  7 |   buildHouseRoofModelPipeline,
     | ^^^^^^^^^^^^^^^^^^^^^^^^^^^^^^
>  8 |   composeFootprintFromComposition,
     | ^^^^^^^^^^^^^^^^^^^^^^^^^^^^^^^^^^
>  9 |   composeRoofFromComposition,
     | ^^^^^^^^^^^^^^^^^^^^^^^^^^^^^
> 10 |   DEFAULT_EAVE_OVERHANG_MM,
     | ^^^^^^^^^^^^^^^^^^^^^^^^^^^
> 11 |   DEFAULT_FASCIA_HEIGHT_MM,
     | ^^^^^^^^^^^^^^^^^^^^^^^^^^^
> 12 |   DEFAULT_GUTTER_DEPTH_MM,
     | ^^^^^^^^^^^^^^^^^^^^^^^^^^
> 13 |   DEFAULT_GUTTER_PROJECTION_MM,
     | ^^^^^^^^^^^^^^^^^^^^^^^^^^^^^^^
> 14 |   DEFAULT_GUTTER_WIDTH_MM,
     | ^^^^^^^^^^^^^^^^^^^^^^^^^^
> 15 |   DEFAULT_HOUSE_ROOF_MATERIAL,
     | ^^^^^^^^^^^^^^^^^^^^^^^^^^^^^^
> 16 |   DEFAULT_SOFFIT_DEPTH_MM,
     | ^^^^^^^^^^^^^^^^^^^^^^^^^^
> 17 |   EMPTY_HOUSE_ROOF_STAGE_DIAGNOSTICS,
     | ^^^^^^^^^^^^^^^^^^^^^^^^^^^^^^^^^^^^^
> 18 |   type GeometryTopProjectionShape,
     | ^^^^^^^^^^^^^^^^^^^^^^^^^^^^^^^^^^
> 19 |   type HouseComposition,
     | ^^^^^^^^^^^^^^^^^^^^^^^^
> 20 |   type HouseRoofModelPipelineFailureStage,
     | ^^^^^^^^^^^^^^^^^^^^^^^^^^^^^^^^^^^^^^^^^^
> 21 |   type HouseRoofStageDiagnostics,
     | ^^^^^^^^^^^^^^^^^^^^^^^^^^^^^^^^^
> 22 |   type HouseModel3D,
     | ^^^^^^^^^^^^^^^^^^^^
> 23 |   type RectangleRoofIntent,
     | ^^^^^^^^^^^^^^^^^^^^^^^^^^^
> 24 |   type HouseReferenceGeometry,
     | ^^^^^^^^^^^^^^^^^^^^^^^^^^^^^^
> 25 |   type Polygon3,
     | ^^^^^^^^^^^^^^^^
> 26 |   type RawHouseInput,
     | ^^^^^^^^^^^^^^^^^^^^^
> 27 | } from "@sp/geometry";
     | ^^^^^^^^^^^^^^^^^^^^^^
  28 | import { houseFormTransformToAssemblyPosition } from "./houseFormTransform";
  29 | import { buildHouseFormRawGeometryInput } from "./houseFormRawGeometry";
  30 | import { deriveCompositionUnionPolygon3 } from "./houseFormCompositionFootprint";

The export DEFAULT_SOFFIT_DEPTH_MM was not found in module [project]/packages/geometry/src/index.ts [app-client] (ecmascript).
Did you mean to import EMPTY_HOUSE_ROOF_STAGE_DIAGNOSTICS?
All exports of the module are statically known (It doesn't have dynamic exports). So it's known statically that the requested export doesn't exist.

Import traces:
  Client Component Browser:
    ./apps/portal/lib/drawings/state/houseFormGeometryInput.ts [Client Component Browser]
    ./apps/portal/lib/drawings/state/objectWorkbenchStatusModel.ts [Client Component Browser]
    ./apps/portal/lib/drawings/state/drawingWorkbenchStore.ts [Client Component Browser]
    ./apps/portal/components/projects/ProjectPage/tabs/EstimatesTab.tsx [Client Component Browser]
    ./apps/portal/components/projects/ProjectPage/ProjectMainTabs.tsx [Client Component Browser]
    ./apps/portal/components/projects/ProjectPage/ProjectPageShell.tsx [Client Component Browser]
    ./apps/portal/components/projects/ProjectPage/ProjectPageFrame.tsx [Client Component Browser]
    ./apps/portal/app/staff/projects/[projectId]/ProjectSnapshotPageClient.tsx [Client Component Browser]
    ./apps/portal/app/staff/projects/[projectId]/ProjectSnapshotPageClient.tsx [Server Component]
    ./apps/portal/app/staff/projects/[projectId]/page.tsx [Server Component]

  Client Component SSR:
    ./apps/portal/lib/drawings/state/houseFormGeometryInput.ts [Client Component SSR]
    ./apps/portal/lib/drawings/state/objectWorkbenchStatusModel.ts [Client Component SSR]
    ./apps/portal/lib/drawings/state/drawingWorkbenchStore.ts [Client Component SSR]
    ./apps/portal/components/projects/ProjectPage/tabs/EstimatesTab.tsx [Client Component SSR]
    ./apps/portal/components/projects/ProjectPage/ProjectMainTabs.tsx [Client Component SSR]
    ./apps/portal/components/projects/ProjectPage/ProjectPageShell.tsx [Client Component SSR]
    ./apps/portal/components/projects/ProjectPage/ProjectPageFrame.tsx [Client Component SSR]
    ./apps/portal/app/staff/projects/[projectId]/ProjectSnapshotPageClient.tsx [Client Component SSR]
    ./apps/portal/app/staff/projects/[projectId]/ProjectSnapshotPageClient.tsx [Server Component]
    ./apps/portal/app/staff/projects/[projectId]/page.tsx [Server Component] @ http://localhost:3001/_next/static/chunks/node_modules_next_dist_0u_w_5s._.js:1945
[ 2465792ms] [ERROR] ./apps/portal/lib/drawings/state/houseFormGeometryInput.ts:1:1
Export DEFAULT_SOFFIT_DEPTH_MM doesn't exist in target module
>  1 | import {
     | ^^^^^^^
>  2 |   applyHouseReferencePosition,
     | ^^^^^^^^^^^^^^^^^^^^^^^^^^^^^^
>  3 |   applyRoofQa,
     | ^^^^^^^^^^^^^^
>  4 |   buildHouseModel3DFromRawHouseInput,
     | ^^^^^^^^^^^^^^^^^^^^^^^^^^^^^^^^^^^^^
>  5 |   buildHouseReferenceProjectionShape,
     | ^^^^^^^^^^^^^^^^^^^^^^^^^^^^^^^^^^^^^
>  6 |   buildHouseRoofEnvelopeArtifacts,
     | ^^^^^^^^^^^^^^^^^^^^^^^^^^^^^^^^^^
>  7 |   buildHouseRoofModelPipeline,
     | ^^^^^^^^^^^^^^^^^^^^^^^^^^^^^^
>  8 |   composeFootprintFromComposition,
     | ^^^^^^^^^^^^^^^^^^^^^^^^^^^^^^^^^^
>  9 |   composeRoofFromComposition,
     | ^^^^^^^^^^^^^^^^^^^^^^^^^^^^^
> 10 |   DEFAULT_EAVE_OVERHANG_MM,
     | ^^^^^^^^^^^^^^^^^^^^^^^^^^^
> 11 |   DEFAULT_FASCIA_HEIGHT_MM,
     | ^^^^^^^^^^^^^^^^^^^^^^^^^^^
> 12 |   DEFAULT_GUTTER_DEPTH_MM,
     | ^^^^^^^^^^^^^^^^^^^^^^^^^^
> 13 |   DEFAULT_GUTTER_PROJECTION_MM,
     | ^^^^^^^^^^^^^^^^^^^^^^^^^^^^^^^
> 14 |   DEFAULT_GUTTER_WIDTH_MM,
     | ^^^^^^^^^^^^^^^^^^^^^^^^^^
> 15 |   DEFAULT_HOUSE_ROOF_MATERIAL,
     | ^^^^^^^^^^^^^^^^^^^^^^^^^^^^^^
> 16 |   DEFAULT_SOFFIT_DEPTH_MM,
     | ^^^^^^^^^^^^^^^^^^^^^^^^^^
> 17 |   EMPTY_HOUSE_ROOF_STAGE_DIAGNOSTICS,
     | ^^^^^^^^^^^^^^^^^^^^^^^^^^^^^^^^^^^^^
> 18 |   type GeometryTopProjectionShape,
     | ^^^^^^^^^^^^^^^^^^^^^^^^^^^^^^^^^^
> 19 |   type HouseComposition,
     | ^^^^^^^^^^^^^^^^^^^^^^^^
> 20 |   type HouseRoofModelPipelineFailureStage,
     | ^^^^^^^^^^^^^^^^^^^^^^^^^^^^^^^^^^^^^^^^^^
> 21 |   type HouseRoofStageDiagnostics,
     | ^^^^^^^^^^^^^^^^^^^^^^^^^^^^^^^^^
> 22 |   type HouseModel3D,
     | ^^^^^^^^^^^^^^^^^^^^
> 23 |   type RectangleRoofIntent,
     | ^^^^^^^^^^^^^^^^^^^^^^^^^^^
> 24 |   type HouseReferenceGeometry,
     | ^^^^^^^^^^^^^^^^^^^^^^^^^^^^^^
> 25 |   type Polygon3,
     | ^^^^^^^^^^^^^^^^
> 26 |   type RawHouseInput,
     | ^^^^^^^^^^^^^^^^^^^^^
> 27 | } from "@sp/geometry";
     | ^^^^^^^^^^^^^^^^^^^^^^
  28 | import { houseFormTransformToAssemblyPosition } from "./houseFormTransform";
  29 | import { buildHouseFormRawGeometryInput } from "./houseFormRawGeometry";
  30 | import { deriveCompositionUnionPolygon3 } from "./houseFormCompositionFootprint";

The export DEFAULT_SOFFIT_DEPTH_MM was not found in module [project]/packages/geometry/src/index.ts [app-ssr] (ecmascript).
Did you mean to import EMPTY_HOUSE_ROOF_STAGE_DIAGNOSTICS?
All exports of the module are statically known (It doesn't have dynamic exports). So it's known statically that the requested export doesn't exist.

Import traces:
  Client Component Browser:
    ./apps/portal/lib/drawings/state/houseFormGeometryInput.ts [Client Component Browser]
    ./apps/portal/lib/drawings/state/objectWorkbenchStatusModel.ts [Client Component Browser]
    ./apps/portal/lib/drawings/state/drawingWorkbenchStore.ts [Client Component Browser]
    ./apps/portal/components/projects/ProjectPage/tabs/EstimatesTab.tsx [Client Component Browser]
    ./apps/portal/components/projects/ProjectPage/ProjectMainTabs.tsx [Client Component Browser]
    ./apps/portal/components/projects/ProjectPage/ProjectPageShell.tsx [Client Component Browser]
    ./apps/portal/components/projects/ProjectPage/ProjectPageFrame.tsx [Client Component Browser]
    ./apps/portal/app/staff/projects/[projectId]/ProjectSnapshotPageClient.tsx [Client Component Browser]
    ./apps/portal/app/staff/projects/[projectId]/ProjectSnapshotPageClient.tsx [Server Component]
    ./apps/portal/app/staff/projects/[projectId]/page.tsx [Server Component]

  Client Component SSR:
    ./apps/portal/lib/drawings/state/houseFormGeometryInput.ts [Client Component SSR]
    ./apps/portal/lib/drawings/state/objectWorkbenchStatusModel.ts [Client Component SSR]
    ./apps/portal/lib/drawings/state/drawingWorkbenchStore.ts [Client Component SSR]
    ./apps/portal/components/projects/ProjectPage/tabs/EstimatesTab.tsx [Client Component SSR]
    ./apps/portal/components/projects/ProjectPage/ProjectMainTabs.tsx [Client Component SSR]
    ./apps/portal/components/projects/ProjectPage/ProjectPageShell.tsx [Client Component SSR]
    ./apps/portal/components/projects/ProjectPage/ProjectPageFrame.tsx [Client Component SSR]
    ./apps/portal/app/staff/projects/[projectId]/ProjectSnapshotPageClient.tsx [Client Component SSR]
    ./apps/portal/app/staff/projects/[projectId]/ProjectSnapshotPageClient.tsx [Server Component]
    ./apps/portal/app/staff/projects/[projectId]/page.tsx [Server Component] @ http://localhost:3001/_next/static/chunks/node_modules_next_dist_0u_w_5s._.js:1945
[ 2465792ms] [ERROR] ./apps/portal/lib/drawings/state/houseFormGeometryInput.ts:1:1
Export buildHouseRoofEnvelopeArtifacts doesn't exist in target module
>  1 | import {
     | ^^^^^^^
>  2 |   applyHouseReferencePosition,
     | ^^^^^^^^^^^^^^^^^^^^^^^^^^^^^^
>  3 |   applyRoofQa,
     | ^^^^^^^^^^^^^^
>  4 |   buildHouseModel3DFromRawHouseInput,
     | ^^^^^^^^^^^^^^^^^^^^^^^^^^^^^^^^^^^^^
>  5 |   buildHouseReferenceProjectionShape,
     | ^^^^^^^^^^^^^^^^^^^^^^^^^^^^^^^^^^^^^
>  6 |   buildHouseRoofEnvelopeArtifacts,
     | ^^^^^^^^^^^^^^^^^^^^^^^^^^^^^^^^^^
>  7 |   buildHouseRoofModelPipeline,
     | ^^^^^^^^^^^^^^^^^^^^^^^^^^^^^^
>  8 |   composeFootprintFromComposition,
     | ^^^^^^^^^^^^^^^^^^^^^^^^^^^^^^^^^^
>  9 |   composeRoofFromComposition,
     | ^^^^^^^^^^^^^^^^^^^^^^^^^^^^^
> 10 |   DEFAULT_EAVE_OVERHANG_MM,
     | ^^^^^^^^^^^^^^^^^^^^^^^^^^^
> 11 |   DEFAULT_FASCIA_HEIGHT_MM,
     | ^^^^^^^^^^^^^^^^^^^^^^^^^^^
> 12 |   DEFAULT_GUTTER_DEPTH_MM,
     | ^^^^^^^^^^^^^^^^^^^^^^^^^^
> 13 |   DEFAULT_GUTTER_PROJECTION_MM,
     | ^^^^^^^^^^^^^^^^^^^^^^^^^^^^^^^
> 14 |   DEFAULT_GUTTER_WIDTH_MM,
     | ^^^^^^^^^^^^^^^^^^^^^^^^^^
> 15 |   DEFAULT_HOUSE_ROOF_MATERIAL,
     | ^^^^^^^^^^^^^^^^^^^^^^^^^^^^^^
> 16 |   DEFAULT_SOFFIT_DEPTH_MM,
     | ^^^^^^^^^^^^^^^^^^^^^^^^^^
> 17 |   EMPTY_HOUSE_ROOF_STAGE_DIAGNOSTICS,
     | ^^^^^^^^^^^^^^^^^^^^^^^^^^^^^^^^^^^^^
> 18 |   type GeometryTopProjectionShape,
     | ^^^^^^^^^^^^^^^^^^^^^^^^^^^^^^^^^^
> 19 |   type HouseComposition,
     | ^^^^^^^^^^^^^^^^^^^^^^^^
> 20 |   type HouseRoofModelPipelineFailureStage,
     | ^^^^^^^^^^^^^^^^^^^^^^^^^^^^^^^^^^^^^^^^^^
> 21 |   type HouseRoofStageDiagnostics,
     | ^^^^^^^^^^^^^^^^^^^^^^^^^^^^^^^^^
> 22 |   type HouseModel3D,
     | ^^^^^^^^^^^^^^^^^^^^
> 23 |   type RectangleRoofIntent,
     | ^^^^^^^^^^^^^^^^^^^^^^^^^^^
> 24 |   type HouseReferenceGeometry,
     | ^^^^^^^^^^^^^^^^^^^^^^^^^^^^^^
> 25 |   type Polygon3,
     | ^^^^^^^^^^^^^^^^
> 26 |   type RawHouseInput,
     | ^^^^^^^^^^^^^^^^^^^^^
> 27 | } from "@sp/geometry";
     | ^^^^^^^^^^^^^^^^^^^^^^
  28 | import { houseFormTransformToAssemblyPosition } from "./houseFormTransform";
  29 | import { buildHouseFormRawGeometryInput } from "./houseFormRawGeometry";
  30 | import { deriveCompositionUnionPolygon3 } from "./houseFormCompositionFootprint";

The export buildHouseRoofEnvelopeArtifacts was not found in module [project]/packages/geometry/src/index.ts [app-client] (ecmascript).
Did you mean to import buildHouseRoofModelPipeline?
All exports of the module are statically known (It doesn't have dynamic exports). So it's known statically that the requested export doesn't exist.

Import traces:
  Client Component Browser:
    ./apps/portal/lib/drawings/state/houseFormGeometryInput.ts [Client Component Browser]
    ./apps/portal/lib/drawings/state/objectWorkbenchStatusModel.ts [Client Component Browser]
    ./apps/portal/lib/drawings/state/drawingWorkbenchStore.ts [Client Component Browser]
    ./apps/portal/components/projects/ProjectPage/tabs/EstimatesTab.tsx [Client Component Browser]
    ./apps/portal/components/projects/ProjectPage/ProjectMainTabs.tsx [Client Component Browser]
    ./apps/portal/components/projects/ProjectPage/ProjectPageShell.tsx [Client Component Browser]
    ./apps/portal/components/projects/ProjectPage/ProjectPageFrame.tsx [Client Component Browser]
    ./apps/portal/app/staff/projects/[projectId]/ProjectSnapshotPageClient.tsx [Client Component Browser]
    ./apps/portal/app/staff/projects/[projectId]/ProjectSnapshotPageClient.tsx [Server Component]
    ./apps/portal/app/staff/projects/[projectId]/page.tsx [Server Component]

  Client Component SSR:
    ./apps/portal/lib/drawings/state/houseFormGeometryInput.ts [Client Component SSR]
    ./apps/portal/lib/drawings/state/objectWorkbenchStatusModel.ts [Client Component SSR]
    ./apps/portal/lib/drawings/state/drawingWorkbenchStore.ts [Client Component SSR]
    ./apps/portal/components/projects/ProjectPage/tabs/EstimatesTab.tsx [Client Component SSR]
    ./apps/portal/components/projects/ProjectPage/ProjectMainTabs.tsx [Client Component SSR]
    ./apps/portal/components/projects/ProjectPage/ProjectPageShell.tsx [Client Component SSR]
    ./apps/portal/components/projects/ProjectPage/ProjectPageFrame.tsx [Client Component SSR]
    ./apps/portal/app/staff/projects/[projectId]/ProjectSnapshotPageClient.tsx [Client Component SSR]
    ./apps/portal/app/staff/projects/[projectId]/ProjectSnapshotPageClient.tsx [Server Component]
    ./apps/portal/app/staff/projects/[projectId]/page.tsx [Server Component] @ http://localhost:3001/_next/static/chunks/node_modules_next_dist_0u_w_5s._.js:1945
[ 2465792ms] [ERROR] ./apps/portal/lib/drawings/state/houseFormGeometryInput.ts:1:1
Export buildHouseRoofEnvelopeArtifacts doesn't exist in target module
>  1 | import {
     | ^^^^^^^
>  2 |   applyHouseReferencePosition,
     | ^^^^^^^^^^^^^^^^^^^^^^^^^^^^^^
>  3 |   applyRoofQa,
     | ^^^^^^^^^^^^^^
>  4 |   buildHouseModel3DFromRawHouseInput,
     | ^^^^^^^^^^^^^^^^^^^^^^^^^^^^^^^^^^^^^
>  5 |   buildHouseReferenceProjectionShape,
     | ^^^^^^^^^^^^^^^^^^^^^^^^^^^^^^^^^^^^^
>  6 |   buildHouseRoofEnvelopeArtifacts,
     | ^^^^^^^^^^^^^^^^^^^^^^^^^^^^^^^^^^
>  7 |   buildHouseRoofModelPipeline,
     | ^^^^^^^^^^^^^^^^^^^^^^^^^^^^^^
>  8 |   composeFootprintFromComposition,
     | ^^^^^^^^^^^^^^^^^^^^^^^^^^^^^^^^^^
>  9 |   composeRoofFromComposition,
     | ^^^^^^^^^^^^^^^^^^^^^^^^^^^^^
> 10 |   DEFAULT_EAVE_OVERHANG_MM,
     | ^^^^^^^^^^^^^^^^^^^^^^^^^^^
> 11 |   DEFAULT_FASCIA_HEIGHT_MM,
     | ^^^^^^^^^^^^^^^^^^^^^^^^^^^
> 12 |   DEFAULT_GUTTER_DEPTH_MM,
     | ^^^^^^^^^^^^^^^^^^^^^^^^^^
> 13 |   DEFAULT_GUTTER_PROJECTION_MM,
     | ^^^^^^^^^^^^^^^^^^^^^^^^^^^^^^^
> 14 |   DEFAULT_GUTTER_WIDTH_MM,
     | ^^^^^^^^^^^^^^^^^^^^^^^^^^
> 15 |   DEFAULT_HOUSE_ROOF_MATERIAL,
     | ^^^^^^^^^^^^^^^^^^^^^^^^^^^^^^
> 16 |   DEFAULT_SOFFIT_DEPTH_MM,
     | ^^^^^^^^^^^^^^^^^^^^^^^^^^
> 17 |   EMPTY_HOUSE_ROOF_STAGE_DIAGNOSTICS,
     | ^^^^^^^^^^^^^^^^^^^^^^^^^^^^^^^^^^^^^
> 18 |   type GeometryTopProjectionShape,
     | ^^^^^^^^^^^^^^^^^^^^^^^^^^^^^^^^^^
> 19 |   type HouseComposition,
     | ^^^^^^^^^^^^^^^^^^^^^^^^
> 20 |   type HouseRoofModelPipelineFailureStage,
     | ^^^^^^^^^^^^^^^^^^^^^^^^^^^^^^^^^^^^^^^^^^
> 21 |   type HouseRoofStageDiagnostics,
     | ^^^^^^^^^^^^^^^^^^^^^^^^^^^^^^^^^
> 22 |   type HouseModel3D,
     | ^^^^^^^^^^^^^^^^^^^^
> 23 |   type RectangleRoofIntent,
     | ^^^^^^^^^^^^^^^^^^^^^^^^^^^
> 24 |   type HouseReferenceGeometry,
     | ^^^^^^^^^^^^^^^^^^^^^^^^^^^^^^
> 25 |   type Polygon3,
     | ^^^^^^^^^^^^^^^^
> 26 |   type RawHouseInput,
     | ^^^^^^^^^^^^^^^^^^^^^
> 27 | } from "@sp/geometry";
     | ^^^^^^^^^^^^^^^^^^^^^^
  28 | import { houseFormTransformToAssemblyPosition } from "./houseFormTransform";
  29 | import { buildHouseFormRawGeometryInput } from "./houseFormRawGeometry";
  30 | import { deriveCompositionUnionPolygon3 } from "./houseFormCompositionFootprint";

The export buildHouseRoofEnvelopeArtifacts was not found in module [project]/packages/geometry/src/index.ts [app-ssr] (ecmascript).
Did you mean to import buildHouseRoofModelPipeline?
All exports of the module are statically known (It doesn't have dynamic exports). So it's known statically that the requested export doesn't exist.

Import traces:
  Client Component Browser:
    ./apps/portal/lib/drawings/state/houseFormGeometryInput.ts [Client Component Browser]
    ./apps/portal/lib/drawings/state/objectWorkbenchStatusModel.ts [Client Component Browser]
    ./apps/portal/lib/drawings/state/drawingWorkbenchStore.ts [Client Component Browser]
    ./apps/portal/components/projects/ProjectPage/tabs/EstimatesTab.tsx [Client Component Browser]
    ./apps/portal/components/projects/ProjectPage/ProjectMainTabs.tsx [Client Component Browser]
    ./apps/portal/components/projects/ProjectPage/ProjectPageShell.tsx [Client Component Browser]
    ./apps/portal/components/projects/ProjectPage/ProjectPageFrame.tsx [Client Component Browser]
    ./apps/portal/app/staff/projects/[projectId]/ProjectSnapshotPageClient.tsx [Client Component Browser]
    ./apps/portal/app/staff/projects/[projectId]/ProjectSnapshotPageClient.tsx [Server Component]
    ./apps/portal/app/staff/projects/[projectId]/page.tsx [Server Component]

  Client Component SSR:
    ./apps/portal/lib/drawings/state/houseFormGeometryInput.ts [Client Component SSR]
    ./apps/portal/lib/drawings/state/objectWorkbenchStatusModel.ts [Client Component SSR]
    ./apps/portal/lib/drawings/state/drawingWorkbenchStore.ts [Client Component SSR]
    ./apps/portal/components/projects/ProjectPage/tabs/EstimatesTab.tsx [Client Component SSR]
    ./apps/portal/components/projects/ProjectPage/ProjectMainTabs.tsx [Client Component SSR]
    ./apps/portal/components/projects/ProjectPage/ProjectPageShell.tsx [Client Component SSR]
    ./apps/portal/components/projects/ProjectPage/ProjectPageFrame.tsx [Client Component SSR]
    ./apps/portal/app/staff/projects/[projectId]/ProjectSnapshotPageClient.tsx [Client Component SSR]
    ./apps/portal/app/staff/projects/[projectId]/ProjectSnapshotPageClient.tsx [Server Component]
    ./apps/portal/app/staff/projects/[projectId]/page.tsx [Server Component] @ http://localhost:3001/_next/static/chunks/node_modules_next_dist_0u_w_5s._.js:1945
[ 2465792ms] [ERROR] ./apps/portal/lib/drawings/state/houseFormGeometryInput.ts:1:1
Export DEFAULT_EAVE_OVERHANG_MM doesn't exist in target module
>  1 | import {
     | ^^^^^^^
>  2 |   applyHouseReferencePosition,
     | ^^^^^^^^^^^^^^^^^^^^^^^^^^^^^^
>  3 |   applyRoofQa,
     | ^^^^^^^^^^^^^^
>  4 |   buildHouseModel3DFromRawHouseInput,
     | ^^^^^^^^^^^^^^^^^^^^^^^^^^^^^^^^^^^^^
>  5 |   buildHouseReferenceProjectionShape,
     | ^^^^^^^^^^^^^^^^^^^^^^^^^^^^^^^^^^^^^
>  6 |   buildHouseRoofEnvelopeArtifacts,
     | ^^^^^^^^^^^^^^^^^^^^^^^^^^^^^^^^^^
>  7 |   buildHouseRoofModelPipeline,
     | ^^^^^^^^^^^^^^^^^^^^^^^^^^^^^^
>  8 |   composeFootprintFromComposition,
     | ^^^^^^^^^^^^^^^^^^^^^^^^^^^^^^^^^^
>  9 |   composeRoofFromComposition,
     | ^^^^^^^^^^^^^^^^^^^^^^^^^^^^^
> 10 |   DEFAULT_EAVE_OVERHANG_MM,
     | ^^^^^^^^^^^^^^^^^^^^^^^^^^^
> 11 |   DEFAULT_FASCIA_HEIGHT_MM,
     | ^^^^^^^^^^^^^^^^^^^^^^^^^^^
> 12 |   DEFAULT_GUTTER_DEPTH_MM,
     | ^^^^^^^^^^^^^^^^^^^^^^^^^^
> 13 |   DEFAULT_GUTTER_PROJECTION_MM,
     | ^^^^^^^^^^^^^^^^^^^^^^^^^^^^^^^
> 14 |   DEFAULT_GUTTER_WIDTH_MM,
     | ^^^^^^^^^^^^^^^^^^^^^^^^^^
> 15 |   DEFAULT_HOUSE_ROOF_MATERIAL,
     | ^^^^^^^^^^^^^^^^^^^^^^^^^^^^^^
> 16 |   DEFAULT_SOFFIT_DEPTH_MM,
     | ^^^^^^^^^^^^^^^^^^^^^^^^^^
> 17 |   EMPTY_HOUSE_ROOF_STAGE_DIAGNOSTICS,
     | ^^^^^^^^^^^^^^^^^^^^^^^^^^^^^^^^^^^^^
> 18 |   type GeometryTopProjectionShape,
     | ^^^^^^^^^^^^^^^^^^^^^^^^^^^^^^^^^^
> 19 |   type HouseComposition,
     | ^^^^^^^^^^^^^^^^^^^^^^^^
> 20 |   type HouseRoofModelPipelineFailureStage,
     | ^^^^^^^^^^^^^^^^^^^^^^^^^^^^^^^^^^^^^^^^^^
> 21 |   type HouseRoofStageDiagnostics,
     | ^^^^^^^^^^^^^^^^^^^^^^^^^^^^^^^^^
> 22 |   type HouseModel3D,
     | ^^^^^^^^^^^^^^^^^^^^
> 23 |   type RectangleRoofIntent,
     | ^^^^^^^^^^^^^^^^^^^^^^^^^^^
> 24 |   type HouseReferenceGeometry,
     | ^^^^^^^^^^^^^^^^^^^^^^^^^^^^^^
> 25 |   type Polygon3,
     | ^^^^^^^^^^^^^^^^
> 26 |   type RawHouseInput,
     | ^^^^^^^^^^^^^^^^^^^^^
> 27 | } from "@sp/geometry";
     | ^^^^^^^^^^^^^^^^^^^^^^
  28 | import { houseFormTransformToAssemblyPosition } from "./houseFormTransform";
  29 | import { buildHouseFormRawGeometryInput } from "./houseFormRawGeometry";
  30 | import { deriveCompositionUnionPolygon3 } from "./houseFormCompositionFootprint";

The export DEFAULT_EAVE_OVERHANG_MM was not found in module [project]/packages/geometry/src/index.ts [app-client] (ecmascript).
Did you mean to import EMPTY_HOUSE_ROOF_STAGE_DIAGNOSTICS?
All exports of the module are statically known (It doesn't have dynamic exports). So it's known statically that the requested export doesn't exist.

Import traces:
  Client Component Browser:
    ./apps/portal/lib/drawings/state/houseFormGeometryInput.ts [Client Component Browser]
    ./apps/portal/lib/drawings/state/objectWorkbenchStatusModel.ts [Client Component Browser]
    ./apps/portal/lib/drawings/state/drawingWorkbenchStore.ts [Client Component Browser]
    ./apps/portal/app/staff/projects/[projectId]/design-workbench/DesignWorkbenchEstimateClient.tsx [Client Component Browser]
    ./apps/portal/app/staff/projects/[projectId]/design-workbench/DesignWorkbenchEstimateClient.tsx [Server Component]
    ./apps/portal/app/staff/projects/[projectId]/design-workbench/page.tsx [Server Component]

  Client Component SSR:
    ./apps/portal/lib/drawings/state/houseFormGeometryInput.ts [Client Component SSR]
    ./apps/portal/lib/drawings/state/objectWorkbenchStatusModel.ts [Client Component SSR]
    ./apps/portal/lib/drawings/state/drawingWorkbenchStore.ts [Client Component SSR]
    ./apps/portal/app/staff/projects/[projectId]/design-workbench/DesignWorkbenchEstimateClient.tsx [Client Component SSR]
    ./apps/portal/app/staff/projects/[projectId]/design-workbench/DesignWorkbenchEstimateClient.tsx [Server Component]
    ./apps/portal/app/staff/projects/[projectId]/design-workbench/page.tsx [Server Component] @ http://localhost:3001/_next/static/chunks/node_modules_next_dist_0u_w_5s._.js:1945
[ 2465792ms] [ERROR] ./apps/portal/lib/drawings/state/houseFormGeometryInput.ts:1:1
Export DEFAULT_EAVE_OVERHANG_MM doesn't exist in target module
>  1 | import {
     | ^^^^^^^
>  2 |   applyHouseReferencePosition,
     | ^^^^^^^^^^^^^^^^^^^^^^^^^^^^^^
>  3 |   applyRoofQa,
     | ^^^^^^^^^^^^^^
>  4 |   buildHouseModel3DFromRawHouseInput,
     | ^^^^^^^^^^^^^^^^^^^^^^^^^^^^^^^^^^^^^
>  5 |   buildHouseReferenceProjectionShape,
     | ^^^^^^^^^^^^^^^^^^^^^^^^^^^^^^^^^^^^^
>  6 |   buildHouseRoofEnvelopeArtifacts,
     | ^^^^^^^^^^^^^^^^^^^^^^^^^^^^^^^^^^
>  7 |   buildHouseRoofModelPipeline,
     | ^^^^^^^^^^^^^^^^^^^^^^^^^^^^^^
>  8 |   composeFootprintFromComposition,
     | ^^^^^^^^^^^^^^^^^^^^^^^^^^^^^^^^^^
>  9 |   composeRoofFromComposition,
     | ^^^^^^^^^^^^^^^^^^^^^^^^^^^^^
> 10 |   DEFAULT_EAVE_OVERHANG_MM,
     | ^^^^^^^^^^^^^^^^^^^^^^^^^^^
> 11 |   DEFAULT_FASCIA_HEIGHT_MM,
     | ^^^^^^^^^^^^^^^^^^^^^^^^^^^
> 12 |   DEFAULT_GUTTER_DEPTH_MM,
     | ^^^^^^^^^^^^^^^^^^^^^^^^^^
> 13 |   DEFAULT_GUTTER_PROJECTION_MM,
     | ^^^^^^^^^^^^^^^^^^^^^^^^^^^^^^^
> 14 |   DEFAULT_GUTTER_WIDTH_MM,
     | ^^^^^^^^^^^^^^^^^^^^^^^^^^
> 15 |   DEFAULT_HOUSE_ROOF_MATERIAL,
     | ^^^^^^^^^^^^^^^^^^^^^^^^^^^^^^
> 16 |   DEFAULT_SOFFIT_DEPTH_MM,
     | ^^^^^^^^^^^^^^^^^^^^^^^^^^
> 17 |   EMPTY_HOUSE_ROOF_STAGE_DIAGNOSTICS,
     | ^^^^^^^^^^^^^^^^^^^^^^^^^^^^^^^^^^^^^
> 18 |   type GeometryTopProjectionShape,
     | ^^^^^^^^^^^^^^^^^^^^^^^^^^^^^^^^^^
> 19 |   type HouseComposition,
     | ^^^^^^^^^^^^^^^^^^^^^^^^
> 20 |   type HouseRoofModelPipelineFailureStage,
     | ^^^^^^^^^^^^^^^^^^^^^^^^^^^^^^^^^^^^^^^^^^
> 21 |   type HouseRoofStageDiagnostics,
     | ^^^^^^^^^^^^^^^^^^^^^^^^^^^^^^^^^
> 22 |   type HouseModel3D,
     | ^^^^^^^^^^^^^^^^^^^^
> 23 |   type RectangleRoofIntent,
     | ^^^^^^^^^^^^^^^^^^^^^^^^^^^
> 24 |   type HouseReferenceGeometry,
     | ^^^^^^^^^^^^^^^^^^^^^^^^^^^^^^
> 25 |   type Polygon3,
     | ^^^^^^^^^^^^^^^^
> 26 |   type RawHouseInput,
     | ^^^^^^^^^^^^^^^^^^^^^
> 27 | } from "@sp/geometry";
     | ^^^^^^^^^^^^^^^^^^^^^^
  28 | import { houseFormTransformToAssemblyPosition } from "./houseFormTransform";
  29 | import { buildHouseFormRawGeometryInput } from "./houseFormRawGeometry";
  30 | import { deriveCompositionUnionPolygon3 } from "./houseFormCompositionFootprint";

The export DEFAULT_EAVE_OVERHANG_MM was not found in module [project]/packages/geometry/src/index.ts [app-ssr] (ecmascript).
Did you mean to import EMPTY_HOUSE_ROOF_STAGE_DIAGNOSTICS?
All exports of the module are statically known (It doesn't have dynamic exports). So it's known statically that the requested export doesn't exist.

Import traces:
  Client Component Browser:
    ./apps/portal/lib/drawings/state/houseFormGeometryInput.ts [Client Component Browser]
    ./apps/portal/lib/drawings/state/objectWorkbenchStatusModel.ts [Client Component Browser]
    ./apps/portal/lib/drawings/state/drawingWorkbenchStore.ts [Client Component Browser]
    ./apps/portal/app/staff/projects/[projectId]/design-workbench/DesignWorkbenchEstimateClient.tsx [Client Component Browser]
    ./apps/portal/app/staff/projects/[projectId]/design-workbench/DesignWorkbenchEstimateClient.tsx [Server Component]
    ./apps/portal/app/staff/projects/[projectId]/design-workbench/page.tsx [Server Component]

  Client Component SSR:
    ./apps/portal/lib/drawings/state/houseFormGeometryInput.ts [Client Component SSR]
    ./apps/portal/lib/drawings/state/objectWorkbenchStatusModel.ts [Client Component SSR]
    ./apps/portal/lib/drawings/state/drawingWorkbenchStore.ts [Client Component SSR]
    ./apps/portal/app/staff/projects/[projectId]/design-workbench/DesignWorkbenchEstimateClient.tsx [Client Component SSR]
    ./apps/portal/app/staff/projects/[projectId]/design-workbench/DesignWorkbenchEstimateClient.tsx [Server Component]
    ./apps/portal/app/staff/projects/[projectId]/design-workbench/page.tsx [Server Component] @ http://localhost:3001/_next/static/chunks/node_modules_next_dist_0u_w_5s._.js:1945
[ 2465792ms] [ERROR] ./apps/portal/lib/drawings/state/houseFormGeometryInput.ts:1:1
Export DEFAULT_FASCIA_HEIGHT_MM doesn't exist in target module
>  1 | import {
     | ^^^^^^^
>  2 |   applyHouseReferencePosition,
     | ^^^^^^^^^^^^^^^^^^^^^^^^^^^^^^
>  3 |   applyRoofQa,
     | ^^^^^^^^^^^^^^
>  4 |   buildHouseModel3DFromRawHouseInput,
     | ^^^^^^^^^^^^^^^^^^^^^^^^^^^^^^^^^^^^^
>  5 |   buildHouseReferenceProjectionShape,
     | ^^^^^^^^^^^^^^^^^^^^^^^^^^^^^^^^^^^^^
>  6 |   buildHouseRoofEnvelopeArtifacts,
     | ^^^^^^^^^^^^^^^^^^^^^^^^^^^^^^^^^^
>  7 |   buildHouseRoofModelPipeline,
     | ^^^^^^^^^^^^^^^^^^^^^^^^^^^^^^
>  8 |   composeFootprintFromComposition,
     | ^^^^^^^^^^^^^^^^^^^^^^^^^^^^^^^^^^
>  9 |   composeRoofFromComposition,
     | ^^^^^^^^^^^^^^^^^^^^^^^^^^^^^
> 10 |   DEFAULT_EAVE_OVERHANG_MM,
     | ^^^^^^^^^^^^^^^^^^^^^^^^^^^
> 11 |   DEFAULT_FASCIA_HEIGHT_MM,
     | ^^^^^^^^^^^^^^^^^^^^^^^^^^^
> 12 |   DEFAULT_GUTTER_DEPTH_MM,
     | ^^^^^^^^^^^^^^^^^^^^^^^^^^
> 13 |   DEFAULT_GUTTER_PROJECTION_MM,
     | ^^^^^^^^^^^^^^^^^^^^^^^^^^^^^^^
> 14 |   DEFAULT_GUTTER_WIDTH_MM,
     | ^^^^^^^^^^^^^^^^^^^^^^^^^^
> 15 |   DEFAULT_HOUSE_ROOF_MATERIAL,
     | ^^^^^^^^^^^^^^^^^^^^^^^^^^^^^^
> 16 |   DEFAULT_SOFFIT_DEPTH_MM,
     | ^^^^^^^^^^^^^^^^^^^^^^^^^^
> 17 |   EMPTY_HOUSE_ROOF_STAGE_DIAGNOSTICS,
     | ^^^^^^^^^^^^^^^^^^^^^^^^^^^^^^^^^^^^^
> 18 |   type GeometryTopProjectionShape,
     | ^^^^^^^^^^^^^^^^^^^^^^^^^^^^^^^^^^
> 19 |   type HouseComposition,
     | ^^^^^^^^^^^^^^^^^^^^^^^^
> 20 |   type HouseRoofModelPipelineFailureStage,
     | ^^^^^^^^^^^^^^^^^^^^^^^^^^^^^^^^^^^^^^^^^^
> 21 |   type HouseRoofStageDiagnostics,
     | ^^^^^^^^^^^^^^^^^^^^^^^^^^^^^^^^^
> 22 |   type HouseModel3D,
     | ^^^^^^^^^^^^^^^^^^^^
> 23 |   type RectangleRoofIntent,
     | ^^^^^^^^^^^^^^^^^^^^^^^^^^^
> 24 |   type HouseReferenceGeometry,
     | ^^^^^^^^^^^^^^^^^^^^^^^^^^^^^^
> 25 |   type Polygon3,
     | ^^^^^^^^^^^^^^^^
> 26 |   type RawHouseInput,
     | ^^^^^^^^^^^^^^^^^^^^^
> 27 | } from "@sp/geometry";
     | ^^^^^^^^^^^^^^^^^^^^^^
  28 | import { houseFormTransformToAssemblyPosition } from "./houseFormTransform";
  29 | import { buildHouseFormRawGeometryInput } from "./houseFormRawGeometry";
  30 | import { deriveCompositionUnionPolygon3 } from "./houseFormCompositionFootprint";

The export DEFAULT_FASCIA_HEIGHT_MM was not found in module [project]/packages/geometry/src/index.ts [app-client] (ecmascript).
Did you mean to import EMPTY_HOUSE_ROOF_STAGE_DIAGNOSTICS?
All exports of the module are statically known (It doesn't have dynamic exports). So it's known statically that the requested export doesn't exist.

Import traces:
  Client Component Browser:
    ./apps/portal/lib/drawings/state/houseFormGeometryInput.ts [Client Component Browser]
    ./apps/portal/lib/drawings/state/objectWorkbenchStatusModel.ts [Client Component Browser]
    ./apps/portal/lib/drawings/state/drawingWorkbenchStore.ts [Client Component Browser]
    ./apps/portal/app/staff/projects/[projectId]/design-workbench/DesignWorkbenchEstimateClient.tsx [Client Component Browser]
    ./apps/portal/app/staff/projects/[projectId]/design-workbench/DesignWorkbenchEstimateClient.tsx [Server Component]
    ./apps/portal/app/staff/projects/[projectId]/design-workbench/page.tsx [Server Component]

  Client Component SSR:
    ./apps/portal/lib/drawings/state/houseFormGeometryInput.ts [Client Component SSR]
    ./apps/portal/lib/drawings/state/objectWorkbenchStatusModel.ts [Client Component SSR]
    ./apps/portal/lib/drawings/state/drawingWorkbenchStore.ts [Client Component SSR]
    ./apps/portal/app/staff/projects/[projectId]/design-workbench/DesignWorkbenchEstimateClient.tsx [Client Component SSR]
    ./apps/portal/app/staff/projects/[projectId]/design-workbench/DesignWorkbenchEstimateClient.tsx [Server Component]
    ./apps/portal/app/staff/projects/[projectId]/design-workbench/page.tsx [Server Component] @ http://localhost:3001/_next/static/chunks/node_modules_next_dist_0u_w_5s._.js:1945
[ 2465793ms] [ERROR] ./apps/portal/lib/drawings/state/houseFormGeometryInput.ts:1:1
Export DEFAULT_FASCIA_HEIGHT_MM doesn't exist in target module
>  1 | import {
     | ^^^^^^^
>  2 |   applyHouseReferencePosition,
     | ^^^^^^^^^^^^^^^^^^^^^^^^^^^^^^
>  3 |   applyRoofQa,
     | ^^^^^^^^^^^^^^
>  4 |   buildHouseModel3DFromRawHouseInput,
     | ^^^^^^^^^^^^^^^^^^^^^^^^^^^^^^^^^^^^^
>  5 |   buildHouseReferenceProjectionShape,
     | ^^^^^^^^^^^^^^^^^^^^^^^^^^^^^^^^^^^^^
>  6 |   buildHouseRoofEnvelopeArtifacts,
     | ^^^^^^^^^^^^^^^^^^^^^^^^^^^^^^^^^^
>  7 |   buildHouseRoofModelPipeline,
     | ^^^^^^^^^^^^^^^^^^^^^^^^^^^^^^
>  8 |   composeFootprintFromComposition,
     | ^^^^^^^^^^^^^^^^^^^^^^^^^^^^^^^^^^
>  9 |   composeRoofFromComposition,
     | ^^^^^^^^^^^^^^^^^^^^^^^^^^^^^
> 10 |   DEFAULT_EAVE_OVERHANG_MM,
     | ^^^^^^^^^^^^^^^^^^^^^^^^^^^
> 11 |   DEFAULT_FASCIA_HEIGHT_MM,
     | ^^^^^^^^^^^^^^^^^^^^^^^^^^^
> 12 |   DEFAULT_GUTTER_DEPTH_MM,
     | ^^^^^^^^^^^^^^^^^^^^^^^^^^
> 13 |   DEFAULT_GUTTER_PROJECTION_MM,
     | ^^^^^^^^^^^^^^^^^^^^^^^^^^^^^^^
> 14 |   DEFAULT_GUTTER_WIDTH_MM,
     | ^^^^^^^^^^^^^^^^^^^^^^^^^^
> 15 |   DEFAULT_HOUSE_ROOF_MATERIAL,
     | ^^^^^^^^^^^^^^^^^^^^^^^^^^^^^^
> 16 |   DEFAULT_SOFFIT_DEPTH_MM,
     | ^^^^^^^^^^^^^^^^^^^^^^^^^^
> 17 |   EMPTY_HOUSE_ROOF_STAGE_DIAGNOSTICS,
     | ^^^^^^^^^^^^^^^^^^^^^^^^^^^^^^^^^^^^^
> 18 |   type GeometryTopProjectionShape,
     | ^^^^^^^^^^^^^^^^^^^^^^^^^^^^^^^^^^
> 19 |   type HouseComposition,
     | ^^^^^^^^^^^^^^^^^^^^^^^^
> 20 |   type HouseRoofModelPipelineFailureStage,
     | ^^^^^^^^^^^^^^^^^^^^^^^^^^^^^^^^^^^^^^^^^^
> 21 |   type HouseRoofStageDiagnostics,
     | ^^^^^^^^^^^^^^^^^^^^^^^^^^^^^^^^^
> 22 |   type HouseModel3D,
     | ^^^^^^^^^^^^^^^^^^^^
> 23 |   type RectangleRoofIntent,
     | ^^^^^^^^^^^^^^^^^^^^^^^^^^^
> 24 |   type HouseReferenceGeometry,
     | ^^^^^^^^^^^^^^^^^^^^^^^^^^^^^^
> 25 |   type Polygon3,
     | ^^^^^^^^^^^^^^^^
> 26 |   type RawHouseInput,
     | ^^^^^^^^^^^^^^^^^^^^^
> 27 | } from "@sp/geometry";
     | ^^^^^^^^^^^^^^^^^^^^^^
  28 | import { houseFormTransformToAssemblyPosition } from "./houseFormTransform";
  29 | import { buildHouseFormRawGeometryInput } from "./houseFormRawGeometry";
  30 | import { deriveCompositionUnionPolygon3 } from "./houseFormCompositionFootprint";

The export DEFAULT_FASCIA_HEIGHT_MM was not found in module [project]/packages/geometry/src/index.ts [app-ssr] (ecmascript).
Did you mean to import EMPTY_HOUSE_ROOF_STAGE_DIAGNOSTICS?
All exports of the module are statically known (It doesn't have dynamic exports). So it's known statically that the requested export doesn't exist.

Import traces:
  Client Component Browser:
    ./apps/portal/lib/drawings/state/houseFormGeometryInput.ts [Client Component Browser]
    ./apps/portal/lib/drawings/state/objectWorkbenchStatusModel.ts [Client Component Browser]
    ./apps/portal/lib/drawings/state/drawingWorkbenchStore.ts [Client Component Browser]
    ./apps/portal/app/staff/projects/[projectId]/design-workbench/DesignWorkbenchEstimateClient.tsx [Client Component Browser]
    ./apps/portal/app/staff/projects/[projectId]/design-workbench/DesignWorkbenchEstimateClient.tsx [Server Component]
    ./apps/portal/app/staff/projects/[projectId]/design-workbench/page.tsx [Server Component]

  Client Component SSR:
    ./apps/portal/lib/drawings/state/houseFormGeometryInput.ts [Client Component SSR]
    ./apps/portal/lib/drawings/state/objectWorkbenchStatusModel.ts [Client Component SSR]
    ./apps/portal/lib/drawings/state/drawingWorkbenchStore.ts [Client Component SSR]
    ./apps/portal/app/staff/projects/[projectId]/design-workbench/DesignWorkbenchEstimateClient.tsx [Client Component SSR]
    ./apps/portal/app/staff/projects/[projectId]/design-workbench/DesignWorkbenchEstimateClient.tsx [Server Component]
    ./apps/portal/app/staff/projects/[projectId]/design-workbench/page.tsx [Server Component] @ http://localhost:3001/_next/static/chunks/node_modules_next_dist_0u_w_5s._.js:1945
[ 2465793ms] [ERROR] ./apps/portal/lib/drawings/state/houseFormGeometryInput.ts:1:1
Export DEFAULT_GUTTER_DEPTH_MM doesn't exist in target module
>  1 | import {
     | ^^^^^^^
>  2 |   applyHouseReferencePosition,
     | ^^^^^^^^^^^^^^^^^^^^^^^^^^^^^^
>  3 |   applyRoofQa,
     | ^^^^^^^^^^^^^^
>  4 |   buildHouseModel3DFromRawHouseInput,
     | ^^^^^^^^^^^^^^^^^^^^^^^^^^^^^^^^^^^^^
>  5 |   buildHouseReferenceProjectionShape,
     | ^^^^^^^^^^^^^^^^^^^^^^^^^^^^^^^^^^^^^
>  6 |   buildHouseRoofEnvelopeArtifacts,
     | ^^^^^^^^^^^^^^^^^^^^^^^^^^^^^^^^^^
>  7 |   buildHouseRoofModelPipeline,
     | ^^^^^^^^^^^^^^^^^^^^^^^^^^^^^^
>  8 |   composeFootprintFromComposition,
     | ^^^^^^^^^^^^^^^^^^^^^^^^^^^^^^^^^^
>  9 |   composeRoofFromComposition,
     | ^^^^^^^^^^^^^^^^^^^^^^^^^^^^^
> 10 |   DEFAULT_EAVE_OVERHANG_MM,
     | ^^^^^^^^^^^^^^^^^^^^^^^^^^^
> 11 |   DEFAULT_FASCIA_HEIGHT_MM,
     | ^^^^^^^^^^^^^^^^^^^^^^^^^^^
> 12 |   DEFAULT_GUTTER_DEPTH_MM,
     | ^^^^^^^^^^^^^^^^^^^^^^^^^^
> 13 |   DEFAULT_GUTTER_PROJECTION_MM,
     | ^^^^^^^^^^^^^^^^^^^^^^^^^^^^^^^
> 14 |   DEFAULT_GUTTER_WIDTH_MM,
     | ^^^^^^^^^^^^^^^^^^^^^^^^^^
> 15 |   DEFAULT_HOUSE_ROOF_MATERIAL,
     | ^^^^^^^^^^^^^^^^^^^^^^^^^^^^^^
> 16 |   DEFAULT_SOFFIT_DEPTH_MM,
     | ^^^^^^^^^^^^^^^^^^^^^^^^^^
> 17 |   EMPTY_HOUSE_ROOF_STAGE_DIAGNOSTICS,
     | ^^^^^^^^^^^^^^^^^^^^^^^^^^^^^^^^^^^^^
> 18 |   type GeometryTopProjectionShape,
     | ^^^^^^^^^^^^^^^^^^^^^^^^^^^^^^^^^^
> 19 |   type HouseComposition,
     | ^^^^^^^^^^^^^^^^^^^^^^^^
> 20 |   type HouseRoofModelPipelineFailureStage,
     | ^^^^^^^^^^^^^^^^^^^^^^^^^^^^^^^^^^^^^^^^^^
> 21 |   type HouseRoofStageDiagnostics,
     | ^^^^^^^^^^^^^^^^^^^^^^^^^^^^^^^^^
> 22 |   type HouseModel3D,
     | ^^^^^^^^^^^^^^^^^^^^
> 23 |   type RectangleRoofIntent,
     | ^^^^^^^^^^^^^^^^^^^^^^^^^^^
> 24 |   type HouseReferenceGeometry,
     | ^^^^^^^^^^^^^^^^^^^^^^^^^^^^^^
> 25 |   type Polygon3,
     | ^^^^^^^^^^^^^^^^
> 26 |   type RawHouseInput,
     | ^^^^^^^^^^^^^^^^^^^^^
> 27 | } from "@sp/geometry";
     | ^^^^^^^^^^^^^^^^^^^^^^
  28 | import { houseFormTransformToAssemblyPosition } from "./houseFormTransform";
  29 | import { buildHouseFormRawGeometryInput } from "./houseFormRawGeometry";
  30 | import { deriveCompositionUnionPolygon3 } from "./houseFormCompositionFootprint";

The export DEFAULT_GUTTER_DEPTH_MM was not found in module [project]/packages/geometry/src/index.ts [app-client] (ecmascript).
Did you mean to import EMPTY_HOUSE_ROOF_STAGE_DIAGNOSTICS?
All exports of the module are statically known (It doesn't have dynamic exports). So it's known statically that the requested export doesn't exist.

Import traces:
  Client Component Browser:
    ./apps/portal/lib/drawings/state/houseFormGeometryInput.ts [Client Component Browser]
    ./apps/portal/lib/drawings/state/objectWorkbenchStatusModel.ts [Client Component Browser]
    ./apps/portal/lib/drawings/state/drawingWorkbenchStore.ts [Client Component Browser]
    ./apps/portal/app/staff/projects/[projectId]/design-workbench/DesignWorkbenchEstimateClient.tsx [Client Component Browser]
    ./apps/portal/app/staff/projects/[projectId]/design-workbench/DesignWorkbenchEstimateClient.tsx [Server Component]
    ./apps/portal/app/staff/projects/[projectId]/design-workbench/page.tsx [Server Component]

  Client Component SSR:
    ./apps/portal/lib/drawings/state/houseFormGeometryInput.ts [Client Component SSR]
    ./apps/portal/lib/drawings/state/objectWorkbenchStatusModel.ts [Client Component SSR]
    ./apps/portal/lib/drawings/state/drawingWorkbenchStore.ts [Client Component SSR]
    ./apps/portal/app/staff/projects/[projectId]/design-workbench/DesignWorkbenchEstimateClient.tsx [Client Component SSR]
    ./apps/portal/app/staff/projects/[projectId]/design-workbench/DesignWorkbenchEstimateClient.tsx [Server Component]
    ./apps/portal/app/staff/projects/[projectId]/design-workbench/page.tsx [Server Component] @ http://localhost:3001/_next/static/chunks/node_modules_next_dist_0u_w_5s._.js:1945
[ 2465793ms] [ERROR] ./apps/portal/lib/drawings/state/houseFormGeometryInput.ts:1:1
Export DEFAULT_GUTTER_DEPTH_MM doesn't exist in target module
>  1 | import {
     | ^^^^^^^
>  2 |   applyHouseReferencePosition,
     | ^^^^^^^^^^^^^^^^^^^^^^^^^^^^^^
>  3 |   applyRoofQa,
     | ^^^^^^^^^^^^^^
>  4 |   buildHouseModel3DFromRawHouseInput,
     | ^^^^^^^^^^^^^^^^^^^^^^^^^^^^^^^^^^^^^
>  5 |   buildHouseReferenceProjectionShape,
     | ^^^^^^^^^^^^^^^^^^^^^^^^^^^^^^^^^^^^^
>  6 |   buildHouseRoofEnvelopeArtifacts,
     | ^^^^^^^^^^^^^^^^^^^^^^^^^^^^^^^^^^
>  7 |   buildHouseRoofModelPipeline,
     | ^^^^^^^^^^^^^^^^^^^^^^^^^^^^^^
>  8 |   composeFootprintFromComposition,
     | ^^^^^^^^^^^^^^^^^^^^^^^^^^^^^^^^^^
>  9 |   composeRoofFromComposition,
     | ^^^^^^^^^^^^^^^^^^^^^^^^^^^^^
> 10 |   DEFAULT_EAVE_OVERHANG_MM,
     | ^^^^^^^^^^^^^^^^^^^^^^^^^^^
> 11 |   DEFAULT_FASCIA_HEIGHT_MM,
     | ^^^^^^^^^^^^^^^^^^^^^^^^^^^
> 12 |   DEFAULT_GUTTER_DEPTH_MM,
     | ^^^^^^^^^^^^^^^^^^^^^^^^^^
> 13 |   DEFAULT_GUTTER_PROJECTION_MM,
     | ^^^^^^^^^^^^^^^^^^^^^^^^^^^^^^^
> 14 |   DEFAULT_GUTTER_WIDTH_MM,
     | ^^^^^^^^^^^^^^^^^^^^^^^^^^
> 15 |   DEFAULT_HOUSE_ROOF_MATERIAL,
     | ^^^^^^^^^^^^^^^^^^^^^^^^^^^^^^
> 16 |   DEFAULT_SOFFIT_DEPTH_MM,
     | ^^^^^^^^^^^^^^^^^^^^^^^^^^
> 17 |   EMPTY_HOUSE_ROOF_STAGE_DIAGNOSTICS,
     | ^^^^^^^^^^^^^^^^^^^^^^^^^^^^^^^^^^^^^
> 18 |   type GeometryTopProjectionShape,
     | ^^^^^^^^^^^^^^^^^^^^^^^^^^^^^^^^^^
> 19 |   type HouseComposition,
     | ^^^^^^^^^^^^^^^^^^^^^^^^
> 20 |   type HouseRoofModelPipelineFailureStage,
     | ^^^^^^^^^^^^^^^^^^^^^^^^^^^^^^^^^^^^^^^^^^
> 21 |   type HouseRoofStageDiagnostics,
     | ^^^^^^^^^^^^^^^^^^^^^^^^^^^^^^^^^
> 22 |   type HouseModel3D,
     | ^^^^^^^^^^^^^^^^^^^^
> 23 |   type RectangleRoofIntent,
     | ^^^^^^^^^^^^^^^^^^^^^^^^^^^
> 24 |   type HouseReferenceGeometry,
     | ^^^^^^^^^^^^^^^^^^^^^^^^^^^^^^
> 25 |   type Polygon3,
     | ^^^^^^^^^^^^^^^^
> 26 |   type RawHouseInput,
     | ^^^^^^^^^^^^^^^^^^^^^
> 27 | } from "@sp/geometry";
     | ^^^^^^^^^^^^^^^^^^^^^^
  28 | import { houseFormTransformToAssemblyPosition } from "./houseFormTransform";
  29 | import { buildHouseFormRawGeometryInput } from "./houseFormRawGeometry";
  30 | import { deriveCompositionUnionPolygon3 } from "./houseFormCompositionFootprint";

The export DEFAULT_GUTTER_DEPTH_MM was not found in module [project]/packages/geometry/src/index.ts [app-ssr] (ecmascript).
Did you mean to import EMPTY_HOUSE_ROOF_STAGE_DIAGNOSTICS?
All exports of the module are statically known (It doesn't have dynamic exports). So it's known statically that the requested export doesn't exist.

Import traces:
  Client Component Browser:
    ./apps/portal/lib/drawings/state/houseFormGeometryInput.ts [Client Component Browser]
    ./apps/portal/lib/drawings/state/objectWorkbenchStatusModel.ts [Client Component Browser]
    ./apps/portal/lib/drawings/state/drawingWorkbenchStore.ts [Client Component Browser]
    ./apps/portal/app/staff/projects/[projectId]/design-workbench/DesignWorkbenchEstimateClient.tsx [Client Component Browser]
    ./apps/portal/app/staff/projects/[projectId]/design-workbench/DesignWorkbenchEstimateClient.tsx [Server Component]
    ./apps/portal/app/staff/projects/[projectId]/design-workbench/page.tsx [Server Component]

  Client Component SSR:
    ./apps/portal/lib/drawings/state/houseFormGeometryInput.ts [Client Component SSR]
    ./apps/portal/lib/drawings/state/objectWorkbenchStatusModel.ts [Client Component SSR]
    ./apps/portal/lib/drawings/state/drawingWorkbenchStore.ts [Client Component SSR]
    ./apps/portal/app/staff/projects/[projectId]/design-workbench/DesignWorkbenchEstimateClient.tsx [Client Component SSR]
    ./apps/portal/app/staff/projects/[projectId]/design-workbench/DesignWorkbenchEstimateClient.tsx [Server Component]
    ./apps/portal/app/staff/projects/[projectId]/design-workbench/page.tsx [Server Component] @ http://localhost:3001/_next/static/chunks/node_modules_next_dist_0u_w_5s._.js:1945
[ 2465793ms] [ERROR] ./apps/portal/lib/drawings/state/houseFormGeometryInput.ts:1:1
Export DEFAULT_GUTTER_PROJECTION_MM doesn't exist in target module
>  1 | import {
     | ^^^^^^^
>  2 |   applyHouseReferencePosition,
     | ^^^^^^^^^^^^^^^^^^^^^^^^^^^^^^
>  3 |   applyRoofQa,
     | ^^^^^^^^^^^^^^
>  4 |   buildHouseModel3DFromRawHouseInput,
     | ^^^^^^^^^^^^^^^^^^^^^^^^^^^^^^^^^^^^^
>  5 |   buildHouseReferenceProjectionShape,
     | ^^^^^^^^^^^^^^^^^^^^^^^^^^^^^^^^^^^^^
>  6 |   buildHouseRoofEnvelopeArtifacts,
     | ^^^^^^^^^^^^^^^^^^^^^^^^^^^^^^^^^^
>  7 |   buildHouseRoofModelPipeline,
     | ^^^^^^^^^^^^^^^^^^^^^^^^^^^^^^
>  8 |   composeFootprintFromComposition,
     | ^^^^^^^^^^^^^^^^^^^^^^^^^^^^^^^^^^
>  9 |   composeRoofFromComposition,
     | ^^^^^^^^^^^^^^^^^^^^^^^^^^^^^
> 10 |   DEFAULT_EAVE_OVERHANG_MM,
     | ^^^^^^^^^^^^^^^^^^^^^^^^^^^
> 11 |   DEFAULT_FASCIA_HEIGHT_MM,
     | ^^^^^^^^^^^^^^^^^^^^^^^^^^^
> 12 |   DEFAULT_GUTTER_DEPTH_MM,
     | ^^^^^^^^^^^^^^^^^^^^^^^^^^
> 13 |   DEFAULT_GUTTER_PROJECTION_MM,
     | ^^^^^^^^^^^^^^^^^^^^^^^^^^^^^^^
> 14 |   DEFAULT_GUTTER_WIDTH_MM,
     | ^^^^^^^^^^^^^^^^^^^^^^^^^^
> 15 |   DEFAULT_HOUSE_ROOF_MATERIAL,
     | ^^^^^^^^^^^^^^^^^^^^^^^^^^^^^^
> 16 |   DEFAULT_SOFFIT_DEPTH_MM,
     | ^^^^^^^^^^^^^^^^^^^^^^^^^^
> 17 |   EMPTY_HOUSE_ROOF_STAGE_DIAGNOSTICS,
     | ^^^^^^^^^^^^^^^^^^^^^^^^^^^^^^^^^^^^^
> 18 |   type GeometryTopProjectionShape,
     | ^^^^^^^^^^^^^^^^^^^^^^^^^^^^^^^^^^
> 19 |   type HouseComposition,
     | ^^^^^^^^^^^^^^^^^^^^^^^^
> 20 |   type HouseRoofModelPipelineFailureStage,
     | ^^^^^^^^^^^^^^^^^^^^^^^^^^^^^^^^^^^^^^^^^^
> 21 |   type HouseRoofStageDiagnostics,
     | ^^^^^^^^^^^^^^^^^^^^^^^^^^^^^^^^^
> 22 |   type HouseModel3D,
     | ^^^^^^^^^^^^^^^^^^^^
> 23 |   type RectangleRoofIntent,
     | ^^^^^^^^^^^^^^^^^^^^^^^^^^^
> 24 |   type HouseReferenceGeometry,
     | ^^^^^^^^^^^^^^^^^^^^^^^^^^^^^^
> 25 |   type Polygon3,
     | ^^^^^^^^^^^^^^^^
> 26 |   type RawHouseInput,
     | ^^^^^^^^^^^^^^^^^^^^^
> 27 | } from "@sp/geometry";
     | ^^^^^^^^^^^^^^^^^^^^^^
  28 | import { houseFormTransformToAssemblyPosition } from "./houseFormTransform";
  29 | import { buildHouseFormRawGeometryInput } from "./houseFormRawGeometry";
  30 | import { deriveCompositionUnionPolygon3 } from "./houseFormCompositionFootprint";

The export DEFAULT_GUTTER_PROJECTION_MM was not found in module [project]/packages/geometry/src/index.ts [app-client] (ecmascript).
Did you mean to import EMPTY_HOUSE_ROOF_STAGE_DIAGNOSTICS?
All exports of the module are statically known (It doesn't have dynamic exports). So it's known statically that the requested export doesn't exist.

Import traces:
  Client Component Browser:
    ./apps/portal/lib/drawings/state/houseFormGeometryInput.ts [Client Component Browser]
    ./apps/portal/lib/drawings/state/objectWorkbenchStatusModel.ts [Client Component Browser]
    ./apps/portal/lib/drawings/state/drawingWorkbenchStore.ts [Client Component Browser]
    ./apps/portal/app/staff/projects/[projectId]/design-workbench/DesignWorkbenchEstimateClient.tsx [Client Component Browser]
    ./apps/portal/app/staff/projects/[projectId]/design-workbench/DesignWorkbenchEstimateClient.tsx [Server Component]
    ./apps/portal/app/staff/projects/[projectId]/design-workbench/page.tsx [Server Component]

  Client Component SSR:
    ./apps/portal/lib/drawings/state/houseFormGeometryInput.ts [Client Component SSR]
    ./apps/portal/lib/drawings/state/objectWorkbenchStatusModel.ts [Client Component SSR]
    ./apps/portal/lib/drawings/state/drawingWorkbenchStore.ts [Client Component SSR]
    ./apps/portal/app/staff/projects/[projectId]/design-workbench/DesignWorkbenchEstimateClient.tsx [Client Component SSR]
    ./apps/portal/app/staff/projects/[projectId]/design-workbench/DesignWorkbenchEstimateClient.tsx [Server Component]
    ./apps/portal/app/staff/projects/[projectId]/design-workbench/page.tsx [Server Component] @ http://localhost:3001/_next/static/chunks/node_modules_next_dist_0u_w_5s._.js:1945
[ 2465793ms] [ERROR] ./apps/portal/lib/drawings/state/houseFormGeometryInput.ts:1:1
Export DEFAULT_GUTTER_PROJECTION_MM doesn't exist in target module
>  1 | import {
     | ^^^^^^^
>  2 |   applyHouseReferencePosition,
     | ^^^^^^^^^^^^^^^^^^^^^^^^^^^^^^
>  3 |   applyRoofQa,
     | ^^^^^^^^^^^^^^
>  4 |   buildHouseModel3DFromRawHouseInput,
     | ^^^^^^^^^^^^^^^^^^^^^^^^^^^^^^^^^^^^^
>  5 |   buildHouseReferenceProjectionShape,
     | ^^^^^^^^^^^^^^^^^^^^^^^^^^^^^^^^^^^^^
>  6 |   buildHouseRoofEnvelopeArtifacts,
     | ^^^^^^^^^^^^^^^^^^^^^^^^^^^^^^^^^^
>  7 |   buildHouseRoofModelPipeline,
     | ^^^^^^^^^^^^^^^^^^^^^^^^^^^^^^
>  8 |   composeFootprintFromComposition,
     | ^^^^^^^^^^^^^^^^^^^^^^^^^^^^^^^^^^
>  9 |   composeRoofFromComposition,
     | ^^^^^^^^^^^^^^^^^^^^^^^^^^^^^
> 10 |   DEFAULT_EAVE_OVERHANG_MM,
     | ^^^^^^^^^^^^^^^^^^^^^^^^^^^
> 11 |   DEFAULT_FASCIA_HEIGHT_MM,
     | ^^^^^^^^^^^^^^^^^^^^^^^^^^^
> 12 |   DEFAULT_GUTTER_DEPTH_MM,
     | ^^^^^^^^^^^^^^^^^^^^^^^^^^
> 13 |   DEFAULT_GUTTER_PROJECTION_MM,
     | ^^^^^^^^^^^^^^^^^^^^^^^^^^^^^^^
> 14 |   DEFAULT_GUTTER_WIDTH_MM,
     | ^^^^^^^^^^^^^^^^^^^^^^^^^^
> 15 |   DEFAULT_HOUSE_ROOF_MATERIAL,
     | ^^^^^^^^^^^^^^^^^^^^^^^^^^^^^^
> 16 |   DEFAULT_SOFFIT_DEPTH_MM,
     | ^^^^^^^^^^^^^^^^^^^^^^^^^^
> 17 |   EMPTY_HOUSE_ROOF_STAGE_DIAGNOSTICS,
     | ^^^^^^^^^^^^^^^^^^^^^^^^^^^^^^^^^^^^^
> 18 |   type GeometryTopProjectionShape,
     | ^^^^^^^^^^^^^^^^^^^^^^^^^^^^^^^^^^
> 19 |   type HouseComposition,
     | ^^^^^^^^^^^^^^^^^^^^^^^^
> 20 |   type HouseRoofModelPipelineFailureStage,
     | ^^^^^^^^^^^^^^^^^^^^^^^^^^^^^^^^^^^^^^^^^^
> 21 |   type HouseRoofStageDiagnostics,
     | ^^^^^^^^^^^^^^^^^^^^^^^^^^^^^^^^^
> 22 |   type HouseModel3D,
     | ^^^^^^^^^^^^^^^^^^^^
> 23 |   type RectangleRoofIntent,
     | ^^^^^^^^^^^^^^^^^^^^^^^^^^^
> 24 |   type HouseReferenceGeometry,
     | ^^^^^^^^^^^^^^^^^^^^^^^^^^^^^^
> 25 |   type Polygon3,
     | ^^^^^^^^^^^^^^^^
> 26 |   type RawHouseInput,
     | ^^^^^^^^^^^^^^^^^^^^^
> 27 | } from "@sp/geometry";
     | ^^^^^^^^^^^^^^^^^^^^^^
  28 | import { houseFormTransformToAssemblyPosition } from "./houseFormTransform";
  29 | import { buildHouseFormRawGeometryInput } from "./houseFormRawGeometry";
  30 | import { deriveCompositionUnionPolygon3 } from "./houseFormCompositionFootprint";

The export DEFAULT_GUTTER_PROJECTION_MM was not found in module [project]/packages/geometry/src/index.ts [app-ssr] (ecmascript).
Did you mean to import EMPTY_HOUSE_ROOF_STAGE_DIAGNOSTICS?
All exports of the module are statically known (It doesn't have dynamic exports). So it's known statically that the requested export doesn't exist.

Import traces:
  Client Component Browser:
    ./apps/portal/lib/drawings/state/houseFormGeometryInput.ts [Client Component Browser]
    ./apps/portal/lib/drawings/state/objectWorkbenchStatusModel.ts [Client Component Browser]
    ./apps/portal/lib/drawings/state/drawingWorkbenchStore.ts [Client Component Browser]
    ./apps/portal/app/staff/projects/[projectId]/design-workbench/DesignWorkbenchEstimateClient.tsx [Client Component Browser]
    ./apps/portal/app/staff/projects/[projectId]/design-workbench/DesignWorkbenchEstimateClient.tsx [Server Component]
    ./apps/portal/app/staff/projects/[projectId]/design-workbench/page.tsx [Server Component]

  Client Component SSR:
    ./apps/portal/lib/drawings/state/houseFormGeometryInput.ts [Client Component SSR]
    ./apps/portal/lib/drawings/state/objectWorkbenchStatusModel.ts [Client Component SSR]
    ./apps/portal/lib/drawings/state/drawingWorkbenchStore.ts [Client Component SSR]
    ./apps/portal/app/staff/projects/[projectId]/design-workbench/DesignWorkbenchEstimateClient.tsx [Client Component SSR]
    ./apps/portal/app/staff/projects/[projectId]/design-workbench/DesignWorkbenchEstimateClient.tsx [Server Component]
    ./apps/portal/app/staff/projects/[projectId]/design-workbench/page.tsx [Server Component] @ http://localhost:3001/_next/static/chunks/node_modules_next_dist_0u_w_5s._.js:1945
[ 2465793ms] [ERROR] ./apps/portal/lib/drawings/state/houseFormGeometryInput.ts:1:1
Export DEFAULT_GUTTER_WIDTH_MM doesn't exist in target module
>  1 | import {
     | ^^^^^^^
>  2 |   applyHouseReferencePosition,
     | ^^^^^^^^^^^^^^^^^^^^^^^^^^^^^^
>  3 |   applyRoofQa,
     | ^^^^^^^^^^^^^^
>  4 |   buildHouseModel3DFromRawHouseInput,
     | ^^^^^^^^^^^^^^^^^^^^^^^^^^^^^^^^^^^^^
>  5 |   buildHouseReferenceProjectionShape,
     | ^^^^^^^^^^^^^^^^^^^^^^^^^^^^^^^^^^^^^
>  6 |   buildHouseRoofEnvelopeArtifacts,
     | ^^^^^^^^^^^^^^^^^^^^^^^^^^^^^^^^^^
>  7 |   buildHouseRoofModelPipeline,
     | ^^^^^^^^^^^^^^^^^^^^^^^^^^^^^^
>  8 |   composeFootprintFromComposition,
     | ^^^^^^^^^^^^^^^^^^^^^^^^^^^^^^^^^^
>  9 |   composeRoofFromComposition,
     | ^^^^^^^^^^^^^^^^^^^^^^^^^^^^^
> 10 |   DEFAULT_EAVE_OVERHANG_MM,
     | ^^^^^^^^^^^^^^^^^^^^^^^^^^^
> 11 |   DEFAULT_FASCIA_HEIGHT_MM,
     | ^^^^^^^^^^^^^^^^^^^^^^^^^^^
> 12 |   DEFAULT_GUTTER_DEPTH_MM,
     | ^^^^^^^^^^^^^^^^^^^^^^^^^^
> 13 |   DEFAULT_GUTTER_PROJECTION_MM,
     | ^^^^^^^^^^^^^^^^^^^^^^^^^^^^^^^
> 14 |   DEFAULT_GUTTER_WIDTH_MM,
     | ^^^^^^^^^^^^^^^^^^^^^^^^^^
> 15 |   DEFAULT_HOUSE_ROOF_MATERIAL,
     | ^^^^^^^^^^^^^^^^^^^^^^^^^^^^^^
> 16 |   DEFAULT_SOFFIT_DEPTH_MM,
     | ^^^^^^^^^^^^^^^^^^^^^^^^^^
> 17 |   EMPTY_HOUSE_ROOF_STAGE_DIAGNOSTICS,
     | ^^^^^^^^^^^^^^^^^^^^^^^^^^^^^^^^^^^^^
> 18 |   type GeometryTopProjectionShape,
     | ^^^^^^^^^^^^^^^^^^^^^^^^^^^^^^^^^^
> 19 |   type HouseComposition,
     | ^^^^^^^^^^^^^^^^^^^^^^^^
> 20 |   type HouseRoofModelPipelineFailureStage,
     | ^^^^^^^^^^^^^^^^^^^^^^^^^^^^^^^^^^^^^^^^^^
> 21 |   type HouseRoofStageDiagnostics,
     | ^^^^^^^^^^^^^^^^^^^^^^^^^^^^^^^^^
> 22 |   type HouseModel3D,
     | ^^^^^^^^^^^^^^^^^^^^
> 23 |   type RectangleRoofIntent,
     | ^^^^^^^^^^^^^^^^^^^^^^^^^^^
> 24 |   type HouseReferenceGeometry,
     | ^^^^^^^^^^^^^^^^^^^^^^^^^^^^^^
> 25 |   type Polygon3,
     | ^^^^^^^^^^^^^^^^
> 26 |   type RawHouseInput,
     | ^^^^^^^^^^^^^^^^^^^^^
> 27 | } from "@sp/geometry";
     | ^^^^^^^^^^^^^^^^^^^^^^
  28 | import { houseFormTransformToAssemblyPosition } from "./houseFormTransform";
  29 | import { buildHouseFormRawGeometryInput } from "./houseFormRawGeometry";
  30 | import { deriveCompositionUnionPolygon3 } from "./houseFormCompositionFootprint";

The export DEFAULT_GUTTER_WIDTH_MM was not found in module [project]/packages/geometry/src/index.ts [app-client] (ecmascript).
Did you mean to import EMPTY_HOUSE_ROOF_STAGE_DIAGNOSTICS?
All exports of the module are statically known (It doesn't have dynamic exports). So it's known statically that the requested export doesn't exist.

Import traces:
  Client Component Browser:
    ./apps/portal/lib/drawings/state/houseFormGeometryInput.ts [Client Component Browser]
    ./apps/portal/lib/drawings/state/objectWorkbenchStatusModel.ts [Client Component Browser]
    ./apps/portal/lib/drawings/state/drawingWorkbenchStore.ts [Client Component Browser]
    ./apps/portal/app/staff/projects/[projectId]/design-workbench/DesignWorkbenchEstimateClient.tsx [Client Component Browser]
    ./apps/portal/app/staff/projects/[projectId]/design-workbench/DesignWorkbenchEstimateClient.tsx [Server Component]
    ./apps/portal/app/staff/projects/[projectId]/design-workbench/page.tsx [Server Component]

  Client Component SSR:
    ./apps/portal/lib/drawings/state/houseFormGeometryInput.ts [Client Component SSR]
    ./apps/portal/lib/drawings/state/objectWorkbenchStatusModel.ts [Client Component SSR]
    ./apps/portal/lib/drawings/state/drawingWorkbenchStore.ts [Client Component SSR]
    ./apps/portal/app/staff/projects/[projectId]/design-workbench/DesignWorkbenchEstimateClient.tsx [Client Component SSR]
    ./apps/portal/app/staff/projects/[projectId]/design-workbench/DesignWorkbenchEstimateClient.tsx [Server Component]
    ./apps/portal/app/staff/projects/[projectId]/design-workbench/page.tsx [Server Component] @ http://localhost:3001/_next/static/chunks/node_modules_next_dist_0u_w_5s._.js:1945
[ 2465793ms] [ERROR] ./apps/portal/lib/drawings/state/houseFormGeometryInput.ts:1:1
Export DEFAULT_GUTTER_WIDTH_MM doesn't exist in target module
>  1 | import {
     | ^^^^^^^
>  2 |   applyHouseReferencePosition,
     | ^^^^^^^^^^^^^^^^^^^^^^^^^^^^^^
>  3 |   applyRoofQa,
     | ^^^^^^^^^^^^^^
>  4 |   buildHouseModel3DFromRawHouseInput,
     | ^^^^^^^^^^^^^^^^^^^^^^^^^^^^^^^^^^^^^
>  5 |   buildHouseReferenceProjectionShape,
     | ^^^^^^^^^^^^^^^^^^^^^^^^^^^^^^^^^^^^^
>  6 |   buildHouseRoofEnvelopeArtifacts,
     | ^^^^^^^^^^^^^^^^^^^^^^^^^^^^^^^^^^
>  7 |   buildHouseRoofModelPipeline,
     | ^^^^^^^^^^^^^^^^^^^^^^^^^^^^^^
>  8 |   composeFootprintFromComposition,
     | ^^^^^^^^^^^^^^^^^^^^^^^^^^^^^^^^^^
>  9 |   composeRoofFromComposition,
     | ^^^^^^^^^^^^^^^^^^^^^^^^^^^^^
> 10 |   DEFAULT_EAVE_OVERHANG_MM,
     | ^^^^^^^^^^^^^^^^^^^^^^^^^^^
> 11 |   DEFAULT_FASCIA_HEIGHT_MM,
     | ^^^^^^^^^^^^^^^^^^^^^^^^^^^
> 12 |   DEFAULT_GUTTER_DEPTH_MM,
     | ^^^^^^^^^^^^^^^^^^^^^^^^^^
> 13 |   DEFAULT_GUTTER_PROJECTION_MM,
     | ^^^^^^^^^^^^^^^^^^^^^^^^^^^^^^^
> 14 |   DEFAULT_GUTTER_WIDTH_MM,
     | ^^^^^^^^^^^^^^^^^^^^^^^^^^
> 15 |   DEFAULT_HOUSE_ROOF_MATERIAL,
     | ^^^^^^^^^^^^^^^^^^^^^^^^^^^^^^
> 16 |   DEFAULT_SOFFIT_DEPTH_MM,
     | ^^^^^^^^^^^^^^^^^^^^^^^^^^
> 17 |   EMPTY_HOUSE_ROOF_STAGE_DIAGNOSTICS,
     | ^^^^^^^^^^^^^^^^^^^^^^^^^^^^^^^^^^^^^
> 18 |   type GeometryTopProjectionShape,
     | ^^^^^^^^^^^^^^^^^^^^^^^^^^^^^^^^^^
> 19 |   type HouseComposition,
     | ^^^^^^^^^^^^^^^^^^^^^^^^
> 20 |   type HouseRoofModelPipelineFailureStage,
     | ^^^^^^^^^^^^^^^^^^^^^^^^^^^^^^^^^^^^^^^^^^
> 21 |   type HouseRoofStageDiagnostics,
     | ^^^^^^^^^^^^^^^^^^^^^^^^^^^^^^^^^
> 22 |   type HouseModel3D,
     | ^^^^^^^^^^^^^^^^^^^^
> 23 |   type RectangleRoofIntent,
     | ^^^^^^^^^^^^^^^^^^^^^^^^^^^
> 24 |   type HouseReferenceGeometry,
     | ^^^^^^^^^^^^^^^^^^^^^^^^^^^^^^
> 25 |   type Polygon3,
     | ^^^^^^^^^^^^^^^^
> 26 |   type RawHouseInput,
     | ^^^^^^^^^^^^^^^^^^^^^
> 27 | } from "@sp/geometry";
     | ^^^^^^^^^^^^^^^^^^^^^^
  28 | import { houseFormTransformToAssemblyPosition } from "./houseFormTransform";
  29 | import { buildHouseFormRawGeometryInput } from "./houseFormRawGeometry";
  30 | import { deriveCompositionUnionPolygon3 } from "./houseFormCompositionFootprint";

The export DEFAULT_GUTTER_WIDTH_MM was not found in module [project]/packages/geometry/src/index.ts [app-ssr] (ecmascript).
Did you mean to import EMPTY_HOUSE_ROOF_STAGE_DIAGNOSTICS?
All exports of the module are statically known (It doesn't have dynamic exports). So it's known statically that the requested export doesn't exist.

Import traces:
  Client Component Browser:
    ./apps/portal/lib/drawings/state/houseFormGeometryInput.ts [Client Component Browser]
    ./apps/portal/lib/drawings/state/objectWorkbenchStatusModel.ts [Client Component Browser]
    ./apps/portal/lib/drawings/state/drawingWorkbenchStore.ts [Client Component Browser]
    ./apps/portal/app/staff/projects/[projectId]/design-workbench/DesignWorkbenchEstimateClient.tsx [Client Component Browser]
    ./apps/portal/app/staff/projects/[projectId]/design-workbench/DesignWorkbenchEstimateClient.tsx [Server Component]
    ./apps/portal/app/staff/projects/[projectId]/design-workbench/page.tsx [Server Component]

  Client Component SSR:
    ./apps/portal/lib/drawings/state/houseFormGeometryInput.ts [Client Component SSR]
    ./apps/portal/lib/drawings/state/objectWorkbenchStatusModel.ts [Client Component SSR]
    ./apps/portal/lib/drawings/state/drawingWorkbenchStore.ts [Client Component SSR]
    ./apps/portal/app/staff/projects/[projectId]/design-workbench/DesignWorkbenchEstimateClient.tsx [Client Component SSR]
    ./apps/portal/app/staff/projects/[projectId]/design-workbench/DesignWorkbenchEstimateClient.tsx [Server Component]
    ./apps/portal/app/staff/projects/[projectId]/design-workbench/page.tsx [Server Component] @ http://localhost:3001/_next/static/chunks/node_modules_next_dist_0u_w_5s._.js:1945
[ 2465793ms] [ERROR] ./apps/portal/lib/drawings/state/houseFormGeometryInput.ts:1:1
Export DEFAULT_HOUSE_ROOF_MATERIAL doesn't exist in target module
>  1 | import {
     | ^^^^^^^
>  2 |   applyHouseReferencePosition,
     | ^^^^^^^^^^^^^^^^^^^^^^^^^^^^^^
>  3 |   applyRoofQa,
     | ^^^^^^^^^^^^^^
>  4 |   buildHouseModel3DFromRawHouseInput,
     | ^^^^^^^^^^^^^^^^^^^^^^^^^^^^^^^^^^^^^
>  5 |   buildHouseReferenceProjectionShape,
     | ^^^^^^^^^^^^^^^^^^^^^^^^^^^^^^^^^^^^^
>  6 |   buildHouseRoofEnvelopeArtifacts,
     | ^^^^^^^^^^^^^^^^^^^^^^^^^^^^^^^^^^
>  7 |   buildHouseRoofModelPipeline,
     | ^^^^^^^^^^^^^^^^^^^^^^^^^^^^^^
>  8 |   composeFootprintFromComposition,
     | ^^^^^^^^^^^^^^^^^^^^^^^^^^^^^^^^^^
>  9 |   composeRoofFromComposition,
     | ^^^^^^^^^^^^^^^^^^^^^^^^^^^^^
> 10 |   DEFAULT_EAVE_OVERHANG_MM,
     | ^^^^^^^^^^^^^^^^^^^^^^^^^^^
> 11 |   DEFAULT_FASCIA_HEIGHT_MM,
     | ^^^^^^^^^^^^^^^^^^^^^^^^^^^
> 12 |   DEFAULT_GUTTER_DEPTH_MM,
     | ^^^^^^^^^^^^^^^^^^^^^^^^^^
> 13 |   DEFAULT_GUTTER_PROJECTION_MM,
     | ^^^^^^^^^^^^^^^^^^^^^^^^^^^^^^^
> 14 |   DEFAULT_GUTTER_WIDTH_MM,
     | ^^^^^^^^^^^^^^^^^^^^^^^^^^
> 15 |   DEFAULT_HOUSE_ROOF_MATERIAL,
     | ^^^^^^^^^^^^^^^^^^^^^^^^^^^^^^
> 16 |   DEFAULT_SOFFIT_DEPTH_MM,
     | ^^^^^^^^^^^^^^^^^^^^^^^^^^
> 17 |   EMPTY_HOUSE_ROOF_STAGE_DIAGNOSTICS,
     | ^^^^^^^^^^^^^^^^^^^^^^^^^^^^^^^^^^^^^
> 18 |   type GeometryTopProjectionShape,
     | ^^^^^^^^^^^^^^^^^^^^^^^^^^^^^^^^^^
> 19 |   type HouseComposition,
     | ^^^^^^^^^^^^^^^^^^^^^^^^
> 20 |   type HouseRoofModelPipelineFailureStage,
     | ^^^^^^^^^^^^^^^^^^^^^^^^^^^^^^^^^^^^^^^^^^
> 21 |   type HouseRoofStageDiagnostics,
     | ^^^^^^^^^^^^^^^^^^^^^^^^^^^^^^^^^
> 22 |   type HouseModel3D,
     | ^^^^^^^^^^^^^^^^^^^^
> 23 |   type RectangleRoofIntent,
     | ^^^^^^^^^^^^^^^^^^^^^^^^^^^
> 24 |   type HouseReferenceGeometry,
     | ^^^^^^^^^^^^^^^^^^^^^^^^^^^^^^
> 25 |   type Polygon3,
     | ^^^^^^^^^^^^^^^^
> 26 |   type RawHouseInput,
     | ^^^^^^^^^^^^^^^^^^^^^
> 27 | } from "@sp/geometry";
     | ^^^^^^^^^^^^^^^^^^^^^^
  28 | import { houseFormTransformToAssemblyPosition } from "./houseFormTransform";
  29 | import { buildHouseFormRawGeometryInput } from "./houseFormRawGeometry";
  30 | import { deriveCompositionUnionPolygon3 } from "./houseFormCompositionFootprint";

The export DEFAULT_HOUSE_ROOF_MATERIAL was not found in module [project]/packages/geometry/src/index.ts [app-client] (ecmascript).
Did you mean to import HOUSE_ROOF_FORM_BEHAVIORS?
All exports of the module are statically known (It doesn't have dynamic exports). So it's known statically that the requested export doesn't exist.

Import traces:
  Client Component Browser:
    ./apps/portal/lib/drawings/state/houseFormGeometryInput.ts [Client Component Browser]
    ./apps/portal/lib/drawings/state/objectWorkbenchStatusModel.ts [Client Component Browser]
    ./apps/portal/lib/drawings/state/drawingWorkbenchStore.ts [Client Component Browser]
    ./apps/portal/app/staff/projects/[projectId]/design-workbench/DesignWorkbenchEstimateClient.tsx [Client Component Browser]
    ./apps/portal/app/staff/projects/[projectId]/design-workbench/DesignWorkbenchEstimateClient.tsx [Server Component]
    ./apps/portal/app/staff/projects/[projectId]/design-workbench/page.tsx [Server Component]

  Client Component SSR:
    ./apps/portal/lib/drawings/state/houseFormGeometryInput.ts [Client Component SSR]
    ./apps/portal/lib/drawings/state/objectWorkbenchStatusModel.ts [Client Component SSR]
    ./apps/portal/lib/drawings/state/drawingWorkbenchStore.ts [Client Component SSR]
    ./apps/portal/app/staff/projects/[projectId]/design-workbench/DesignWorkbenchEstimateClient.tsx [Client Component SSR]
    ./apps/portal/app/staff/projects/[projectId]/design-workbench/DesignWorkbenchEstimateClient.tsx [Server Component]
    ./apps/portal/app/staff/projects/[projectId]/design-workbench/page.tsx [Server Component] @ http://localhost:3001/_next/static/chunks/node_modules_next_dist_0u_w_5s._.js:1945
[ 2465793ms] [ERROR] ./apps/portal/lib/drawings/state/houseFormGeometryInput.ts:1:1
Export DEFAULT_HOUSE_ROOF_MATERIAL doesn't exist in target module
>  1 | import {
     | ^^^^^^^
>  2 |   applyHouseReferencePosition,
     | ^^^^^^^^^^^^^^^^^^^^^^^^^^^^^^
>  3 |   applyRoofQa,
     | ^^^^^^^^^^^^^^
>  4 |   buildHouseModel3DFromRawHouseInput,
     | ^^^^^^^^^^^^^^^^^^^^^^^^^^^^^^^^^^^^^
>  5 |   buildHouseReferenceProjectionShape,
     | ^^^^^^^^^^^^^^^^^^^^^^^^^^^^^^^^^^^^^
>  6 |   buildHouseRoofEnvelopeArtifacts,
     | ^^^^^^^^^^^^^^^^^^^^^^^^^^^^^^^^^^
>  7 |   buildHouseRoofModelPipeline,
     | ^^^^^^^^^^^^^^^^^^^^^^^^^^^^^^
>  8 |   composeFootprintFromComposition,
     | ^^^^^^^^^^^^^^^^^^^^^^^^^^^^^^^^^^
>  9 |   composeRoofFromComposition,
     | ^^^^^^^^^^^^^^^^^^^^^^^^^^^^^
> 10 |   DEFAULT_EAVE_OVERHANG_MM,
     | ^^^^^^^^^^^^^^^^^^^^^^^^^^^
> 11 |   DEFAULT_FASCIA_HEIGHT_MM,
     | ^^^^^^^^^^^^^^^^^^^^^^^^^^^
> 12 |   DEFAULT_GUTTER_DEPTH_MM,
     | ^^^^^^^^^^^^^^^^^^^^^^^^^^
> 13 |   DEFAULT_GUTTER_PROJECTION_MM,
     | ^^^^^^^^^^^^^^^^^^^^^^^^^^^^^^^
> 14 |   DEFAULT_GUTTER_WIDTH_MM,
     | ^^^^^^^^^^^^^^^^^^^^^^^^^^
> 15 |   DEFAULT_HOUSE_ROOF_MATERIAL,
     | ^^^^^^^^^^^^^^^^^^^^^^^^^^^^^^
> 16 |   DEFAULT_SOFFIT_DEPTH_MM,
     | ^^^^^^^^^^^^^^^^^^^^^^^^^^
> 17 |   EMPTY_HOUSE_ROOF_STAGE_DIAGNOSTICS,
     | ^^^^^^^^^^^^^^^^^^^^^^^^^^^^^^^^^^^^^
> 18 |   type GeometryTopProjectionShape,
     | ^^^^^^^^^^^^^^^^^^^^^^^^^^^^^^^^^^
> 19 |   type HouseComposition,
     | ^^^^^^^^^^^^^^^^^^^^^^^^
> 20 |   type HouseRoofModelPipelineFailureStage,
     | ^^^^^^^^^^^^^^^^^^^^^^^^^^^^^^^^^^^^^^^^^^
> 21 |   type HouseRoofStageDiagnostics,
     | ^^^^^^^^^^^^^^^^^^^^^^^^^^^^^^^^^
> 22 |   type HouseModel3D,
     | ^^^^^^^^^^^^^^^^^^^^
> 23 |   type RectangleRoofIntent,
     | ^^^^^^^^^^^^^^^^^^^^^^^^^^^
> 24 |   type HouseReferenceGeometry,
     | ^^^^^^^^^^^^^^^^^^^^^^^^^^^^^^
> 25 |   type Polygon3,
     | ^^^^^^^^^^^^^^^^
> 26 |   type RawHouseInput,
     | ^^^^^^^^^^^^^^^^^^^^^
> 27 | } from "@sp/geometry";
     | ^^^^^^^^^^^^^^^^^^^^^^
  28 | import { houseFormTransformToAssemblyPosition } from "./houseFormTransform";
  29 | import { buildHouseFormRawGeometryInput } from "./houseFormRawGeometry";
  30 | import { deriveCompositionUnionPolygon3 } from "./houseFormCompositionFootprint";

The export DEFAULT_HOUSE_ROOF_MATERIAL was not found in module [project]/packages/geometry/src/index.ts [app-ssr] (ecmascript).
Did you mean to import HOUSE_ROOF_FORM_BEHAVIORS?
All exports of the module are statically known (It doesn't have dynamic exports). So it's known statically that the requested export doesn't exist.

Import traces:
  Client Component Browser:
    ./apps/portal/lib/drawings/state/houseFormGeometryInput.ts [Client Component Browser]
    ./apps/portal/lib/drawings/state/objectWorkbenchStatusModel.ts [Client Component Browser]
    ./apps/portal/lib/drawings/state/drawingWorkbenchStore.ts [Client Component Browser]
    ./apps/portal/app/staff/projects/[projectId]/design-workbench/DesignWorkbenchEstimateClient.tsx [Client Component Browser]
    ./apps/portal/app/staff/projects/[projectId]/design-workbench/DesignWorkbenchEstimateClient.tsx [Server Component]
    ./apps/portal/app/staff/projects/[projectId]/design-workbench/page.tsx [Server Component]

  Client Component SSR:
    ./apps/portal/lib/drawings/state/houseFormGeometryInput.ts [Client Component SSR]
    ./apps/portal/lib/drawings/state/objectWorkbenchStatusModel.ts [Client Component SSR]
    ./apps/portal/lib/drawings/state/drawingWorkbenchStore.ts [Client Component SSR]
    ./apps/portal/app/staff/projects/[projectId]/design-workbench/DesignWorkbenchEstimateClient.tsx [Client Component SSR]
    ./apps/portal/app/staff/projects/[projectId]/design-workbench/DesignWorkbenchEstimateClient.tsx [Server Component]
    ./apps/portal/app/staff/projects/[projectId]/design-workbench/page.tsx [Server Component] @ http://localhost:3001/_next/static/chunks/node_modules_next_dist_0u_w_5s._.js:1945
[ 2465793ms] [ERROR] ./apps/portal/lib/drawings/state/houseFormGeometryInput.ts:1:1
Export DEFAULT_SOFFIT_DEPTH_MM doesn't exist in target module
>  1 | import {
     | ^^^^^^^
>  2 |   applyHouseReferencePosition,
     | ^^^^^^^^^^^^^^^^^^^^^^^^^^^^^^
>  3 |   applyRoofQa,
     | ^^^^^^^^^^^^^^
>  4 |   buildHouseModel3DFromRawHouseInput,
     | ^^^^^^^^^^^^^^^^^^^^^^^^^^^^^^^^^^^^^
>  5 |   buildHouseReferenceProjectionShape,
     | ^^^^^^^^^^^^^^^^^^^^^^^^^^^^^^^^^^^^^
>  6 |   buildHouseRoofEnvelopeArtifacts,
     | ^^^^^^^^^^^^^^^^^^^^^^^^^^^^^^^^^^
>  7 |   buildHouseRoofModelPipeline,
     | ^^^^^^^^^^^^^^^^^^^^^^^^^^^^^^
>  8 |   composeFootprintFromComposition,
     | ^^^^^^^^^^^^^^^^^^^^^^^^^^^^^^^^^^
>  9 |   composeRoofFromComposition,
     | ^^^^^^^^^^^^^^^^^^^^^^^^^^^^^
> 10 |   DEFAULT_EAVE_OVERHANG_MM,
     | ^^^^^^^^^^^^^^^^^^^^^^^^^^^
> 11 |   DEFAULT_FASCIA_HEIGHT_MM,
     | ^^^^^^^^^^^^^^^^^^^^^^^^^^^
> 12 |   DEFAULT_GUTTER_DEPTH_MM,
     | ^^^^^^^^^^^^^^^^^^^^^^^^^^
> 13 |   DEFAULT_GUTTER_PROJECTION_MM,
     | ^^^^^^^^^^^^^^^^^^^^^^^^^^^^^^^
> 14 |   DEFAULT_GUTTER_WIDTH_MM,
     | ^^^^^^^^^^^^^^^^^^^^^^^^^^
> 15 |   DEFAULT_HOUSE_ROOF_MATERIAL,
     | ^^^^^^^^^^^^^^^^^^^^^^^^^^^^^^
> 16 |   DEFAULT_SOFFIT_DEPTH_MM,
     | ^^^^^^^^^^^^^^^^^^^^^^^^^^
> 17 |   EMPTY_HOUSE_ROOF_STAGE_DIAGNOSTICS,
     | ^^^^^^^^^^^^^^^^^^^^^^^^^^^^^^^^^^^^^
> 18 |   type GeometryTopProjectionShape,
     | ^^^^^^^^^^^^^^^^^^^^^^^^^^^^^^^^^^
> 19 |   type HouseComposition,
     | ^^^^^^^^^^^^^^^^^^^^^^^^
> 20 |   type HouseRoofModelPipelineFailureStage,
     | ^^^^^^^^^^^^^^^^^^^^^^^^^^^^^^^^^^^^^^^^^^
> 21 |   type HouseRoofStageDiagnostics,
     | ^^^^^^^^^^^^^^^^^^^^^^^^^^^^^^^^^
> 22 |   type HouseModel3D,
     | ^^^^^^^^^^^^^^^^^^^^
> 23 |   type RectangleRoofIntent,
     | ^^^^^^^^^^^^^^^^^^^^^^^^^^^
> 24 |   type HouseReferenceGeometry,
     | ^^^^^^^^^^^^^^^^^^^^^^^^^^^^^^
> 25 |   type Polygon3,
     | ^^^^^^^^^^^^^^^^
> 26 |   type RawHouseInput,
     | ^^^^^^^^^^^^^^^^^^^^^
> 27 | } from "@sp/geometry";
     | ^^^^^^^^^^^^^^^^^^^^^^
  28 | import { houseFormTransformToAssemblyPosition } from "./houseFormTransform";
  29 | import { buildHouseFormRawGeometryInput } from "./houseFormRawGeometry";
  30 | import { deriveCompositionUnionPolygon3 } from "./houseFormCompositionFootprint";

The export DEFAULT_SOFFIT_DEPTH_MM was not found in module [project]/packages/geometry/src/index.ts [app-client] (ecmascript).
Did you mean to import EMPTY_HOUSE_ROOF_STAGE_DIAGNOSTICS?
All exports of the module are statically known (It doesn't have dynamic exports). So it's known statically that the requested export doesn't exist.

Import traces:
  Client Component Browser:
    ./apps/portal/lib/drawings/state/houseFormGeometryInput.ts [Client Component Browser]
    ./apps/portal/lib/drawings/state/objectWorkbenchStatusModel.ts [Client Component Browser]
    ./apps/portal/lib/drawings/state/drawingWorkbenchStore.ts [Client Component Browser]
    ./apps/portal/app/staff/projects/[projectId]/design-workbench/DesignWorkbenchEstimateClient.tsx [Client Component Browser]
    ./apps/portal/app/staff/projects/[projectId]/design-workbench/DesignWorkbenchEstimateClient.tsx [Server Component]
    ./apps/portal/app/staff/projects/[projectId]/design-workbench/page.tsx [Server Component]

  Client Component SSR:
    ./apps/portal/lib/drawings/state/houseFormGeometryInput.ts [Client Component SSR]
    ./apps/portal/lib/drawings/state/objectWorkbenchStatusModel.ts [Client Component SSR]
    ./apps/portal/lib/drawings/state/drawingWorkbenchStore.ts [Client Component SSR]
    ./apps/portal/app/staff/projects/[projectId]/design-workbench/DesignWorkbenchEstimateClient.tsx [Client Component SSR]
    ./apps/portal/app/staff/projects/[projectId]/design-workbench/DesignWorkbenchEstimateClient.tsx [Server Component]
    ./apps/portal/app/staff/projects/[projectId]/design-workbench/page.tsx [Server Component] @ http://localhost:3001/_next/static/chunks/node_modules_next_dist_0u_w_5s._.js:1945
[ 2465794ms] [ERROR] ./apps/portal/lib/drawings/state/houseFormGeometryInput.ts:1:1
Export DEFAULT_SOFFIT_DEPTH_MM doesn't exist in target module
>  1 | import {
     | ^^^^^^^
>  2 |   applyHouseReferencePosition,
     | ^^^^^^^^^^^^^^^^^^^^^^^^^^^^^^
>  3 |   applyRoofQa,
     | ^^^^^^^^^^^^^^
>  4 |   buildHouseModel3DFromRawHouseInput,
     | ^^^^^^^^^^^^^^^^^^^^^^^^^^^^^^^^^^^^^
>  5 |   buildHouseReferenceProjectionShape,
     | ^^^^^^^^^^^^^^^^^^^^^^^^^^^^^^^^^^^^^
>  6 |   buildHouseRoofEnvelopeArtifacts,
     | ^^^^^^^^^^^^^^^^^^^^^^^^^^^^^^^^^^
>  7 |   buildHouseRoofModelPipeline,
     | ^^^^^^^^^^^^^^^^^^^^^^^^^^^^^^
>  8 |   composeFootprintFromComposition,
     | ^^^^^^^^^^^^^^^^^^^^^^^^^^^^^^^^^^
>  9 |   composeRoofFromComposition,
     | ^^^^^^^^^^^^^^^^^^^^^^^^^^^^^
> 10 |   DEFAULT_EAVE_OVERHANG_MM,
     | ^^^^^^^^^^^^^^^^^^^^^^^^^^^
> 11 |   DEFAULT_FASCIA_HEIGHT_MM,
     | ^^^^^^^^^^^^^^^^^^^^^^^^^^^
> 12 |   DEFAULT_GUTTER_DEPTH_MM,
     | ^^^^^^^^^^^^^^^^^^^^^^^^^^
> 13 |   DEFAULT_GUTTER_PROJECTION_MM,
     | ^^^^^^^^^^^^^^^^^^^^^^^^^^^^^^^
> 14 |   DEFAULT_GUTTER_WIDTH_MM,
     | ^^^^^^^^^^^^^^^^^^^^^^^^^^
> 15 |   DEFAULT_HOUSE_ROOF_MATERIAL,
     | ^^^^^^^^^^^^^^^^^^^^^^^^^^^^^^
> 16 |   DEFAULT_SOFFIT_DEPTH_MM,
     | ^^^^^^^^^^^^^^^^^^^^^^^^^^
> 17 |   EMPTY_HOUSE_ROOF_STAGE_DIAGNOSTICS,
     | ^^^^^^^^^^^^^^^^^^^^^^^^^^^^^^^^^^^^^
> 18 |   type GeometryTopProjectionShape,
     | ^^^^^^^^^^^^^^^^^^^^^^^^^^^^^^^^^^
> 19 |   type HouseComposition,
     | ^^^^^^^^^^^^^^^^^^^^^^^^
> 20 |   type HouseRoofModelPipelineFailureStage,
     | ^^^^^^^^^^^^^^^^^^^^^^^^^^^^^^^^^^^^^^^^^^
> 21 |   type HouseRoofStageDiagnostics,
     | ^^^^^^^^^^^^^^^^^^^^^^^^^^^^^^^^^
> 22 |   type HouseModel3D,
     | ^^^^^^^^^^^^^^^^^^^^
> 23 |   type RectangleRoofIntent,
     | ^^^^^^^^^^^^^^^^^^^^^^^^^^^
> 24 |   type HouseReferenceGeometry,
     | ^^^^^^^^^^^^^^^^^^^^^^^^^^^^^^
> 25 |   type Polygon3,
     | ^^^^^^^^^^^^^^^^
> 26 |   type RawHouseInput,
     | ^^^^^^^^^^^^^^^^^^^^^
> 27 | } from "@sp/geometry";
     | ^^^^^^^^^^^^^^^^^^^^^^
  28 | import { houseFormTransformToAssemblyPosition } from "./houseFormTransform";
  29 | import { buildHouseFormRawGeometryInput } from "./houseFormRawGeometry";
  30 | import { deriveCompositionUnionPolygon3 } from "./houseFormCompositionFootprint";

The export DEFAULT_SOFFIT_DEPTH_MM was not found in module [project]/packages/geometry/src/index.ts [app-ssr] (ecmascript).
Did you mean to import EMPTY_HOUSE_ROOF_STAGE_DIAGNOSTICS?
All exports of the module are statically known (It doesn't have dynamic exports). So it's known statically that the requested export doesn't exist.

Import traces:
  Client Component Browser:
    ./apps/portal/lib/drawings/state/houseFormGeometryInput.ts [Client Component Browser]
    ./apps/portal/lib/drawings/state/objectWorkbenchStatusModel.ts [Client Component Browser]
    ./apps/portal/lib/drawings/state/drawingWorkbenchStore.ts [Client Component Browser]
    ./apps/portal/app/staff/projects/[projectId]/design-workbench/DesignWorkbenchEstimateClient.tsx [Client Component Browser]
    ./apps/portal/app/staff/projects/[projectId]/design-workbench/DesignWorkbenchEstimateClient.tsx [Server Component]
    ./apps/portal/app/staff/projects/[projectId]/design-workbench/page.tsx [Server Component]

  Client Component SSR:
    ./apps/portal/lib/drawings/state/houseFormGeometryInput.ts [Client Component SSR]
    ./apps/portal/lib/drawings/state/objectWorkbenchStatusModel.ts [Client Component SSR]
    ./apps/portal/lib/drawings/state/drawingWorkbenchStore.ts [Client Component SSR]
    ./apps/portal/app/staff/projects/[projectId]/design-workbench/DesignWorkbenchEstimateClient.tsx [Client Component SSR]
    ./apps/portal/app/staff/projects/[projectId]/design-workbench/DesignWorkbenchEstimateClient.tsx [Server Component]
    ./apps/portal/app/staff/projects/[projectId]/design-workbench/page.tsx [Server Component] @ http://localhost:3001/_next/static/chunks/node_modules_next_dist_0u_w_5s._.js:1945
[ 2465794ms] [ERROR] ./apps/portal/lib/drawings/state/houseFormGeometryInput.ts:1:1
Export buildHouseRoofEnvelopeArtifacts doesn't exist in target module
>  1 | import {
     | ^^^^^^^
>  2 |   applyHouseReferencePosition,
     | ^^^^^^^^^^^^^^^^^^^^^^^^^^^^^^
>  3 |   applyRoofQa,
     | ^^^^^^^^^^^^^^
>  4 |   buildHouseModel3DFromRawHouseInput,
     | ^^^^^^^^^^^^^^^^^^^^^^^^^^^^^^^^^^^^^
>  5 |   buildHouseReferenceProjectionShape,
     | ^^^^^^^^^^^^^^^^^^^^^^^^^^^^^^^^^^^^^
>  6 |   buildHouseRoofEnvelopeArtifacts,
     | ^^^^^^^^^^^^^^^^^^^^^^^^^^^^^^^^^^
>  7 |   buildHouseRoofModelPipeline,
     | ^^^^^^^^^^^^^^^^^^^^^^^^^^^^^^
>  8 |   composeFootprintFromComposition,
     | ^^^^^^^^^^^^^^^^^^^^^^^^^^^^^^^^^^
>  9 |   composeRoofFromComposition,
     | ^^^^^^^^^^^^^^^^^^^^^^^^^^^^^
> 10 |   DEFAULT_EAVE_OVERHANG_MM,
     | ^^^^^^^^^^^^^^^^^^^^^^^^^^^
> 11 |   DEFAULT_FASCIA_HEIGHT_MM,
     | ^^^^^^^^^^^^^^^^^^^^^^^^^^^
> 12 |   DEFAULT_GUTTER_DEPTH_MM,
     | ^^^^^^^^^^^^^^^^^^^^^^^^^^
> 13 |   DEFAULT_GUTTER_PROJECTION_MM,
     | ^^^^^^^^^^^^^^^^^^^^^^^^^^^^^^^
> 14 |   DEFAULT_GUTTER_WIDTH_MM,
     | ^^^^^^^^^^^^^^^^^^^^^^^^^^
> 15 |   DEFAULT_HOUSE_ROOF_MATERIAL,
     | ^^^^^^^^^^^^^^^^^^^^^^^^^^^^^^
> 16 |   DEFAULT_SOFFIT_DEPTH_MM,
     | ^^^^^^^^^^^^^^^^^^^^^^^^^^
> 17 |   EMPTY_HOUSE_ROOF_STAGE_DIAGNOSTICS,
     | ^^^^^^^^^^^^^^^^^^^^^^^^^^^^^^^^^^^^^
> 18 |   type GeometryTopProjectionShape,
     | ^^^^^^^^^^^^^^^^^^^^^^^^^^^^^^^^^^
> 19 |   type HouseComposition,
     | ^^^^^^^^^^^^^^^^^^^^^^^^
> 20 |   type HouseRoofModelPipelineFailureStage,
     | ^^^^^^^^^^^^^^^^^^^^^^^^^^^^^^^^^^^^^^^^^^
> 21 |   type HouseRoofStageDiagnostics,
     | ^^^^^^^^^^^^^^^^^^^^^^^^^^^^^^^^^
> 22 |   type HouseModel3D,
     | ^^^^^^^^^^^^^^^^^^^^
> 23 |   type RectangleRoofIntent,
     | ^^^^^^^^^^^^^^^^^^^^^^^^^^^
> 24 |   type HouseReferenceGeometry,
     | ^^^^^^^^^^^^^^^^^^^^^^^^^^^^^^
> 25 |   type Polygon3,
     | ^^^^^^^^^^^^^^^^
> 26 |   type RawHouseInput,
     | ^^^^^^^^^^^^^^^^^^^^^
> 27 | } from "@sp/geometry";
     | ^^^^^^^^^^^^^^^^^^^^^^
  28 | import { houseFormTransformToAssemblyPosition } from "./houseFormTransform";
  29 | import { buildHouseFormRawGeometryInput } from "./houseFormRawGeometry";
  30 | import { deriveCompositionUnionPolygon3 } from "./houseFormCompositionFootprint";

The export buildHouseRoofEnvelopeArtifacts was not found in module [project]/packages/geometry/src/index.ts [app-client] (ecmascript).
Did you mean to import buildHouseRoofModelPipeline?
All exports of the module are statically known (It doesn't have dynamic exports). So it's known statically that the requested export doesn't exist.

Import traces:
  Client Component Browser:
    ./apps/portal/lib/drawings/state/houseFormGeometryInput.ts [Client Component Browser]
    ./apps/portal/lib/drawings/state/objectWorkbenchStatusModel.ts [Client Component Browser]
    ./apps/portal/lib/drawings/state/drawingWorkbenchStore.ts [Client Component Browser]
    ./apps/portal/app/staff/projects/[projectId]/design-workbench/DesignWorkbenchEstimateClient.tsx [Client Component Browser]
    ./apps/portal/app/staff/projects/[projectId]/design-workbench/DesignWorkbenchEstimateClient.tsx [Server Component]
    ./apps/portal/app/staff/projects/[projectId]/design-workbench/page.tsx [Server Component]

  Client Component SSR:
    ./apps/portal/lib/drawings/state/houseFormGeometryInput.ts [Client Component SSR]
    ./apps/portal/lib/drawings/state/objectWorkbenchStatusModel.ts [Client Component SSR]
    ./apps/portal/lib/drawings/state/drawingWorkbenchStore.ts [Client Component SSR]
    ./apps/portal/app/staff/projects/[projectId]/design-workbench/DesignWorkbenchEstimateClient.tsx [Client Component SSR]
    ./apps/portal/app/staff/projects/[projectId]/design-workbench/DesignWorkbenchEstimateClient.tsx [Server Component]
    ./apps/portal/app/staff/projects/[projectId]/design-workbench/page.tsx [Server Component] @ http://localhost:3001/_next/static/chunks/node_modules_next_dist_0u_w_5s._.js:1945
[ 2465794ms] [ERROR] ./apps/portal/lib/drawings/state/houseFormGeometryInput.ts:1:1
Export buildHouseRoofEnvelopeArtifacts doesn't exist in target module
>  1 | import {
     | ^^^^^^^
>  2 |   applyHouseReferencePosition,
     | ^^^^^^^^^^^^^^^^^^^^^^^^^^^^^^
>  3 |   applyRoofQa,
     | ^^^^^^^^^^^^^^
>  4 |   buildHouseModel3DFromRawHouseInput,
     | ^^^^^^^^^^^^^^^^^^^^^^^^^^^^^^^^^^^^^
>  5 |   buildHouseReferenceProjectionShape,
     | ^^^^^^^^^^^^^^^^^^^^^^^^^^^^^^^^^^^^^
>  6 |   buildHouseRoofEnvelopeArtifacts,
     | ^^^^^^^^^^^^^^^^^^^^^^^^^^^^^^^^^^
>  7 |   buildHouseRoofModelPipeline,
     | ^^^^^^^^^^^^^^^^^^^^^^^^^^^^^^
>  8 |   composeFootprintFromComposition,
     | ^^^^^^^^^^^^^^^^^^^^^^^^^^^^^^^^^^
>  9 |   composeRoofFromComposition,
     | ^^^^^^^^^^^^^^^^^^^^^^^^^^^^^
> 10 |   DEFAULT_EAVE_OVERHANG_MM,
     | ^^^^^^^^^^^^^^^^^^^^^^^^^^^
> 11 |   DEFAULT_FASCIA_HEIGHT_MM,
     | ^^^^^^^^^^^^^^^^^^^^^^^^^^^
> 12 |   DEFAULT_GUTTER_DEPTH_MM,
     | ^^^^^^^^^^^^^^^^^^^^^^^^^^
> 13 |   DEFAULT_GUTTER_PROJECTION_MM,
     | ^^^^^^^^^^^^^^^^^^^^^^^^^^^^^^^
> 14 |   DEFAULT_GUTTER_WIDTH_MM,
     | ^^^^^^^^^^^^^^^^^^^^^^^^^^
> 15 |   DEFAULT_HOUSE_ROOF_MATERIAL,
     | ^^^^^^^^^^^^^^^^^^^^^^^^^^^^^^
> 16 |   DEFAULT_SOFFIT_DEPTH_MM,
     | ^^^^^^^^^^^^^^^^^^^^^^^^^^
> 17 |   EMPTY_HOUSE_ROOF_STAGE_DIAGNOSTICS,
     | ^^^^^^^^^^^^^^^^^^^^^^^^^^^^^^^^^^^^^
> 18 |   type GeometryTopProjectionShape,
     | ^^^^^^^^^^^^^^^^^^^^^^^^^^^^^^^^^^
> 19 |   type HouseComposition,
     | ^^^^^^^^^^^^^^^^^^^^^^^^
> 20 |   type HouseRoofModelPipelineFailureStage,
     | ^^^^^^^^^^^^^^^^^^^^^^^^^^^^^^^^^^^^^^^^^^
> 21 |   type HouseRoofStageDiagnostics,
     | ^^^^^^^^^^^^^^^^^^^^^^^^^^^^^^^^^
> 22 |   type HouseModel3D,
     | ^^^^^^^^^^^^^^^^^^^^
> 23 |   type RectangleRoofIntent,
     | ^^^^^^^^^^^^^^^^^^^^^^^^^^^
> 24 |   type HouseReferenceGeometry,
     | ^^^^^^^^^^^^^^^^^^^^^^^^^^^^^^
> 25 |   type Polygon3,
     | ^^^^^^^^^^^^^^^^
> 26 |   type RawHouseInput,
     | ^^^^^^^^^^^^^^^^^^^^^
> 27 | } from "@sp/geometry";
     | ^^^^^^^^^^^^^^^^^^^^^^
  28 | import { houseFormTransformToAssemblyPosition } from "./houseFormTransform";
  29 | import { buildHouseFormRawGeometryInput } from "./houseFormRawGeometry";
  30 | import { deriveCompositionUnionPolygon3 } from "./houseFormCompositionFootprint";

The export buildHouseRoofEnvelopeArtifacts was not found in module [project]/packages/geometry/src/index.ts [app-ssr] (ecmascript).
Did you mean to import buildHouseRoofModelPipeline?
All exports of the module are statically known (It doesn't have dynamic exports). So it's known statically that the requested export doesn't exist.

Import traces:
  Client Component Browser:
    ./apps/portal/lib/drawings/state/houseFormGeometryInput.ts [Client Component Browser]
    ./apps/portal/lib/drawings/state/objectWorkbenchStatusModel.ts [Client Component Browser]
    ./apps/portal/lib/drawings/state/drawingWorkbenchStore.ts [Client Component Browser]
    ./apps/portal/app/staff/projects/[projectId]/design-workbench/DesignWorkbenchEstimateClient.tsx [Client Component Browser]
    ./apps/portal/app/staff/projects/[projectId]/design-workbench/DesignWorkbenchEstimateClient.tsx [Server Component]
    ./apps/portal/app/staff/projects/[projectId]/design-workbench/page.tsx [Server Component]

  Client Component SSR:
    ./apps/portal/lib/drawings/state/houseFormGeometryInput.ts [Client Component SSR]
    ./apps/portal/lib/drawings/state/objectWorkbenchStatusModel.ts [Client Component SSR]
    ./apps/portal/lib/drawings/state/drawingWorkbenchStore.ts [Client Component SSR]
    ./apps/portal/app/staff/projects/[projectId]/design-workbench/DesignWorkbenchEstimateClient.tsx [Client Component SSR]
    ./apps/portal/app/staff/projects/[projectId]/design-workbench/DesignWorkbenchEstimateClient.tsx [Server Component]
    ./apps/portal/app/staff/projects/[projectId]/design-workbench/page.tsx [Server Component] @ http://localhost:3001/_next/static/chunks/node_modules_next_dist_0u_w_5s._.js:1945
[ 2465794ms] [ERROR] ./apps/portal/lib/drawings/state/houseFormGeometryInput.ts:1:1
Export DEFAULT_EAVE_OVERHANG_MM doesn't exist in target module
>  1 | import {
     | ^^^^^^^
>  2 |   applyHouseReferencePosition,
     | ^^^^^^^^^^^^^^^^^^^^^^^^^^^^^^
>  3 |   applyRoofQa,
     | ^^^^^^^^^^^^^^
>  4 |   buildHouseModel3DFromRawHouseInput,
     | ^^^^^^^^^^^^^^^^^^^^^^^^^^^^^^^^^^^^^
>  5 |   buildHouseReferenceProjectionShape,
     | ^^^^^^^^^^^^^^^^^^^^^^^^^^^^^^^^^^^^^
>  6 |   buildHouseRoofEnvelopeArtifacts,
     | ^^^^^^^^^^^^^^^^^^^^^^^^^^^^^^^^^^
>  7 |   buildHouseRoofModelPipeline,
     | ^^^^^^^^^^^^^^^^^^^^^^^^^^^^^^
>  8 |   composeFootprintFromComposition,
     | ^^^^^^^^^^^^^^^^^^^^^^^^^^^^^^^^^^
>  9 |   composeRoofFromComposition,
     | ^^^^^^^^^^^^^^^^^^^^^^^^^^^^^
> 10 |   DEFAULT_EAVE_OVERHANG_MM,
     | ^^^^^^^^^^^^^^^^^^^^^^^^^^^
> 11 |   DEFAULT_FASCIA_HEIGHT_MM,
     | ^^^^^^^^^^^^^^^^^^^^^^^^^^^
> 12 |   DEFAULT_GUTTER_DEPTH_MM,
     | ^^^^^^^^^^^^^^^^^^^^^^^^^^
> 13 |   DEFAULT_GUTTER_PROJECTION_MM,
     | ^^^^^^^^^^^^^^^^^^^^^^^^^^^^^^^
> 14 |   DEFAULT_GUTTER_WIDTH_MM,
     | ^^^^^^^^^^^^^^^^^^^^^^^^^^
> 15 |   DEFAULT_HOUSE_ROOF_MATERIAL,
     | ^^^^^^^^^^^^^^^^^^^^^^^^^^^^^^
> 16 |   DEFAULT_SOFFIT_DEPTH_MM,
     | ^^^^^^^^^^^^^^^^^^^^^^^^^^
> 17 |   EMPTY_HOUSE_ROOF_STAGE_DIAGNOSTICS,
     | ^^^^^^^^^^^^^^^^^^^^^^^^^^^^^^^^^^^^^
> 18 |   type GeometryTopProjectionShape,
     | ^^^^^^^^^^^^^^^^^^^^^^^^^^^^^^^^^^
> 19 |   type HouseComposition,
     | ^^^^^^^^^^^^^^^^^^^^^^^^
> 20 |   type HouseRoofModelPipelineFailureStage,
     | ^^^^^^^^^^^^^^^^^^^^^^^^^^^^^^^^^^^^^^^^^^
> 21 |   type HouseRoofStageDiagnostics,
     | ^^^^^^^^^^^^^^^^^^^^^^^^^^^^^^^^^
> 22 |   type HouseModel3D,
     | ^^^^^^^^^^^^^^^^^^^^
> 23 |   type RectangleRoofIntent,
     | ^^^^^^^^^^^^^^^^^^^^^^^^^^^
> 24 |   type HouseReferenceGeometry,
     | ^^^^^^^^^^^^^^^^^^^^^^^^^^^^^^
> 25 |   type Polygon3,
     | ^^^^^^^^^^^^^^^^
> 26 |   type RawHouseInput,
     | ^^^^^^^^^^^^^^^^^^^^^
> 27 | } from "@sp/geometry";
     | ^^^^^^^^^^^^^^^^^^^^^^
  28 | import { houseFormTransformToAssemblyPosition } from "./houseFormTransform";
  29 | import { buildHouseFormRawGeometryInput } from "./houseFormRawGeometry";
  30 | import { deriveCompositionUnionPolygon3 } from "./houseFormCompositionFootprint";

The export DEFAULT_EAVE_OVERHANG_MM was not found in module [project]/packages/geometry/src/index.ts [app-client] (ecmascript).
Did you mean to import EMPTY_HOUSE_ROOF_STAGE_DIAGNOSTICS?
All exports of the module are statically known (It doesn't have dynamic exports). So it's known statically that the requested export doesn't exist.

Import traces:
  Client Component Browser:
    ./apps/portal/lib/drawings/state/houseFormGeometryInput.ts [Client Component Browser]
    ./apps/portal/lib/drawings/state/objectWorkbenchStatusModel.ts [Client Component Browser]
    ./apps/portal/lib/drawings/state/drawingWorkbenchStore.ts [Client Component Browser]
    ./apps/portal/app/staff/projects/[projectId]/design-workbench/DesignWorkbenchFixtureClient.tsx [Client Component Browser]
    ./apps/portal/app/staff/projects/[projectId]/design-workbench/DesignWorkbenchFixtureClient.tsx [Server Component]
    ./apps/portal/app/qa/design-workbench-fixture/page.tsx [Server Component]

  Client Component SSR:
    ./apps/portal/lib/drawings/state/houseFormGeometryInput.ts [Client Component SSR]
    ./apps/portal/lib/drawings/state/objectWorkbenchStatusModel.ts [Client Component SSR]
    ./apps/portal/lib/drawings/state/drawingWorkbenchStore.ts [Client Component SSR]
    ./apps/portal/app/staff/projects/[projectId]/design-workbench/DesignWorkbenchFixtureClient.tsx [Client Component SSR]
    ./apps/portal/app/staff/projects/[projectId]/design-workbench/DesignWorkbenchFixtureClient.tsx [Server Component]
    ./apps/portal/app/qa/design-workbench-fixture/page.tsx [Server Component] @ http://localhost:3001/_next/static/chunks/node_modules_next_dist_0u_w_5s._.js:1945
[ 2465794ms] [ERROR] ./apps/portal/lib/drawings/state/houseFormGeometryInput.ts:1:1
Export DEFAULT_EAVE_OVERHANG_MM doesn't exist in target module
>  1 | import {
     | ^^^^^^^
>  2 |   applyHouseReferencePosition,
     | ^^^^^^^^^^^^^^^^^^^^^^^^^^^^^^
>  3 |   applyRoofQa,
     | ^^^^^^^^^^^^^^
>  4 |   buildHouseModel3DFromRawHouseInput,
     | ^^^^^^^^^^^^^^^^^^^^^^^^^^^^^^^^^^^^^
>  5 |   buildHouseReferenceProjectionShape,
     | ^^^^^^^^^^^^^^^^^^^^^^^^^^^^^^^^^^^^^
>  6 |   buildHouseRoofEnvelopeArtifacts,
     | ^^^^^^^^^^^^^^^^^^^^^^^^^^^^^^^^^^
>  7 |   buildHouseRoofModelPipeline,
     | ^^^^^^^^^^^^^^^^^^^^^^^^^^^^^^
>  8 |   composeFootprintFromComposition,
     | ^^^^^^^^^^^^^^^^^^^^^^^^^^^^^^^^^^
>  9 |   composeRoofFromComposition,
     | ^^^^^^^^^^^^^^^^^^^^^^^^^^^^^
> 10 |   DEFAULT_EAVE_OVERHANG_MM,
     | ^^^^^^^^^^^^^^^^^^^^^^^^^^^
> 11 |   DEFAULT_FASCIA_HEIGHT_MM,
     | ^^^^^^^^^^^^^^^^^^^^^^^^^^^
> 12 |   DEFAULT_GUTTER_DEPTH_MM,
     | ^^^^^^^^^^^^^^^^^^^^^^^^^^
> 13 |   DEFAULT_GUTTER_PROJECTION_MM,
     | ^^^^^^^^^^^^^^^^^^^^^^^^^^^^^^^
> 14 |   DEFAULT_GUTTER_WIDTH_MM,
     | ^^^^^^^^^^^^^^^^^^^^^^^^^^
> 15 |   DEFAULT_HOUSE_ROOF_MATERIAL,
     | ^^^^^^^^^^^^^^^^^^^^^^^^^^^^^^
> 16 |   DEFAULT_SOFFIT_DEPTH_MM,
     | ^^^^^^^^^^^^^^^^^^^^^^^^^^
> 17 |   EMPTY_HOUSE_ROOF_STAGE_DIAGNOSTICS,
     | ^^^^^^^^^^^^^^^^^^^^^^^^^^^^^^^^^^^^^
> 18 |   type GeometryTopProjectionShape,
     | ^^^^^^^^^^^^^^^^^^^^^^^^^^^^^^^^^^
> 19 |   type HouseComposition,
     | ^^^^^^^^^^^^^^^^^^^^^^^^
> 20 |   type HouseRoofModelPipelineFailureStage,
     | ^^^^^^^^^^^^^^^^^^^^^^^^^^^^^^^^^^^^^^^^^^
> 21 |   type HouseRoofStageDiagnostics,
     | ^^^^^^^^^^^^^^^^^^^^^^^^^^^^^^^^^
> 22 |   type HouseModel3D,
     | ^^^^^^^^^^^^^^^^^^^^
> 23 |   type RectangleRoofIntent,
     | ^^^^^^^^^^^^^^^^^^^^^^^^^^^
> 24 |   type HouseReferenceGeometry,
     | ^^^^^^^^^^^^^^^^^^^^^^^^^^^^^^
> 25 |   type Polygon3,
     | ^^^^^^^^^^^^^^^^
> 26 |   type RawHouseInput,
     | ^^^^^^^^^^^^^^^^^^^^^
> 27 | } from "@sp/geometry";
     | ^^^^^^^^^^^^^^^^^^^^^^
  28 | import { houseFormTransformToAssemblyPosition } from "./houseFormTransform";
  29 | import { buildHouseFormRawGeometryInput } from "./houseFormRawGeometry";
  30 | import { deriveCompositionUnionPolygon3 } from "./houseFormCompositionFootprint";

The export DEFAULT_EAVE_OVERHANG_MM was not found in module [project]/packages/geometry/src/index.ts [app-ssr] (ecmascript).
Did you mean to import EMPTY_HOUSE_ROOF_STAGE_DIAGNOSTICS?
All exports of the module are statically known (It doesn't have dynamic exports). So it's known statically that the requested export doesn't exist.

Import traces:
  Client Component Browser:
    ./apps/portal/lib/drawings/state/houseFormGeometryInput.ts [Client Component Browser]
    ./apps/portal/lib/drawings/state/objectWorkbenchStatusModel.ts [Client Component Browser]
    ./apps/portal/lib/drawings/state/drawingWorkbenchStore.ts [Client Component Browser]
    ./apps/portal/app/staff/projects/[projectId]/design-workbench/DesignWorkbenchFixtureClient.tsx [Client Component Browser]
    ./apps/portal/app/staff/projects/[projectId]/design-workbench/DesignWorkbenchFixtureClient.tsx [Server Component]
    ./apps/portal/app/qa/design-workbench-fixture/page.tsx [Server Component]

  Client Component SSR:
    ./apps/portal/lib/drawings/state/houseFormGeometryInput.ts [Client Component SSR]
    ./apps/portal/lib/drawings/state/objectWorkbenchStatusModel.ts [Client Component SSR]
    ./apps/portal/lib/drawings/state/drawingWorkbenchStore.ts [Client Component SSR]
    ./apps/portal/app/staff/projects/[projectId]/design-workbench/DesignWorkbenchFixtureClient.tsx [Client Component SSR]
    ./apps/portal/app/staff/projects/[projectId]/design-workbench/DesignWorkbenchFixtureClient.tsx [Server Component]
    ./apps/portal/app/qa/design-workbench-fixture/page.tsx [Server Component] @ http://localhost:3001/_next/static/chunks/node_modules_next_dist_0u_w_5s._.js:1945
[ 2465794ms] [ERROR] ./apps/portal/lib/drawings/state/houseFormGeometryInput.ts:1:1
Export DEFAULT_FASCIA_HEIGHT_MM doesn't exist in target module
>  1 | import {
     | ^^^^^^^
>  2 |   applyHouseReferencePosition,
     | ^^^^^^^^^^^^^^^^^^^^^^^^^^^^^^
>  3 |   applyRoofQa,
     | ^^^^^^^^^^^^^^
>  4 |   buildHouseModel3DFromRawHouseInput,
     | ^^^^^^^^^^^^^^^^^^^^^^^^^^^^^^^^^^^^^
>  5 |   buildHouseReferenceProjectionShape,
     | ^^^^^^^^^^^^^^^^^^^^^^^^^^^^^^^^^^^^^
>  6 |   buildHouseRoofEnvelopeArtifacts,
     | ^^^^^^^^^^^^^^^^^^^^^^^^^^^^^^^^^^
>  7 |   buildHouseRoofModelPipeline,
     | ^^^^^^^^^^^^^^^^^^^^^^^^^^^^^^
>  8 |   composeFootprintFromComposition,
     | ^^^^^^^^^^^^^^^^^^^^^^^^^^^^^^^^^^
>  9 |   composeRoofFromComposition,
     | ^^^^^^^^^^^^^^^^^^^^^^^^^^^^^
> 10 |   DEFAULT_EAVE_OVERHANG_MM,
     | ^^^^^^^^^^^^^^^^^^^^^^^^^^^
> 11 |   DEFAULT_FASCIA_HEIGHT_MM,
     | ^^^^^^^^^^^^^^^^^^^^^^^^^^^
> 12 |   DEFAULT_GUTTER_DEPTH_MM,
     | ^^^^^^^^^^^^^^^^^^^^^^^^^^
> 13 |   DEFAULT_GUTTER_PROJECTION_MM,
     | ^^^^^^^^^^^^^^^^^^^^^^^^^^^^^^^
> 14 |   DEFAULT_GUTTER_WIDTH_MM,
     | ^^^^^^^^^^^^^^^^^^^^^^^^^^
> 15 |   DEFAULT_HOUSE_ROOF_MATERIAL,
     | ^^^^^^^^^^^^^^^^^^^^^^^^^^^^^^
> 16 |   DEFAULT_SOFFIT_DEPTH_MM,
     | ^^^^^^^^^^^^^^^^^^^^^^^^^^
> 17 |   EMPTY_HOUSE_ROOF_STAGE_DIAGNOSTICS,
     | ^^^^^^^^^^^^^^^^^^^^^^^^^^^^^^^^^^^^^
> 18 |   type GeometryTopProjectionShape,
     | ^^^^^^^^^^^^^^^^^^^^^^^^^^^^^^^^^^
> 19 |   type HouseComposition,
     | ^^^^^^^^^^^^^^^^^^^^^^^^
> 20 |   type HouseRoofModelPipelineFailureStage,
     | ^^^^^^^^^^^^^^^^^^^^^^^^^^^^^^^^^^^^^^^^^^
> 21 |   type HouseRoofStageDiagnostics,
     | ^^^^^^^^^^^^^^^^^^^^^^^^^^^^^^^^^
> 22 |   type HouseModel3D,
     | ^^^^^^^^^^^^^^^^^^^^
> 23 |   type RectangleRoofIntent,
     | ^^^^^^^^^^^^^^^^^^^^^^^^^^^
> 24 |   type HouseReferenceGeometry,
     | ^^^^^^^^^^^^^^^^^^^^^^^^^^^^^^
> 25 |   type Polygon3,
     | ^^^^^^^^^^^^^^^^
> 26 |   type RawHouseInput,
     | ^^^^^^^^^^^^^^^^^^^^^
> 27 | } from "@sp/geometry";
     | ^^^^^^^^^^^^^^^^^^^^^^
  28 | import { houseFormTransformToAssemblyPosition } from "./houseFormTransform";
  29 | import { buildHouseFormRawGeometryInput } from "./houseFormRawGeometry";
  30 | import { deriveCompositionUnionPolygon3 } from "./houseFormCompositionFootprint";

The export DEFAULT_FASCIA_HEIGHT_MM was not found in module [project]/packages/geometry/src/index.ts [app-client] (ecmascript).
Did you mean to import EMPTY_HOUSE_ROOF_STAGE_DIAGNOSTICS?
All exports of the module are statically known (It doesn't have dynamic exports). So it's known statically that the requested export doesn't exist.

Import traces:
  Client Component Browser:
    ./apps/portal/lib/drawings/state/houseFormGeometryInput.ts [Client Component Browser]
    ./apps/portal/lib/drawings/state/objectWorkbenchStatusModel.ts [Client Component Browser]
    ./apps/portal/lib/drawings/state/drawingWorkbenchStore.ts [Client Component Browser]
    ./apps/portal/app/staff/projects/[projectId]/design-workbench/DesignWorkbenchFixtureClient.tsx [Client Component Browser]
    ./apps/portal/app/staff/projects/[projectId]/design-workbench/DesignWorkbenchFixtureClient.tsx [Server Component]
    ./apps/portal/app/qa/design-workbench-fixture/page.tsx [Server Component]

  Client Component SSR:
    ./apps/portal/lib/drawings/state/houseFormGeometryInput.ts [Client Component SSR]
    ./apps/portal/lib/drawings/state/objectWorkbenchStatusModel.ts [Client Component SSR]
    ./apps/portal/lib/drawings/state/drawingWorkbenchStore.ts [Client Component SSR]
    ./apps/portal/app/staff/projects/[projectId]/design-workbench/DesignWorkbenchFixtureClient.tsx [Client Component SSR]
    ./apps/portal/app/staff/projects/[projectId]/design-workbench/DesignWorkbenchFixtureClient.tsx [Server Component]
    ./apps/portal/app/qa/design-workbench-fixture/page.tsx [Server Component] @ http://localhost:3001/_next/static/chunks/node_modules_next_dist_0u_w_5s._.js:1945
[ 2465794ms] [ERROR] ./apps/portal/lib/drawings/state/houseFormGeometryInput.ts:1:1
Export DEFAULT_FASCIA_HEIGHT_MM doesn't exist in target module
>  1 | import {
     | ^^^^^^^
>  2 |   applyHouseReferencePosition,
     | ^^^^^^^^^^^^^^^^^^^^^^^^^^^^^^
>  3 |   applyRoofQa,
     | ^^^^^^^^^^^^^^
>  4 |   buildHouseModel3DFromRawHouseInput,
     | ^^^^^^^^^^^^^^^^^^^^^^^^^^^^^^^^^^^^^
>  5 |   buildHouseReferenceProjectionShape,
     | ^^^^^^^^^^^^^^^^^^^^^^^^^^^^^^^^^^^^^
>  6 |   buildHouseRoofEnvelopeArtifacts,
     | ^^^^^^^^^^^^^^^^^^^^^^^^^^^^^^^^^^
>  7 |   buildHouseRoofModelPipeline,
     | ^^^^^^^^^^^^^^^^^^^^^^^^^^^^^^
>  8 |   composeFootprintFromComposition,
     | ^^^^^^^^^^^^^^^^^^^^^^^^^^^^^^^^^^
>  9 |   composeRoofFromComposition,
     | ^^^^^^^^^^^^^^^^^^^^^^^^^^^^^
> 10 |   DEFAULT_EAVE_OVERHANG_MM,
     | ^^^^^^^^^^^^^^^^^^^^^^^^^^^
> 11 |   DEFAULT_FASCIA_HEIGHT_MM,
     | ^^^^^^^^^^^^^^^^^^^^^^^^^^^
> 12 |   DEFAULT_GUTTER_DEPTH_MM,
     | ^^^^^^^^^^^^^^^^^^^^^^^^^^
> 13 |   DEFAULT_GUTTER_PROJECTION_MM,
     | ^^^^^^^^^^^^^^^^^^^^^^^^^^^^^^^
> 14 |   DEFAULT_GUTTER_WIDTH_MM,
     | ^^^^^^^^^^^^^^^^^^^^^^^^^^
> 15 |   DEFAULT_HOUSE_ROOF_MATERIAL,
     | ^^^^^^^^^^^^^^^^^^^^^^^^^^^^^^
> 16 |   DEFAULT_SOFFIT_DEPTH_MM,
     | ^^^^^^^^^^^^^^^^^^^^^^^^^^
> 17 |   EMPTY_HOUSE_ROOF_STAGE_DIAGNOSTICS,
     | ^^^^^^^^^^^^^^^^^^^^^^^^^^^^^^^^^^^^^
> 18 |   type GeometryTopProjectionShape,
     | ^^^^^^^^^^^^^^^^^^^^^^^^^^^^^^^^^^
> 19 |   type HouseComposition,
     | ^^^^^^^^^^^^^^^^^^^^^^^^
> 20 |   type HouseRoofModelPipelineFailureStage,
     | ^^^^^^^^^^^^^^^^^^^^^^^^^^^^^^^^^^^^^^^^^^
> 21 |   type HouseRoofStageDiagnostics,
     | ^^^^^^^^^^^^^^^^^^^^^^^^^^^^^^^^^
> 22 |   type HouseModel3D,
     | ^^^^^^^^^^^^^^^^^^^^
> 23 |   type RectangleRoofIntent,
     | ^^^^^^^^^^^^^^^^^^^^^^^^^^^
> 24 |   type HouseReferenceGeometry,
     | ^^^^^^^^^^^^^^^^^^^^^^^^^^^^^^
> 25 |   type Polygon3,
     | ^^^^^^^^^^^^^^^^
> 26 |   type RawHouseInput,
     | ^^^^^^^^^^^^^^^^^^^^^
> 27 | } from "@sp/geometry";
     | ^^^^^^^^^^^^^^^^^^^^^^
  28 | import { houseFormTransformToAssemblyPosition } from "./houseFormTransform";
  29 | import { buildHouseFormRawGeometryInput } from "./houseFormRawGeometry";
  30 | import { deriveCompositionUnionPolygon3 } from "./houseFormCompositionFootprint";

The export DEFAULT_FASCIA_HEIGHT_MM was not found in module [project]/packages/geometry/src/index.ts [app-ssr] (ecmascript).
Did you mean to import EMPTY_HOUSE_ROOF_STAGE_DIAGNOSTICS?
All exports of the module are statically known (It doesn't have dynamic exports). So it's known statically that the requested export doesn't exist.

Import traces:
  Client Component Browser:
    ./apps/portal/lib/drawings/state/houseFormGeometryInput.ts [Client Component Browser]
    ./apps/portal/lib/drawings/state/objectWorkbenchStatusModel.ts [Client Component Browser]
    ./apps/portal/lib/drawings/state/drawingWorkbenchStore.ts [Client Component Browser]
    ./apps/portal/app/staff/projects/[projectId]/design-workbench/DesignWorkbenchFixtureClient.tsx [Client Component Browser]
    ./apps/portal/app/staff/projects/[projectId]/design-workbench/DesignWorkbenchFixtureClient.tsx [Server Component]
    ./apps/portal/app/qa/design-workbench-fixture/page.tsx [Server Component]

  Client Component SSR:
    ./apps/portal/lib/drawings/state/houseFormGeometryInput.ts [Client Component SSR]
    ./apps/portal/lib/drawings/state/objectWorkbenchStatusModel.ts [Client Component SSR]
    ./apps/portal/lib/drawings/state/drawingWorkbenchStore.ts [Client Component SSR]
    ./apps/portal/app/staff/projects/[projectId]/design-workbench/DesignWorkbenchFixtureClient.tsx [Client Component SSR]
    ./apps/portal/app/staff/projects/[projectId]/design-workbench/DesignWorkbenchFixtureClient.tsx [Server Component]
    ./apps/portal/app/qa/design-workbench-fixture/page.tsx [Server Component] @ http://localhost:3001/_next/static/chunks/node_modules_next_dist_0u_w_5s._.js:1945
[ 2465794ms] [ERROR] ./apps/portal/lib/drawings/state/houseFormGeometryInput.ts:1:1
Export DEFAULT_GUTTER_DEPTH_MM doesn't exist in target module
>  1 | import {
     | ^^^^^^^
>  2 |   applyHouseReferencePosition,
     | ^^^^^^^^^^^^^^^^^^^^^^^^^^^^^^
>  3 |   applyRoofQa,
     | ^^^^^^^^^^^^^^
>  4 |   buildHouseModel3DFromRawHouseInput,
     | ^^^^^^^^^^^^^^^^^^^^^^^^^^^^^^^^^^^^^
>  5 |   buildHouseReferenceProjectionShape,
     | ^^^^^^^^^^^^^^^^^^^^^^^^^^^^^^^^^^^^^
>  6 |   buildHouseRoofEnvelopeArtifacts,
     | ^^^^^^^^^^^^^^^^^^^^^^^^^^^^^^^^^^
>  7 |   buildHouseRoofModelPipeline,
     | ^^^^^^^^^^^^^^^^^^^^^^^^^^^^^^
>  8 |   composeFootprintFromComposition,
     | ^^^^^^^^^^^^^^^^^^^^^^^^^^^^^^^^^^
>  9 |   composeRoofFromComposition,
     | ^^^^^^^^^^^^^^^^^^^^^^^^^^^^^
> 10 |   DEFAULT_EAVE_OVERHANG_MM,
     | ^^^^^^^^^^^^^^^^^^^^^^^^^^^
> 11 |   DEFAULT_FASCIA_HEIGHT_MM,
     | ^^^^^^^^^^^^^^^^^^^^^^^^^^^
> 12 |   DEFAULT_GUTTER_DEPTH_MM,
     | ^^^^^^^^^^^^^^^^^^^^^^^^^^
> 13 |   DEFAULT_GUTTER_PROJECTION_MM,
     | ^^^^^^^^^^^^^^^^^^^^^^^^^^^^^^^
> 14 |   DEFAULT_GUTTER_WIDTH_MM,
     | ^^^^^^^^^^^^^^^^^^^^^^^^^^
> 15 |   DEFAULT_HOUSE_ROOF_MATERIAL,
     | ^^^^^^^^^^^^^^^^^^^^^^^^^^^^^^
> 16 |   DEFAULT_SOFFIT_DEPTH_MM,
     | ^^^^^^^^^^^^^^^^^^^^^^^^^^
> 17 |   EMPTY_HOUSE_ROOF_STAGE_DIAGNOSTICS,
     | ^^^^^^^^^^^^^^^^^^^^^^^^^^^^^^^^^^^^^
> 18 |   type GeometryTopProjectionShape,
     | ^^^^^^^^^^^^^^^^^^^^^^^^^^^^^^^^^^
> 19 |   type HouseComposition,
     | ^^^^^^^^^^^^^^^^^^^^^^^^
> 20 |   type HouseRoofModelPipelineFailureStage,
     | ^^^^^^^^^^^^^^^^^^^^^^^^^^^^^^^^^^^^^^^^^^
> 21 |   type HouseRoofStageDiagnostics,
     | ^^^^^^^^^^^^^^^^^^^^^^^^^^^^^^^^^
> 22 |   type HouseModel3D,
     | ^^^^^^^^^^^^^^^^^^^^
> 23 |   type RectangleRoofIntent,
     | ^^^^^^^^^^^^^^^^^^^^^^^^^^^
> 24 |   type HouseReferenceGeometry,
     | ^^^^^^^^^^^^^^^^^^^^^^^^^^^^^^
> 25 |   type Polygon3,
     | ^^^^^^^^^^^^^^^^
> 26 |   type RawHouseInput,
     | ^^^^^^^^^^^^^^^^^^^^^
> 27 | } from "@sp/geometry";
     | ^^^^^^^^^^^^^^^^^^^^^^
  28 | import { houseFormTransformToAssemblyPosition } from "./houseFormTransform";
  29 | import { buildHouseFormRawGeometryInput } from "./houseFormRawGeometry";
  30 | import { deriveCompositionUnionPolygon3 } from "./houseFormCompositionFootprint";

The export DEFAULT_GUTTER_DEPTH_MM was not found in module [project]/packages/geometry/src/index.ts [app-client] (ecmascript).
Did you mean to import EMPTY_HOUSE_ROOF_STAGE_DIAGNOSTICS?
All exports of the module are statically known (It doesn't have dynamic exports). So it's known statically that the requested export doesn't exist.

Import traces:
  Client Component Browser:
    ./apps/portal/lib/drawings/state/houseFormGeometryInput.ts [Client Component Browser]
    ./apps/portal/lib/drawings/state/objectWorkbenchStatusModel.ts [Client Component Browser]
    ./apps/portal/lib/drawings/state/drawingWorkbenchStore.ts [Client Component Browser]
    ./apps/portal/app/staff/projects/[projectId]/design-workbench/DesignWorkbenchFixtureClient.tsx [Client Component Browser]
    ./apps/portal/app/staff/projects/[projectId]/design-workbench/DesignWorkbenchFixtureClient.tsx [Server Component]
    ./apps/portal/app/qa/design-workbench-fixture/page.tsx [Server Component]

  Client Component SSR:
    ./apps/portal/lib/drawings/state/houseFormGeometryInput.ts [Client Component SSR]
    ./apps/portal/lib/drawings/state/objectWorkbenchStatusModel.ts [Client Component SSR]
    ./apps/portal/lib/drawings/state/drawingWorkbenchStore.ts [Client Component SSR]
    ./apps/portal/app/staff/projects/[projectId]/design-workbench/DesignWorkbenchFixtureClient.tsx [Client Component SSR]
    ./apps/portal/app/staff/projects/[projectId]/design-workbench/DesignWorkbenchFixtureClient.tsx [Server Component]
    ./apps/portal/app/qa/design-workbench-fixture/page.tsx [Server Component] @ http://localhost:3001/_next/static/chunks/node_modules_next_dist_0u_w_5s._.js:1945
[ 2465794ms] [ERROR] ./apps/portal/lib/drawings/state/houseFormGeometryInput.ts:1:1
Export DEFAULT_GUTTER_DEPTH_MM doesn't exist in target module
>  1 | import {
     | ^^^^^^^
>  2 |   applyHouseReferencePosition,
     | ^^^^^^^^^^^^^^^^^^^^^^^^^^^^^^
>  3 |   applyRoofQa,
     | ^^^^^^^^^^^^^^
>  4 |   buildHouseModel3DFromRawHouseInput,
     | ^^^^^^^^^^^^^^^^^^^^^^^^^^^^^^^^^^^^^
>  5 |   buildHouseReferenceProjectionShape,
     | ^^^^^^^^^^^^^^^^^^^^^^^^^^^^^^^^^^^^^
>  6 |   buildHouseRoofEnvelopeArtifacts,
     | ^^^^^^^^^^^^^^^^^^^^^^^^^^^^^^^^^^
>  7 |   buildHouseRoofModelPipeline,
     | ^^^^^^^^^^^^^^^^^^^^^^^^^^^^^^
>  8 |   composeFootprintFromComposition,
     | ^^^^^^^^^^^^^^^^^^^^^^^^^^^^^^^^^^
>  9 |   composeRoofFromComposition,
     | ^^^^^^^^^^^^^^^^^^^^^^^^^^^^^
> 10 |   DEFAULT_EAVE_OVERHANG_MM,
     | ^^^^^^^^^^^^^^^^^^^^^^^^^^^
> 11 |   DEFAULT_FASCIA_HEIGHT_MM,
     | ^^^^^^^^^^^^^^^^^^^^^^^^^^^
> 12 |   DEFAULT_GUTTER_DEPTH_MM,
     | ^^^^^^^^^^^^^^^^^^^^^^^^^^
> 13 |   DEFAULT_GUTTER_PROJECTION_MM,
     | ^^^^^^^^^^^^^^^^^^^^^^^^^^^^^^^
> 14 |   DEFAULT_GUTTER_WIDTH_MM,
     | ^^^^^^^^^^^^^^^^^^^^^^^^^^
> 15 |   DEFAULT_HOUSE_ROOF_MATERIAL,
     | ^^^^^^^^^^^^^^^^^^^^^^^^^^^^^^
> 16 |   DEFAULT_SOFFIT_DEPTH_MM,
     | ^^^^^^^^^^^^^^^^^^^^^^^^^^
> 17 |   EMPTY_HOUSE_ROOF_STAGE_DIAGNOSTICS,
     | ^^^^^^^^^^^^^^^^^^^^^^^^^^^^^^^^^^^^^
> 18 |   type GeometryTopProjectionShape,
     | ^^^^^^^^^^^^^^^^^^^^^^^^^^^^^^^^^^
> 19 |   type HouseComposition,
     | ^^^^^^^^^^^^^^^^^^^^^^^^
> 20 |   type HouseRoofModelPipelineFailureStage,
     | ^^^^^^^^^^^^^^^^^^^^^^^^^^^^^^^^^^^^^^^^^^
> 21 |   type HouseRoofStageDiagnostics,
     | ^^^^^^^^^^^^^^^^^^^^^^^^^^^^^^^^^
> 22 |   type HouseModel3D,
     | ^^^^^^^^^^^^^^^^^^^^
> 23 |   type RectangleRoofIntent,
     | ^^^^^^^^^^^^^^^^^^^^^^^^^^^
> 24 |   type HouseReferenceGeometry,
     | ^^^^^^^^^^^^^^^^^^^^^^^^^^^^^^
> 25 |   type Polygon3,
     | ^^^^^^^^^^^^^^^^
> 26 |   type RawHouseInput,
     | ^^^^^^^^^^^^^^^^^^^^^
> 27 | } from "@sp/geometry";
     | ^^^^^^^^^^^^^^^^^^^^^^
  28 | import { houseFormTransformToAssemblyPosition } from "./houseFormTransform";
  29 | import { buildHouseFormRawGeometryInput } from "./houseFormRawGeometry";
  30 | import { deriveCompositionUnionPolygon3 } from "./houseFormCompositionFootprint";

The export DEFAULT_GUTTER_DEPTH_MM was not found in module [project]/packages/geometry/src/index.ts [app-ssr] (ecmascript).
Did you mean to import EMPTY_HOUSE_ROOF_STAGE_DIAGNOSTICS?
All exports of the module are statically known (It doesn't have dynamic exports). So it's known statically that the requested export doesn't exist.

Import traces:
  Client Component Browser:
    ./apps/portal/lib/drawings/state/houseFormGeometryInput.ts [Client Component Browser]
    ./apps/portal/lib/drawings/state/objectWorkbenchStatusModel.ts [Client Component Browser]
    ./apps/portal/lib/drawings/state/drawingWorkbenchStore.ts [Client Component Browser]
    ./apps/portal/app/staff/projects/[projectId]/design-workbench/DesignWorkbenchFixtureClient.tsx [Client Component Browser]
    ./apps/portal/app/staff/projects/[projectId]/design-workbench/DesignWorkbenchFixtureClient.tsx [Server Component]
    ./apps/portal/app/qa/design-workbench-fixture/page.tsx [Server Component]

  Client Component SSR:
    ./apps/portal/lib/drawings/state/houseFormGeometryInput.ts [Client Component SSR]
    ./apps/portal/lib/drawings/state/objectWorkbenchStatusModel.ts [Client Component SSR]
    ./apps/portal/lib/drawings/state/drawingWorkbenchStore.ts [Client Component SSR]
    ./apps/portal/app/staff/projects/[projectId]/design-workbench/DesignWorkbenchFixtureClient.tsx [Client Component SSR]
    ./apps/portal/app/staff/projects/[projectId]/design-workbench/DesignWorkbenchFixtureClient.tsx [Server Component]
    ./apps/portal/app/qa/design-workbench-fixture/page.tsx [Server Component] @ http://localhost:3001/_next/static/chunks/node_modules_next_dist_0u_w_5s._.js:1945
[ 2465794ms] [ERROR] ./apps/portal/lib/drawings/state/houseFormGeometryInput.ts:1:1
Export DEFAULT_GUTTER_PROJECTION_MM doesn't exist in target module
>  1 | import {
     | ^^^^^^^
>  2 |   applyHouseReferencePosition,
     | ^^^^^^^^^^^^^^^^^^^^^^^^^^^^^^
>  3 |   applyRoofQa,
     | ^^^^^^^^^^^^^^
>  4 |   buildHouseModel3DFromRawHouseInput,
     | ^^^^^^^^^^^^^^^^^^^^^^^^^^^^^^^^^^^^^
>  5 |   buildHouseReferenceProjectionShape,
     | ^^^^^^^^^^^^^^^^^^^^^^^^^^^^^^^^^^^^^
>  6 |   buildHouseRoofEnvelopeArtifacts,
     | ^^^^^^^^^^^^^^^^^^^^^^^^^^^^^^^^^^
>  7 |   buildHouseRoofModelPipeline,
     | ^^^^^^^^^^^^^^^^^^^^^^^^^^^^^^
>  8 |   composeFootprintFromComposition,
     | ^^^^^^^^^^^^^^^^^^^^^^^^^^^^^^^^^^
>  9 |   composeRoofFromComposition,
     | ^^^^^^^^^^^^^^^^^^^^^^^^^^^^^
> 10 |   DEFAULT_EAVE_OVERHANG_MM,
     | ^^^^^^^^^^^^^^^^^^^^^^^^^^^
> 11 |   DEFAULT_FASCIA_HEIGHT_MM,
     | ^^^^^^^^^^^^^^^^^^^^^^^^^^^
> 12 |   DEFAULT_GUTTER_DEPTH_MM,
     | ^^^^^^^^^^^^^^^^^^^^^^^^^^
> 13 |   DEFAULT_GUTTER_PROJECTION_MM,
     | ^^^^^^^^^^^^^^^^^^^^^^^^^^^^^^^
> 14 |   DEFAULT_GUTTER_WIDTH_MM,
     | ^^^^^^^^^^^^^^^^^^^^^^^^^^
> 15 |   DEFAULT_HOUSE_ROOF_MATERIAL,
     | ^^^^^^^^^^^^^^^^^^^^^^^^^^^^^^
> 16 |   DEFAULT_SOFFIT_DEPTH_MM,
     | ^^^^^^^^^^^^^^^^^^^^^^^^^^
> 17 |   EMPTY_HOUSE_ROOF_STAGE_DIAGNOSTICS,
     | ^^^^^^^^^^^^^^^^^^^^^^^^^^^^^^^^^^^^^
> 18 |   type GeometryTopProjectionShape,
     | ^^^^^^^^^^^^^^^^^^^^^^^^^^^^^^^^^^
> 19 |   type HouseComposition,
     | ^^^^^^^^^^^^^^^^^^^^^^^^
> 20 |   type HouseRoofModelPipelineFailureStage,
     | ^^^^^^^^^^^^^^^^^^^^^^^^^^^^^^^^^^^^^^^^^^
> 21 |   type HouseRoofStageDiagnostics,
     | ^^^^^^^^^^^^^^^^^^^^^^^^^^^^^^^^^
> 22 |   type HouseModel3D,
     | ^^^^^^^^^^^^^^^^^^^^
> 23 |   type RectangleRoofIntent,
     | ^^^^^^^^^^^^^^^^^^^^^^^^^^^
> 24 |   type HouseReferenceGeometry,
     | ^^^^^^^^^^^^^^^^^^^^^^^^^^^^^^
> 25 |   type Polygon3,
     | ^^^^^^^^^^^^^^^^
> 26 |   type RawHouseInput,
     | ^^^^^^^^^^^^^^^^^^^^^
> 27 | } from "@sp/geometry";
     | ^^^^^^^^^^^^^^^^^^^^^^
  28 | import { houseFormTransformToAssemblyPosition } from "./houseFormTransform";
  29 | import { buildHouseFormRawGeometryInput } from "./houseFormRawGeometry";
  30 | import { deriveCompositionUnionPolygon3 } from "./houseFormCompositionFootprint";

The export DEFAULT_GUTTER_PROJECTION_MM was not found in module [project]/packages/geometry/src/index.ts [app-client] (ecmascript).
Did you mean to import EMPTY_HOUSE_ROOF_STAGE_DIAGNOSTICS?
All exports of the module are statically known (It doesn't have dynamic exports). So it's known statically that the requested export doesn't exist.

Import traces:
  Client Component Browser:
    ./apps/portal/lib/drawings/state/houseFormGeometryInput.ts [Client Component Browser]
    ./apps/portal/lib/drawings/state/objectWorkbenchStatusModel.ts [Client Component Browser]
    ./apps/portal/lib/drawings/state/drawingWorkbenchStore.ts [Client Component Browser]
    ./apps/portal/app/staff/projects/[projectId]/design-workbench/DesignWorkbenchFixtureClient.tsx [Client Component Browser]
    ./apps/portal/app/staff/projects/[projectId]/design-workbench/DesignWorkbenchFixtureClient.tsx [Server Component]
    ./apps/portal/app/qa/design-workbench-fixture/page.tsx [Server Component]

  Client Component SSR:
    ./apps/portal/lib/drawings/state/houseFormGeometryInput.ts [Client Component SSR]
    ./apps/portal/lib/drawings/state/objectWorkbenchStatusModel.ts [Client Component SSR]
    ./apps/portal/lib/drawings/state/drawingWorkbenchStore.ts [Client Component SSR]
    ./apps/portal/app/staff/projects/[projectId]/design-workbench/DesignWorkbenchFixtureClient.tsx [Client Component SSR]
    ./apps/portal/app/staff/projects/[projectId]/design-workbench/DesignWorkbenchFixtureClient.tsx [Server Component]
    ./apps/portal/app/qa/design-workbench-fixture/page.tsx [Server Component] @ http://localhost:3001/_next/static/chunks/node_modules_next_dist_0u_w_5s._.js:1945
[ 2465795ms] [ERROR] ./apps/portal/lib/drawings/state/houseFormGeometryInput.ts:1:1
Export DEFAULT_GUTTER_PROJECTION_MM doesn't exist in target module
>  1 | import {
     | ^^^^^^^
>  2 |   applyHouseReferencePosition,
     | ^^^^^^^^^^^^^^^^^^^^^^^^^^^^^^
>  3 |   applyRoofQa,
     | ^^^^^^^^^^^^^^
>  4 |   buildHouseModel3DFromRawHouseInput,
     | ^^^^^^^^^^^^^^^^^^^^^^^^^^^^^^^^^^^^^
>  5 |   buildHouseReferenceProjectionShape,
     | ^^^^^^^^^^^^^^^^^^^^^^^^^^^^^^^^^^^^^
>  6 |   buildHouseRoofEnvelopeArtifacts,
     | ^^^^^^^^^^^^^^^^^^^^^^^^^^^^^^^^^^
>  7 |   buildHouseRoofModelPipeline,
     | ^^^^^^^^^^^^^^^^^^^^^^^^^^^^^^
>  8 |   composeFootprintFromComposition,
     | ^^^^^^^^^^^^^^^^^^^^^^^^^^^^^^^^^^
>  9 |   composeRoofFromComposition,
     | ^^^^^^^^^^^^^^^^^^^^^^^^^^^^^
> 10 |   DEFAULT_EAVE_OVERHANG_MM,
     | ^^^^^^^^^^^^^^^^^^^^^^^^^^^
> 11 |   DEFAULT_FASCIA_HEIGHT_MM,
     | ^^^^^^^^^^^^^^^^^^^^^^^^^^^
> 12 |   DEFAULT_GUTTER_DEPTH_MM,
     | ^^^^^^^^^^^^^^^^^^^^^^^^^^
> 13 |   DEFAULT_GUTTER_PROJECTION_MM,
     | ^^^^^^^^^^^^^^^^^^^^^^^^^^^^^^^
> 14 |   DEFAULT_GUTTER_WIDTH_MM,
     | ^^^^^^^^^^^^^^^^^^^^^^^^^^
> 15 |   DEFAULT_HOUSE_ROOF_MATERIAL,
     | ^^^^^^^^^^^^^^^^^^^^^^^^^^^^^^
> 16 |   DEFAULT_SOFFIT_DEPTH_MM,
     | ^^^^^^^^^^^^^^^^^^^^^^^^^^
> 17 |   EMPTY_HOUSE_ROOF_STAGE_DIAGNOSTICS,
     | ^^^^^^^^^^^^^^^^^^^^^^^^^^^^^^^^^^^^^
> 18 |   type GeometryTopProjectionShape,
     | ^^^^^^^^^^^^^^^^^^^^^^^^^^^^^^^^^^
> 19 |   type HouseComposition,
     | ^^^^^^^^^^^^^^^^^^^^^^^^
> 20 |   type HouseRoofModelPipelineFailureStage,
     | ^^^^^^^^^^^^^^^^^^^^^^^^^^^^^^^^^^^^^^^^^^
> 21 |   type HouseRoofStageDiagnostics,
     | ^^^^^^^^^^^^^^^^^^^^^^^^^^^^^^^^^
> 22 |   type HouseModel3D,
     | ^^^^^^^^^^^^^^^^^^^^
> 23 |   type RectangleRoofIntent,
     | ^^^^^^^^^^^^^^^^^^^^^^^^^^^
> 24 |   type HouseReferenceGeometry,
     | ^^^^^^^^^^^^^^^^^^^^^^^^^^^^^^
> 25 |   type Polygon3,
     | ^^^^^^^^^^^^^^^^
> 26 |   type RawHouseInput,
     | ^^^^^^^^^^^^^^^^^^^^^
> 27 | } from "@sp/geometry";
     | ^^^^^^^^^^^^^^^^^^^^^^
  28 | import { houseFormTransformToAssemblyPosition } from "./houseFormTransform";
  29 | import { buildHouseFormRawGeometryInput } from "./houseFormRawGeometry";
  30 | import { deriveCompositionUnionPolygon3 } from "./houseFormCompositionFootprint";

The export DEFAULT_GUTTER_PROJECTION_MM was not found in module [project]/packages/geometry/src/index.ts [app-ssr] (ecmascript).
Did you mean to import EMPTY_HOUSE_ROOF_STAGE_DIAGNOSTICS?
All exports of the module are statically known (It doesn't have dynamic exports). So it's known statically that the requested export doesn't exist.

Import traces:
  Client Component Browser:
    ./apps/portal/lib/drawings/state/houseFormGeometryInput.ts [Client Component Browser]
    ./apps/portal/lib/drawings/state/objectWorkbenchStatusModel.ts [Client Component Browser]
    ./apps/portal/lib/drawings/state/drawingWorkbenchStore.ts [Client Component Browser]
    ./apps/portal/app/staff/projects/[projectId]/design-workbench/DesignWorkbenchFixtureClient.tsx [Client Component Browser]
    ./apps/portal/app/staff/projects/[projectId]/design-workbench/DesignWorkbenchFixtureClient.tsx [Server Component]
    ./apps/portal/app/qa/design-workbench-fixture/page.tsx [Server Component]

  Client Component SSR:
    ./apps/portal/lib/drawings/state/houseFormGeometryInput.ts [Client Component SSR]
    ./apps/portal/lib/drawings/state/objectWorkbenchStatusModel.ts [Client Component SSR]
    ./apps/portal/lib/drawings/state/drawingWorkbenchStore.ts [Client Component SSR]
    ./apps/portal/app/staff/projects/[projectId]/design-workbench/DesignWorkbenchFixtureClient.tsx [Client Component SSR]
    ./apps/portal/app/staff/projects/[projectId]/design-workbench/DesignWorkbenchFixtureClient.tsx [Server Component]
    ./apps/portal/app/qa/design-workbench-fixture/page.tsx [Server Component] @ http://localhost:3001/_next/static/chunks/node_modules_next_dist_0u_w_5s._.js:1945
[ 2465795ms] [ERROR] ./apps/portal/lib/drawings/state/houseFormGeometryInput.ts:1:1
Export DEFAULT_GUTTER_WIDTH_MM doesn't exist in target module
>  1 | import {
     | ^^^^^^^
>  2 |   applyHouseReferencePosition,
     | ^^^^^^^^^^^^^^^^^^^^^^^^^^^^^^
>  3 |   applyRoofQa,
     | ^^^^^^^^^^^^^^
>  4 |   buildHouseModel3DFromRawHouseInput,
     | ^^^^^^^^^^^^^^^^^^^^^^^^^^^^^^^^^^^^^
>  5 |   buildHouseReferenceProjectionShape,
     | ^^^^^^^^^^^^^^^^^^^^^^^^^^^^^^^^^^^^^
>  6 |   buildHouseRoofEnvelopeArtifacts,
     | ^^^^^^^^^^^^^^^^^^^^^^^^^^^^^^^^^^
>  7 |   buildHouseRoofModelPipeline,
     | ^^^^^^^^^^^^^^^^^^^^^^^^^^^^^^
>  8 |   composeFootprintFromComposition,
     | ^^^^^^^^^^^^^^^^^^^^^^^^^^^^^^^^^^
>  9 |   composeRoofFromComposition,
     | ^^^^^^^^^^^^^^^^^^^^^^^^^^^^^
> 10 |   DEFAULT_EAVE_OVERHANG_MM,
     | ^^^^^^^^^^^^^^^^^^^^^^^^^^^
> 11 |   DEFAULT_FASCIA_HEIGHT_MM,
     | ^^^^^^^^^^^^^^^^^^^^^^^^^^^
> 12 |   DEFAULT_GUTTER_DEPTH_MM,
     | ^^^^^^^^^^^^^^^^^^^^^^^^^^
> 13 |   DEFAULT_GUTTER_PROJECTION_MM,
     | ^^^^^^^^^^^^^^^^^^^^^^^^^^^^^^^
> 14 |   DEFAULT_GUTTER_WIDTH_MM,
     | ^^^^^^^^^^^^^^^^^^^^^^^^^^
> 15 |   DEFAULT_HOUSE_ROOF_MATERIAL,
     | ^^^^^^^^^^^^^^^^^^^^^^^^^^^^^^
> 16 |   DEFAULT_SOFFIT_DEPTH_MM,
     | ^^^^^^^^^^^^^^^^^^^^^^^^^^
> 17 |   EMPTY_HOUSE_ROOF_STAGE_DIAGNOSTICS,
     | ^^^^^^^^^^^^^^^^^^^^^^^^^^^^^^^^^^^^^
> 18 |   type GeometryTopProjectionShape,
     | ^^^^^^^^^^^^^^^^^^^^^^^^^^^^^^^^^^
> 19 |   type HouseComposition,
     | ^^^^^^^^^^^^^^^^^^^^^^^^
> 20 |   type HouseRoofModelPipelineFailureStage,
     | ^^^^^^^^^^^^^^^^^^^^^^^^^^^^^^^^^^^^^^^^^^
> 21 |   type HouseRoofStageDiagnostics,
     | ^^^^^^^^^^^^^^^^^^^^^^^^^^^^^^^^^
> 22 |   type HouseModel3D,
     | ^^^^^^^^^^^^^^^^^^^^
> 23 |   type RectangleRoofIntent,
     | ^^^^^^^^^^^^^^^^^^^^^^^^^^^
> 24 |   type HouseReferenceGeometry,
     | ^^^^^^^^^^^^^^^^^^^^^^^^^^^^^^
> 25 |   type Polygon3,
     | ^^^^^^^^^^^^^^^^
> 26 |   type RawHouseInput,
     | ^^^^^^^^^^^^^^^^^^^^^
> 27 | } from "@sp/geometry";
     | ^^^^^^^^^^^^^^^^^^^^^^
  28 | import { houseFormTransformToAssemblyPosition } from "./houseFormTransform";
  29 | import { buildHouseFormRawGeometryInput } from "./houseFormRawGeometry";
  30 | import { deriveCompositionUnionPolygon3 } from "./houseFormCompositionFootprint";

The export DEFAULT_GUTTER_WIDTH_MM was not found in module [project]/packages/geometry/src/index.ts [app-client] (ecmascript).
Did you mean to import EMPTY_HOUSE_ROOF_STAGE_DIAGNOSTICS?
All exports of the module are statically known (It doesn't have dynamic exports). So it's known statically that the requested export doesn't exist.

Import traces:
  Client Component Browser:
    ./apps/portal/lib/drawings/state/houseFormGeometryInput.ts [Client Component Browser]
    ./apps/portal/lib/drawings/state/objectWorkbenchStatusModel.ts [Client Component Browser]
    ./apps/portal/lib/drawings/state/drawingWorkbenchStore.ts [Client Component Browser]
    ./apps/portal/app/staff/projects/[projectId]/design-workbench/DesignWorkbenchFixtureClient.tsx [Client Component Browser]
    ./apps/portal/app/staff/projects/[projectId]/design-workbench/DesignWorkbenchFixtureClient.tsx [Server Component]
    ./apps/portal/app/qa/design-workbench-fixture/page.tsx [Server Component]

  Client Component SSR:
    ./apps/portal/lib/drawings/state/houseFormGeometryInput.ts [Client Component SSR]
    ./apps/portal/lib/drawings/state/objectWorkbenchStatusModel.ts [Client Component SSR]
    ./apps/portal/lib/drawings/state/drawingWorkbenchStore.ts [Client Component SSR]
    ./apps/portal/app/staff/projects/[projectId]/design-workbench/DesignWorkbenchFixtureClient.tsx [Client Component SSR]
    ./apps/portal/app/staff/projects/[projectId]/design-workbench/DesignWorkbenchFixtureClient.tsx [Server Component]
    ./apps/portal/app/qa/design-workbench-fixture/page.tsx [Server Component] @ http://localhost:3001/_next/static/chunks/node_modules_next_dist_0u_w_5s._.js:1945
[ 2465795ms] [ERROR] ./apps/portal/lib/drawings/state/houseFormGeometryInput.ts:1:1
Export DEFAULT_GUTTER_WIDTH_MM doesn't exist in target module
>  1 | import {
     | ^^^^^^^
>  2 |   applyHouseReferencePosition,
     | ^^^^^^^^^^^^^^^^^^^^^^^^^^^^^^
>  3 |   applyRoofQa,
     | ^^^^^^^^^^^^^^
>  4 |   buildHouseModel3DFromRawHouseInput,
     | ^^^^^^^^^^^^^^^^^^^^^^^^^^^^^^^^^^^^^
>  5 |   buildHouseReferenceProjectionShape,
     | ^^^^^^^^^^^^^^^^^^^^^^^^^^^^^^^^^^^^^
>  6 |   buildHouseRoofEnvelopeArtifacts,
     | ^^^^^^^^^^^^^^^^^^^^^^^^^^^^^^^^^^
>  7 |   buildHouseRoofModelPipeline,
     | ^^^^^^^^^^^^^^^^^^^^^^^^^^^^^^
>  8 |   composeFootprintFromComposition,
     | ^^^^^^^^^^^^^^^^^^^^^^^^^^^^^^^^^^
>  9 |   composeRoofFromComposition,
     | ^^^^^^^^^^^^^^^^^^^^^^^^^^^^^
> 10 |   DEFAULT_EAVE_OVERHANG_MM,
     | ^^^^^^^^^^^^^^^^^^^^^^^^^^^
> 11 |   DEFAULT_FASCIA_HEIGHT_MM,
     | ^^^^^^^^^^^^^^^^^^^^^^^^^^^
> 12 |   DEFAULT_GUTTER_DEPTH_MM,
     | ^^^^^^^^^^^^^^^^^^^^^^^^^^
> 13 |   DEFAULT_GUTTER_PROJECTION_MM,
     | ^^^^^^^^^^^^^^^^^^^^^^^^^^^^^^^
> 14 |   DEFAULT_GUTTER_WIDTH_MM,
     | ^^^^^^^^^^^^^^^^^^^^^^^^^^
> 15 |   DEFAULT_HOUSE_ROOF_MATERIAL,
     | ^^^^^^^^^^^^^^^^^^^^^^^^^^^^^^
> 16 |   DEFAULT_SOFFIT_DEPTH_MM,
     | ^^^^^^^^^^^^^^^^^^^^^^^^^^
> 17 |   EMPTY_HOUSE_ROOF_STAGE_DIAGNOSTICS,
     | ^^^^^^^^^^^^^^^^^^^^^^^^^^^^^^^^^^^^^
> 18 |   type GeometryTopProjectionShape,
     | ^^^^^^^^^^^^^^^^^^^^^^^^^^^^^^^^^^
> 19 |   type HouseComposition,
     | ^^^^^^^^^^^^^^^^^^^^^^^^
> 20 |   type HouseRoofModelPipelineFailureStage,
     | ^^^^^^^^^^^^^^^^^^^^^^^^^^^^^^^^^^^^^^^^^^
> 21 |   type HouseRoofStageDiagnostics,
     | ^^^^^^^^^^^^^^^^^^^^^^^^^^^^^^^^^
> 22 |   type HouseModel3D,
     | ^^^^^^^^^^^^^^^^^^^^
> 23 |   type RectangleRoofIntent,
     | ^^^^^^^^^^^^^^^^^^^^^^^^^^^
> 24 |   type HouseReferenceGeometry,
     | ^^^^^^^^^^^^^^^^^^^^^^^^^^^^^^
> 25 |   type Polygon3,
     | ^^^^^^^^^^^^^^^^
> 26 |   type RawHouseInput,
     | ^^^^^^^^^^^^^^^^^^^^^
> 27 | } from "@sp/geometry";
     | ^^^^^^^^^^^^^^^^^^^^^^
  28 | import { houseFormTransformToAssemblyPosition } from "./houseFormTransform";
  29 | import { buildHouseFormRawGeometryInput } from "./houseFormRawGeometry";
  30 | import { deriveCompositionUnionPolygon3 } from "./houseFormCompositionFootprint";

The export DEFAULT_GUTTER_WIDTH_MM was not found in module [project]/packages/geometry/src/index.ts [app-ssr] (ecmascript).
Did you mean to import EMPTY_HOUSE_ROOF_STAGE_DIAGNOSTICS?
All exports of the module are statically known (It doesn't have dynamic exports). So it's known statically that the requested export doesn't exist.

Import traces:
  Client Component Browser:
    ./apps/portal/lib/drawings/state/houseFormGeometryInput.ts [Client Component Browser]
    ./apps/portal/lib/drawings/state/objectWorkbenchStatusModel.ts [Client Component Browser]
    ./apps/portal/lib/drawings/state/drawingWorkbenchStore.ts [Client Component Browser]
    ./apps/portal/app/staff/projects/[projectId]/design-workbench/DesignWorkbenchFixtureClient.tsx [Client Component Browser]
    ./apps/portal/app/staff/projects/[projectId]/design-workbench/DesignWorkbenchFixtureClient.tsx [Server Component]
    ./apps/portal/app/qa/design-workbench-fixture/page.tsx [Server Component]

  Client Component SSR:
    ./apps/portal/lib/drawings/state/houseFormGeometryInput.ts [Client Component SSR]
    ./apps/portal/lib/drawings/state/objectWorkbenchStatusModel.ts [Client Component SSR]
    ./apps/portal/lib/drawings/state/drawingWorkbenchStore.ts [Client Component SSR]
    ./apps/portal/app/staff/projects/[projectId]/design-workbench/DesignWorkbenchFixtureClient.tsx [Client Component SSR]
    ./apps/portal/app/staff/projects/[projectId]/design-workbench/DesignWorkbenchFixtureClient.tsx [Server Component]
    ./apps/portal/app/qa/design-workbench-fixture/page.tsx [Server Component] @ http://localhost:3001/_next/static/chunks/node_modules_next_dist_0u_w_5s._.js:1945
[ 2465795ms] [ERROR] ./apps/portal/lib/drawings/state/houseFormGeometryInput.ts:1:1
Export DEFAULT_HOUSE_ROOF_MATERIAL doesn't exist in target module
>  1 | import {
     | ^^^^^^^
>  2 |   applyHouseReferencePosition,
     | ^^^^^^^^^^^^^^^^^^^^^^^^^^^^^^
>  3 |   applyRoofQa,
     | ^^^^^^^^^^^^^^
>  4 |   buildHouseModel3DFromRawHouseInput,
     | ^^^^^^^^^^^^^^^^^^^^^^^^^^^^^^^^^^^^^
>  5 |   buildHouseReferenceProjectionShape,
     | ^^^^^^^^^^^^^^^^^^^^^^^^^^^^^^^^^^^^^
>  6 |   buildHouseRoofEnvelopeArtifacts,
     | ^^^^^^^^^^^^^^^^^^^^^^^^^^^^^^^^^^
>  7 |   buildHouseRoofModelPipeline,
     | ^^^^^^^^^^^^^^^^^^^^^^^^^^^^^^
>  8 |   composeFootprintFromComposition,
     | ^^^^^^^^^^^^^^^^^^^^^^^^^^^^^^^^^^
>  9 |   composeRoofFromComposition,
     | ^^^^^^^^^^^^^^^^^^^^^^^^^^^^^
> 10 |   DEFAULT_EAVE_OVERHANG_MM,
     | ^^^^^^^^^^^^^^^^^^^^^^^^^^^
> 11 |   DEFAULT_FASCIA_HEIGHT_MM,
     | ^^^^^^^^^^^^^^^^^^^^^^^^^^^
> 12 |   DEFAULT_GUTTER_DEPTH_MM,
     | ^^^^^^^^^^^^^^^^^^^^^^^^^^
> 13 |   DEFAULT_GUTTER_PROJECTION_MM,
     | ^^^^^^^^^^^^^^^^^^^^^^^^^^^^^^^
> 14 |   DEFAULT_GUTTER_WIDTH_MM,
     | ^^^^^^^^^^^^^^^^^^^^^^^^^^
> 15 |   DEFAULT_HOUSE_ROOF_MATERIAL,
     | ^^^^^^^^^^^^^^^^^^^^^^^^^^^^^^
> 16 |   DEFAULT_SOFFIT_DEPTH_MM,
     | ^^^^^^^^^^^^^^^^^^^^^^^^^^
> 17 |   EMPTY_HOUSE_ROOF_STAGE_DIAGNOSTICS,
     | ^^^^^^^^^^^^^^^^^^^^^^^^^^^^^^^^^^^^^
> 18 |   type GeometryTopProjectionShape,
     | ^^^^^^^^^^^^^^^^^^^^^^^^^^^^^^^^^^
> 19 |   type HouseComposition,
     | ^^^^^^^^^^^^^^^^^^^^^^^^
> 20 |   type HouseRoofModelPipelineFailureStage,
     | ^^^^^^^^^^^^^^^^^^^^^^^^^^^^^^^^^^^^^^^^^^
> 21 |   type HouseRoofStageDiagnostics,
     | ^^^^^^^^^^^^^^^^^^^^^^^^^^^^^^^^^
> 22 |   type HouseModel3D,
     | ^^^^^^^^^^^^^^^^^^^^
> 23 |   type RectangleRoofIntent,
     | ^^^^^^^^^^^^^^^^^^^^^^^^^^^
> 24 |   type HouseReferenceGeometry,
     | ^^^^^^^^^^^^^^^^^^^^^^^^^^^^^^
> 25 |   type Polygon3,
     | ^^^^^^^^^^^^^^^^
> 26 |   type RawHouseInput,
     | ^^^^^^^^^^^^^^^^^^^^^
> 27 | } from "@sp/geometry";
     | ^^^^^^^^^^^^^^^^^^^^^^
  28 | import { houseFormTransformToAssemblyPosition } from "./houseFormTransform";
  29 | import { buildHouseFormRawGeometryInput } from "./houseFormRawGeometry";
  30 | import { deriveCompositionUnionPolygon3 } from "./houseFormCompositionFootprint";

The export DEFAULT_HOUSE_ROOF_MATERIAL was not found in module [project]/packages/geometry/src/index.ts [app-client] (ecmascript).
Did you mean to import HOUSE_ROOF_FORM_BEHAVIORS?
All exports of the module are statically known (It doesn't have dynamic exports). So it's known statically that the requested export doesn't exist.

Import traces:
  Client Component Browser:
    ./apps/portal/lib/drawings/state/houseFormGeometryInput.ts [Client Component Browser]
    ./apps/portal/lib/drawings/state/objectWorkbenchStatusModel.ts [Client Component Browser]
    ./apps/portal/lib/drawings/state/drawingWorkbenchStore.ts [Client Component Browser]
    ./apps/portal/app/staff/projects/[projectId]/design-workbench/DesignWorkbenchFixtureClient.tsx [Client Component Browser]
    ./apps/portal/app/staff/projects/[projectId]/design-workbench/DesignWorkbenchFixtureClient.tsx [Server Component]
    ./apps/portal/app/qa/design-workbench-fixture/page.tsx [Server Component]

  Client Component SSR:
    ./apps/portal/lib/drawings/state/houseFormGeometryInput.ts [Client Component SSR]
    ./apps/portal/lib/drawings/state/objectWorkbenchStatusModel.ts [Client Component SSR]
    ./apps/portal/lib/drawings/state/drawingWorkbenchStore.ts [Client Component SSR]
    ./apps/portal/app/staff/projects/[projectId]/design-workbench/DesignWorkbenchFixtureClient.tsx [Client Component SSR]
    ./apps/portal/app/staff/projects/[projectId]/design-workbench/DesignWorkbenchFixtureClient.tsx [Server Component]
    ./apps/portal/app/qa/design-workbench-fixture/page.tsx [Server Component] @ http://localhost:3001/_next/static/chunks/node_modules_next_dist_0u_w_5s._.js:1945
[ 2465795ms] [ERROR] ./apps/portal/lib/drawings/state/houseFormGeometryInput.ts:1:1
Export DEFAULT_HOUSE_ROOF_MATERIAL doesn't exist in target module
>  1 | import {
     | ^^^^^^^
>  2 |   applyHouseReferencePosition,
     | ^^^^^^^^^^^^^^^^^^^^^^^^^^^^^^
>  3 |   applyRoofQa,
     | ^^^^^^^^^^^^^^
>  4 |   buildHouseModel3DFromRawHouseInput,
     | ^^^^^^^^^^^^^^^^^^^^^^^^^^^^^^^^^^^^^
>  5 |   buildHouseReferenceProjectionShape,
     | ^^^^^^^^^^^^^^^^^^^^^^^^^^^^^^^^^^^^^
>  6 |   buildHouseRoofEnvelopeArtifacts,
     | ^^^^^^^^^^^^^^^^^^^^^^^^^^^^^^^^^^
>  7 |   buildHouseRoofModelPipeline,
     | ^^^^^^^^^^^^^^^^^^^^^^^^^^^^^^
>  8 |   composeFootprintFromComposition,
     | ^^^^^^^^^^^^^^^^^^^^^^^^^^^^^^^^^^
>  9 |   composeRoofFromComposition,
     | ^^^^^^^^^^^^^^^^^^^^^^^^^^^^^
> 10 |   DEFAULT_EAVE_OVERHANG_MM,
     | ^^^^^^^^^^^^^^^^^^^^^^^^^^^
> 11 |   DEFAULT_FASCIA_HEIGHT_MM,
     | ^^^^^^^^^^^^^^^^^^^^^^^^^^^
> 12 |   DEFAULT_GUTTER_DEPTH_MM,
     | ^^^^^^^^^^^^^^^^^^^^^^^^^^
> 13 |   DEFAULT_GUTTER_PROJECTION_MM,
     | ^^^^^^^^^^^^^^^^^^^^^^^^^^^^^^^
> 14 |   DEFAULT_GUTTER_WIDTH_MM,
     | ^^^^^^^^^^^^^^^^^^^^^^^^^^
> 15 |   DEFAULT_HOUSE_ROOF_MATERIAL,
     | ^^^^^^^^^^^^^^^^^^^^^^^^^^^^^^
> 16 |   DEFAULT_SOFFIT_DEPTH_MM,
     | ^^^^^^^^^^^^^^^^^^^^^^^^^^
> 17 |   EMPTY_HOUSE_ROOF_STAGE_DIAGNOSTICS,
     | ^^^^^^^^^^^^^^^^^^^^^^^^^^^^^^^^^^^^^
> 18 |   type GeometryTopProjectionShape,
     | ^^^^^^^^^^^^^^^^^^^^^^^^^^^^^^^^^^
> 19 |   type HouseComposition,
     | ^^^^^^^^^^^^^^^^^^^^^^^^
> 20 |   type HouseRoofModelPipelineFailureStage,
     | ^^^^^^^^^^^^^^^^^^^^^^^^^^^^^^^^^^^^^^^^^^
> 21 |   type HouseRoofStageDiagnostics,
     | ^^^^^^^^^^^^^^^^^^^^^^^^^^^^^^^^^
> 22 |   type HouseModel3D,
     | ^^^^^^^^^^^^^^^^^^^^
> 23 |   type RectangleRoofIntent,
     | ^^^^^^^^^^^^^^^^^^^^^^^^^^^
> 24 |   type HouseReferenceGeometry,
     | ^^^^^^^^^^^^^^^^^^^^^^^^^^^^^^
> 25 |   type Polygon3,
     | ^^^^^^^^^^^^^^^^
> 26 |   type RawHouseInput,
     | ^^^^^^^^^^^^^^^^^^^^^
> 27 | } from "@sp/geometry";
     | ^^^^^^^^^^^^^^^^^^^^^^
  28 | import { houseFormTransformToAssemblyPosition } from "./houseFormTransform";
  29 | import { buildHouseFormRawGeometryInput } from "./houseFormRawGeometry";
  30 | import { deriveCompositionUnionPolygon3 } from "./houseFormCompositionFootprint";

The export DEFAULT_HOUSE_ROOF_MATERIAL was not found in module [project]/packages/geometry/src/index.ts [app-ssr] (ecmascript).
Did you mean to import HOUSE_ROOF_FORM_BEHAVIORS?
All exports of the module are statically known (It doesn't have dynamic exports). So it's known statically that the requested export doesn't exist.

Import traces:
  Client Component Browser:
    ./apps/portal/lib/drawings/state/houseFormGeometryInput.ts [Client Component Browser]
    ./apps/portal/lib/drawings/state/objectWorkbenchStatusModel.ts [Client Component Browser]
    ./apps/portal/lib/drawings/state/drawingWorkbenchStore.ts [Client Component Browser]
    ./apps/portal/app/staff/projects/[projectId]/design-workbench/DesignWorkbenchFixtureClient.tsx [Client Component Browser]
    ./apps/portal/app/staff/projects/[projectId]/design-workbench/DesignWorkbenchFixtureClient.tsx [Server Component]
    ./apps/portal/app/qa/design-workbench-fixture/page.tsx [Server Component]

  Client Component SSR:
    ./apps/portal/lib/drawings/state/houseFormGeometryInput.ts [Client Component SSR]
    ./apps/portal/lib/drawings/state/objectWorkbenchStatusModel.ts [Client Component SSR]
    ./apps/portal/lib/drawings/state/drawingWorkbenchStore.ts [Client Component SSR]
    ./apps/portal/app/staff/projects/[projectId]/design-workbench/DesignWorkbenchFixtureClient.tsx [Client Component SSR]
    ./apps/portal/app/staff/projects/[projectId]/design-workbench/DesignWorkbenchFixtureClient.tsx [Server Component]
    ./apps/portal/app/qa/design-workbench-fixture/page.tsx [Server Component] @ http://localhost:3001/_next/static/chunks/node_modules_next_dist_0u_w_5s._.js:1945
[ 2465795ms] [ERROR] ./apps/portal/lib/drawings/state/houseFormGeometryInput.ts:1:1
Export DEFAULT_SOFFIT_DEPTH_MM doesn't exist in target module
>  1 | import {
     | ^^^^^^^
>  2 |   applyHouseReferencePosition,
     | ^^^^^^^^^^^^^^^^^^^^^^^^^^^^^^
>  3 |   applyRoofQa,
     | ^^^^^^^^^^^^^^
>  4 |   buildHouseModel3DFromRawHouseInput,
     | ^^^^^^^^^^^^^^^^^^^^^^^^^^^^^^^^^^^^^
>  5 |   buildHouseReferenceProjectionShape,
     | ^^^^^^^^^^^^^^^^^^^^^^^^^^^^^^^^^^^^^
>  6 |   buildHouseRoofEnvelopeArtifacts,
     | ^^^^^^^^^^^^^^^^^^^^^^^^^^^^^^^^^^
>  7 |   buildHouseRoofModelPipeline,
     | ^^^^^^^^^^^^^^^^^^^^^^^^^^^^^^
>  8 |   composeFootprintFromComposition,
     | ^^^^^^^^^^^^^^^^^^^^^^^^^^^^^^^^^^
>  9 |   composeRoofFromComposition,
     | ^^^^^^^^^^^^^^^^^^^^^^^^^^^^^
> 10 |   DEFAULT_EAVE_OVERHANG_MM,
     | ^^^^^^^^^^^^^^^^^^^^^^^^^^^
> 11 |   DEFAULT_FASCIA_HEIGHT_MM,
     | ^^^^^^^^^^^^^^^^^^^^^^^^^^^
> 12 |   DEFAULT_GUTTER_DEPTH_MM,
     | ^^^^^^^^^^^^^^^^^^^^^^^^^^
> 13 |   DEFAULT_GUTTER_PROJECTION_MM,
     | ^^^^^^^^^^^^^^^^^^^^^^^^^^^^^^^
> 14 |   DEFAULT_GUTTER_WIDTH_MM,
     | ^^^^^^^^^^^^^^^^^^^^^^^^^^
> 15 |   DEFAULT_HOUSE_ROOF_MATERIAL,
     | ^^^^^^^^^^^^^^^^^^^^^^^^^^^^^^
> 16 |   DEFAULT_SOFFIT_DEPTH_MM,
     | ^^^^^^^^^^^^^^^^^^^^^^^^^^
> 17 |   EMPTY_HOUSE_ROOF_STAGE_DIAGNOSTICS,
     | ^^^^^^^^^^^^^^^^^^^^^^^^^^^^^^^^^^^^^
> 18 |   type GeometryTopProjectionShape,
     | ^^^^^^^^^^^^^^^^^^^^^^^^^^^^^^^^^^
> 19 |   type HouseComposition,
     | ^^^^^^^^^^^^^^^^^^^^^^^^
> 20 |   type HouseRoofModelPipelineFailureStage,
     | ^^^^^^^^^^^^^^^^^^^^^^^^^^^^^^^^^^^^^^^^^^
> 21 |   type HouseRoofStageDiagnostics,
     | ^^^^^^^^^^^^^^^^^^^^^^^^^^^^^^^^^
> 22 |   type HouseModel3D,
     | ^^^^^^^^^^^^^^^^^^^^
> 23 |   type RectangleRoofIntent,
     | ^^^^^^^^^^^^^^^^^^^^^^^^^^^
> 24 |   type HouseReferenceGeometry,
     | ^^^^^^^^^^^^^^^^^^^^^^^^^^^^^^
> 25 |   type Polygon3,
     | ^^^^^^^^^^^^^^^^
> 26 |   type RawHouseInput,
     | ^^^^^^^^^^^^^^^^^^^^^
> 27 | } from "@sp/geometry";
     | ^^^^^^^^^^^^^^^^^^^^^^
  28 | import { houseFormTransformToAssemblyPosition } from "./houseFormTransform";
  29 | import { buildHouseFormRawGeometryInput } from "./houseFormRawGeometry";
  30 | import { deriveCompositionUnionPolygon3 } from "./houseFormCompositionFootprint";

The export DEFAULT_SOFFIT_DEPTH_MM was not found in module [project]/packages/geometry/src/index.ts [app-client] (ecmascript).
Did you mean to import EMPTY_HOUSE_ROOF_STAGE_DIAGNOSTICS?
All exports of the module are statically known (It doesn't have dynamic exports). So it's known statically that the requested export doesn't exist.

Import traces:
  Client Component Browser:
    ./apps/portal/lib/drawings/state/houseFormGeometryInput.ts [Client Component Browser]
    ./apps/portal/lib/drawings/state/objectWorkbenchStatusModel.ts [Client Component Browser]
    ./apps/portal/lib/drawings/state/drawingWorkbenchStore.ts [Client Component Browser]
    ./apps/portal/app/staff/projects/[projectId]/design-workbench/DesignWorkbenchFixtureClient.tsx [Client Component Browser]
    ./apps/portal/app/staff/projects/[projectId]/design-workbench/DesignWorkbenchFixtureClient.tsx [Server Component]
    ./apps/portal/app/qa/design-workbench-fixture/page.tsx [Server Component]

  Client Component SSR:
    ./apps/portal/lib/drawings/state/houseFormGeometryInput.ts [Client Component SSR]
    ./apps/portal/lib/drawings/state/objectWorkbenchStatusModel.ts [Client Component SSR]
    ./apps/portal/lib/drawings/state/drawingWorkbenchStore.ts [Client Component SSR]
    ./apps/portal/app/staff/projects/[projectId]/design-workbench/DesignWorkbenchFixtureClient.tsx [Client Component SSR]
    ./apps/portal/app/staff/projects/[projectId]/design-workbench/DesignWorkbenchFixtureClient.tsx [Server Component]
    ./apps/portal/app/qa/design-workbench-fixture/page.tsx [Server Component] @ http://localhost:3001/_next/static/chunks/node_modules_next_dist_0u_w_5s._.js:1945
[ 2465795ms] [ERROR] ./apps/portal/lib/drawings/state/houseFormGeometryInput.ts:1:1
Export DEFAULT_SOFFIT_DEPTH_MM doesn't exist in target module
>  1 | import {
     | ^^^^^^^
>  2 |   applyHouseReferencePosition,
     | ^^^^^^^^^^^^^^^^^^^^^^^^^^^^^^
>  3 |   applyRoofQa,
     | ^^^^^^^^^^^^^^
>  4 |   buildHouseModel3DFromRawHouseInput,
     | ^^^^^^^^^^^^^^^^^^^^^^^^^^^^^^^^^^^^^
>  5 |   buildHouseReferenceProjectionShape,
     | ^^^^^^^^^^^^^^^^^^^^^^^^^^^^^^^^^^^^^
>  6 |   buildHouseRoofEnvelopeArtifacts,
     | ^^^^^^^^^^^^^^^^^^^^^^^^^^^^^^^^^^
>  7 |   buildHouseRoofModelPipeline,
     | ^^^^^^^^^^^^^^^^^^^^^^^^^^^^^^
>  8 |   composeFootprintFromComposition,
     | ^^^^^^^^^^^^^^^^^^^^^^^^^^^^^^^^^^
>  9 |   composeRoofFromComposition,
     | ^^^^^^^^^^^^^^^^^^^^^^^^^^^^^
> 10 |   DEFAULT_EAVE_OVERHANG_MM,
     | ^^^^^^^^^^^^^^^^^^^^^^^^^^^
> 11 |   DEFAULT_FASCIA_HEIGHT_MM,
     | ^^^^^^^^^^^^^^^^^^^^^^^^^^^
> 12 |   DEFAULT_GUTTER_DEPTH_MM,
     | ^^^^^^^^^^^^^^^^^^^^^^^^^^
> 13 |   DEFAULT_GUTTER_PROJECTION_MM,
     | ^^^^^^^^^^^^^^^^^^^^^^^^^^^^^^^
> 14 |   DEFAULT_GUTTER_WIDTH_MM,
     | ^^^^^^^^^^^^^^^^^^^^^^^^^^
> 15 |   DEFAULT_HOUSE_ROOF_MATERIAL,
     | ^^^^^^^^^^^^^^^^^^^^^^^^^^^^^^
> 16 |   DEFAULT_SOFFIT_DEPTH_MM,
     | ^^^^^^^^^^^^^^^^^^^^^^^^^^
> 17 |   EMPTY_HOUSE_ROOF_STAGE_DIAGNOSTICS,
     | ^^^^^^^^^^^^^^^^^^^^^^^^^^^^^^^^^^^^^
> 18 |   type GeometryTopProjectionShape,
     | ^^^^^^^^^^^^^^^^^^^^^^^^^^^^^^^^^^
> 19 |   type HouseComposition,
     | ^^^^^^^^^^^^^^^^^^^^^^^^
> 20 |   type HouseRoofModelPipelineFailureStage,
     | ^^^^^^^^^^^^^^^^^^^^^^^^^^^^^^^^^^^^^^^^^^
> 21 |   type HouseRoofStageDiagnostics,
     | ^^^^^^^^^^^^^^^^^^^^^^^^^^^^^^^^^
> 22 |   type HouseModel3D,
     | ^^^^^^^^^^^^^^^^^^^^
> 23 |   type RectangleRoofIntent,
     | ^^^^^^^^^^^^^^^^^^^^^^^^^^^
> 24 |   type HouseReferenceGeometry,
     | ^^^^^^^^^^^^^^^^^^^^^^^^^^^^^^
> 25 |   type Polygon3,
     | ^^^^^^^^^^^^^^^^
> 26 |   type RawHouseInput,
     | ^^^^^^^^^^^^^^^^^^^^^
> 27 | } from "@sp/geometry";
     | ^^^^^^^^^^^^^^^^^^^^^^
  28 | import { houseFormTransformToAssemblyPosition } from "./houseFormTransform";
  29 | import { buildHouseFormRawGeometryInput } from "./houseFormRawGeometry";
  30 | import { deriveCompositionUnionPolygon3 } from "./houseFormCompositionFootprint";

The export DEFAULT_SOFFIT_DEPTH_MM was not found in module [project]/packages/geometry/src/index.ts [app-ssr] (ecmascript).
Did you mean to import EMPTY_HOUSE_ROOF_STAGE_DIAGNOSTICS?
All exports of the module are statically known (It doesn't have dynamic exports). So it's known statically that the requested export doesn't exist.

Import traces:
  Client Component Browser:
    ./apps/portal/lib/drawings/state/houseFormGeometryInput.ts [Client Component Browser]
    ./apps/portal/lib/drawings/state/objectWorkbenchStatusModel.ts [Client Component Browser]
    ./apps/portal/lib/drawings/state/drawingWorkbenchStore.ts [Client Component Browser]
    ./apps/portal/app/staff/projects/[projectId]/design-workbench/DesignWorkbenchFixtureClient.tsx [Client Component Browser]
    ./apps/portal/app/staff/projects/[projectId]/design-workbench/DesignWorkbenchFixtureClient.tsx [Server Component]
    ./apps/portal/app/qa/design-workbench-fixture/page.tsx [Server Component]

  Client Component SSR:
    ./apps/portal/lib/drawings/state/houseFormGeometryInput.ts [Client Component SSR]
    ./apps/portal/lib/drawings/state/objectWorkbenchStatusModel.ts [Client Component SSR]
    ./apps/portal/lib/drawings/state/drawingWorkbenchStore.ts [Client Component SSR]
    ./apps/portal/app/staff/projects/[projectId]/design-workbench/DesignWorkbenchFixtureClient.tsx [Client Component SSR]
    ./apps/portal/app/staff/projects/[projectId]/design-workbench/DesignWorkbenchFixtureClient.tsx [Server Component]
    ./apps/portal/app/qa/design-workbench-fixture/page.tsx [Server Component] @ http://localhost:3001/_next/static/chunks/node_modules_next_dist_0u_w_5s._.js:1945
[ 2465795ms] [ERROR] ./apps/portal/lib/drawings/state/houseFormGeometryInput.ts:1:1
Export buildHouseRoofEnvelopeArtifacts doesn't exist in target module
>  1 | import {
     | ^^^^^^^
>  2 |   applyHouseReferencePosition,
     | ^^^^^^^^^^^^^^^^^^^^^^^^^^^^^^
>  3 |   applyRoofQa,
     | ^^^^^^^^^^^^^^
>  4 |   buildHouseModel3DFromRawHouseInput,
     | ^^^^^^^^^^^^^^^^^^^^^^^^^^^^^^^^^^^^^
>  5 |   buildHouseReferenceProjectionShape,
     | ^^^^^^^^^^^^^^^^^^^^^^^^^^^^^^^^^^^^^
>  6 |   buildHouseRoofEnvelopeArtifacts,
     | ^^^^^^^^^^^^^^^^^^^^^^^^^^^^^^^^^^
>  7 |   buildHouseRoofModelPipeline,
     | ^^^^^^^^^^^^^^^^^^^^^^^^^^^^^^
>  8 |   composeFootprintFromComposition,
     | ^^^^^^^^^^^^^^^^^^^^^^^^^^^^^^^^^^
>  9 |   composeRoofFromComposition,
     | ^^^^^^^^^^^^^^^^^^^^^^^^^^^^^
> 10 |   DEFAULT_EAVE_OVERHANG_MM,
     | ^^^^^^^^^^^^^^^^^^^^^^^^^^^
> 11 |   DEFAULT_FASCIA_HEIGHT_MM,
     | ^^^^^^^^^^^^^^^^^^^^^^^^^^^
> 12 |   DEFAULT_GUTTER_DEPTH_MM,
     | ^^^^^^^^^^^^^^^^^^^^^^^^^^
> 13 |   DEFAULT_GUTTER_PROJECTION_MM,
     | ^^^^^^^^^^^^^^^^^^^^^^^^^^^^^^^
> 14 |   DEFAULT_GUTTER_WIDTH_MM,
     | ^^^^^^^^^^^^^^^^^^^^^^^^^^
> 15 |   DEFAULT_HOUSE_ROOF_MATERIAL,
     | ^^^^^^^^^^^^^^^^^^^^^^^^^^^^^^
> 16 |   DEFAULT_SOFFIT_DEPTH_MM,
     | ^^^^^^^^^^^^^^^^^^^^^^^^^^
> 17 |   EMPTY_HOUSE_ROOF_STAGE_DIAGNOSTICS,
     | ^^^^^^^^^^^^^^^^^^^^^^^^^^^^^^^^^^^^^
> 18 |   type GeometryTopProjectionShape,
     | ^^^^^^^^^^^^^^^^^^^^^^^^^^^^^^^^^^
> 19 |   type HouseComposition,
     | ^^^^^^^^^^^^^^^^^^^^^^^^
> 20 |   type HouseRoofModelPipelineFailureStage,
     | ^^^^^^^^^^^^^^^^^^^^^^^^^^^^^^^^^^^^^^^^^^
> 21 |   type HouseRoofStageDiagnostics,
     | ^^^^^^^^^^^^^^^^^^^^^^^^^^^^^^^^^
> 22 |   type HouseModel3D,
     | ^^^^^^^^^^^^^^^^^^^^
> 23 |   type RectangleRoofIntent,
     | ^^^^^^^^^^^^^^^^^^^^^^^^^^^
> 24 |   type HouseReferenceGeometry,
     | ^^^^^^^^^^^^^^^^^^^^^^^^^^^^^^
> 25 |   type Polygon3,
     | ^^^^^^^^^^^^^^^^
> 26 |   type RawHouseInput,
     | ^^^^^^^^^^^^^^^^^^^^^
> 27 | } from "@sp/geometry";
     | ^^^^^^^^^^^^^^^^^^^^^^
  28 | import { houseFormTransformToAssemblyPosition } from "./houseFormTransform";
  29 | import { buildHouseFormRawGeometryInput } from "./houseFormRawGeometry";
  30 | import { deriveCompositionUnionPolygon3 } from "./houseFormCompositionFootprint";

The export buildHouseRoofEnvelopeArtifacts was not found in module [project]/packages/geometry/src/index.ts [app-client] (ecmascript).
Did you mean to import buildHouseRoofModelPipeline?
All exports of the module are statically known (It doesn't have dynamic exports). So it's known statically that the requested export doesn't exist.

Import traces:
  Client Component Browser:
    ./apps/portal/lib/drawings/state/houseFormGeometryInput.ts [Client Component Browser]
    ./apps/portal/lib/drawings/state/objectWorkbenchStatusModel.ts [Client Component Browser]
    ./apps/portal/lib/drawings/state/drawingWorkbenchStore.ts [Client Component Browser]
    ./apps/portal/app/staff/projects/[projectId]/design-workbench/DesignWorkbenchFixtureClient.tsx [Client Component Browser]
    ./apps/portal/app/staff/projects/[projectId]/design-workbench/DesignWorkbenchFixtureClient.tsx [Server Component]
    ./apps/portal/app/qa/design-workbench-fixture/page.tsx [Server Component]

  Client Component SSR:
    ./apps/portal/lib/drawings/state/houseFormGeometryInput.ts [Client Component SSR]
    ./apps/portal/lib/drawings/state/objectWorkbenchStatusModel.ts [Client Component SSR]
    ./apps/portal/lib/drawings/state/drawingWorkbenchStore.ts [Client Component SSR]
    ./apps/portal/app/staff/projects/[projectId]/design-workbench/DesignWorkbenchFixtureClient.tsx [Client Component SSR]
    ./apps/portal/app/staff/projects/[projectId]/design-workbench/DesignWorkbenchFixtureClient.tsx [Server Component]
    ./apps/portal/app/qa/design-workbench-fixture/page.tsx [Server Component] @ http://localhost:3001/_next/static/chunks/node_modules_next_dist_0u_w_5s._.js:1945
[ 2465795ms] [ERROR] ./apps/portal/lib/drawings/state/houseFormGeometryInput.ts:1:1
Export buildHouseRoofEnvelopeArtifacts doesn't exist in target module
>  1 | import {
     | ^^^^^^^
>  2 |   applyHouseReferencePosition,
     | ^^^^^^^^^^^^^^^^^^^^^^^^^^^^^^
>  3 |   applyRoofQa,
     | ^^^^^^^^^^^^^^
>  4 |   buildHouseModel3DFromRawHouseInput,
     | ^^^^^^^^^^^^^^^^^^^^^^^^^^^^^^^^^^^^^
>  5 |   buildHouseReferenceProjectionShape,
     | ^^^^^^^^^^^^^^^^^^^^^^^^^^^^^^^^^^^^^
>  6 |   buildHouseRoofEnvelopeArtifacts,
     | ^^^^^^^^^^^^^^^^^^^^^^^^^^^^^^^^^^
>  7 |   buildHouseRoofModelPipeline,
     | ^^^^^^^^^^^^^^^^^^^^^^^^^^^^^^
>  8 |   composeFootprintFromComposition,
     | ^^^^^^^^^^^^^^^^^^^^^^^^^^^^^^^^^^
>  9 |   composeRoofFromComposition,
     | ^^^^^^^^^^^^^^^^^^^^^^^^^^^^^
> 10 |   DEFAULT_EAVE_OVERHANG_MM,
     | ^^^^^^^^^^^^^^^^^^^^^^^^^^^
> 11 |   DEFAULT_FASCIA_HEIGHT_MM,
     | ^^^^^^^^^^^^^^^^^^^^^^^^^^^
> 12 |   DEFAULT_GUTTER_DEPTH_MM,
     | ^^^^^^^^^^^^^^^^^^^^^^^^^^
> 13 |   DEFAULT_GUTTER_PROJECTION_MM,
     | ^^^^^^^^^^^^^^^^^^^^^^^^^^^^^^^
> 14 |   DEFAULT_GUTTER_WIDTH_MM,
     | ^^^^^^^^^^^^^^^^^^^^^^^^^^
> 15 |   DEFAULT_HOUSE_ROOF_MATERIAL,
     | ^^^^^^^^^^^^^^^^^^^^^^^^^^^^^^
> 16 |   DEFAULT_SOFFIT_DEPTH_MM,
     | ^^^^^^^^^^^^^^^^^^^^^^^^^^
> 17 |   EMPTY_HOUSE_ROOF_STAGE_DIAGNOSTICS,
     | ^^^^^^^^^^^^^^^^^^^^^^^^^^^^^^^^^^^^^
> 18 |   type GeometryTopProjectionShape,
     | ^^^^^^^^^^^^^^^^^^^^^^^^^^^^^^^^^^
> 19 |   type HouseComposition,
     | ^^^^^^^^^^^^^^^^^^^^^^^^
> 20 |   type HouseRoofModelPipelineFailureStage,
     | ^^^^^^^^^^^^^^^^^^^^^^^^^^^^^^^^^^^^^^^^^^
> 21 |   type HouseRoofStageDiagnostics,
     | ^^^^^^^^^^^^^^^^^^^^^^^^^^^^^^^^^
> 22 |   type HouseModel3D,
     | ^^^^^^^^^^^^^^^^^^^^
> 23 |   type RectangleRoofIntent,
     | ^^^^^^^^^^^^^^^^^^^^^^^^^^^
> 24 |   type HouseReferenceGeometry,
     | ^^^^^^^^^^^^^^^^^^^^^^^^^^^^^^
> 25 |   type Polygon3,
     | ^^^^^^^^^^^^^^^^
> 26 |   type RawHouseInput,
     | ^^^^^^^^^^^^^^^^^^^^^
> 27 | } from "@sp/geometry";
     | ^^^^^^^^^^^^^^^^^^^^^^
  28 | import { houseFormTransformToAssemblyPosition } from "./houseFormTransform";
  29 | import { buildHouseFormRawGeometryInput } from "./houseFormRawGeometry";
  30 | import { deriveCompositionUnionPolygon3 } from "./houseFormCompositionFootprint";

The export buildHouseRoofEnvelopeArtifacts was not found in module [project]/packages/geometry/src/index.ts [app-ssr] (ecmascript).
Did you mean to import buildHouseRoofModelPipeline?
All exports of the module are statically known (It doesn't have dynamic exports). So it's known statically that the requested export doesn't exist.

Import traces:
  Client Component Browser:
    ./apps/portal/lib/drawings/state/houseFormGeometryInput.ts [Client Component Browser]
    ./apps/portal/lib/drawings/state/objectWorkbenchStatusModel.ts [Client Component Browser]
    ./apps/portal/lib/drawings/state/drawingWorkbenchStore.ts [Client Component Browser]
    ./apps/portal/app/staff/projects/[projectId]/design-workbench/DesignWorkbenchFixtureClient.tsx [Client Component Browser]
    ./apps/portal/app/staff/projects/[projectId]/design-workbench/DesignWorkbenchFixtureClient.tsx [Server Component]
    ./apps/portal/app/qa/design-workbench-fixture/page.tsx [Server Component]

  Client Component SSR:
    ./apps/portal/lib/drawings/state/houseFormGeometryInput.ts [Client Component SSR]
    ./apps/portal/lib/drawings/state/objectWorkbenchStatusModel.ts [Client Component SSR]
    ./apps/portal/lib/drawings/state/drawingWorkbenchStore.ts [Client Component SSR]
    ./apps/portal/app/staff/projects/[projectId]/design-workbench/DesignWorkbenchFixtureClient.tsx [Client Component SSR]
    ./apps/portal/app/staff/projects/[projectId]/design-workbench/DesignWorkbenchFixtureClient.tsx [Server Component]
    ./apps/portal/app/qa/design-workbench-fixture/page.tsx [Server Component] @ http://localhost:3001/_next/static/chunks/node_modules_next_dist_0u_w_5s._.js:1945
[ 2465844ms] [ERROR] ./apps/portal/lib/drawings/state/houseFormGeometryInput.ts:1:1
Export DEFAULT_EAVE_OVERHANG_MM doesn't exist in target module
>  1 | import {
     | ^^^^^^^
>  2 |   applyHouseReferencePosition,
     | ^^^^^^^^^^^^^^^^^^^^^^^^^^^^^^
>  3 |   applyRoofQa,
     | ^^^^^^^^^^^^^^
>  4 |   buildHouseModel3DFromRawHouseInput,
     | ^^^^^^^^^^^^^^^^^^^^^^^^^^^^^^^^^^^^^
>  5 |   buildHouseReferenceProjectionShape,
     | ^^^^^^^^^^^^^^^^^^^^^^^^^^^^^^^^^^^^^
>  6 |   buildHouseRoofEnvelopeArtifacts,
     | ^^^^^^^^^^^^^^^^^^^^^^^^^^^^^^^^^^
>  7 |   buildHouseRoofModelPipeline,
     | ^^^^^^^^^^^^^^^^^^^^^^^^^^^^^^
>  8 |   composeFootprintFromComposition,
     | ^^^^^^^^^^^^^^^^^^^^^^^^^^^^^^^^^^
>  9 |   composeRoofFromComposition,
     | ^^^^^^^^^^^^^^^^^^^^^^^^^^^^^
> 10 |   DEFAULT_EAVE_OVERHANG_MM,
     | ^^^^^^^^^^^^^^^^^^^^^^^^^^^
> 11 |   DEFAULT_FASCIA_HEIGHT_MM,
     | ^^^^^^^^^^^^^^^^^^^^^^^^^^^
> 12 |   DEFAULT_GUTTER_DEPTH_MM,
     | ^^^^^^^^^^^^^^^^^^^^^^^^^^
> 13 |   DEFAULT_GUTTER_PROJECTION_MM,
     | ^^^^^^^^^^^^^^^^^^^^^^^^^^^^^^^
> 14 |   DEFAULT_GUTTER_WIDTH_MM,
     | ^^^^^^^^^^^^^^^^^^^^^^^^^^
> 15 |   DEFAULT_HOUSE_ROOF_MATERIAL,
     | ^^^^^^^^^^^^^^^^^^^^^^^^^^^^^^
> 16 |   DEFAULT_SOFFIT_DEPTH_MM,
     | ^^^^^^^^^^^^^^^^^^^^^^^^^^
> 17 |   EMPTY_HOUSE_ROOF_STAGE_DIAGNOSTICS,
     | ^^^^^^^^^^^^^^^^^^^^^^^^^^^^^^^^^^^^^
> 18 |   type GeometryTopProjectionShape,
     | ^^^^^^^^^^^^^^^^^^^^^^^^^^^^^^^^^^
> 19 |   type HouseComposition,
     | ^^^^^^^^^^^^^^^^^^^^^^^^
> 20 |   type HouseRoofModelPipelineFailureStage,
     | ^^^^^^^^^^^^^^^^^^^^^^^^^^^^^^^^^^^^^^^^^^
> 21 |   type HouseRoofStageDiagnostics,
     | ^^^^^^^^^^^^^^^^^^^^^^^^^^^^^^^^^
> 22 |   type HouseModel3D,
     | ^^^^^^^^^^^^^^^^^^^^
> 23 |   type RectangleRoofIntent,
     | ^^^^^^^^^^^^^^^^^^^^^^^^^^^
> 24 |   type HouseReferenceGeometry,
     | ^^^^^^^^^^^^^^^^^^^^^^^^^^^^^^
> 25 |   type Polygon3,
     | ^^^^^^^^^^^^^^^^
> 26 |   type RawHouseInput,
     | ^^^^^^^^^^^^^^^^^^^^^
> 27 | } from "@sp/geometry";
     | ^^^^^^^^^^^^^^^^^^^^^^
  28 | import { houseFormTransformToAssemblyPosition } from "./houseFormTransform";
  29 | import { buildHouseFormRawGeometryInput } from "./houseFormRawGeometry";
  30 | import { deriveCompositionUnionPolygon3 } from "./houseFormCompositionFootprint";

The export DEFAULT_EAVE_OVERHANG_MM was not found in module [project]/packages/geometry/src/index.ts [app-client] (ecmascript).
Did you mean to import EMPTY_HOUSE_ROOF_STAGE_DIAGNOSTICS?
All exports of the module are statically known (It doesn't have dynamic exports). So it's known statically that the requested export doesn't exist.

Import traces:
  Client Component Browser:
    ./apps/portal/lib/drawings/state/houseFormGeometryInput.ts [Client Component Browser]
    ./apps/portal/lib/drawings/state/objectWorkbenchStatusModel.ts [Client Component Browser]
    ./apps/portal/lib/drawings/state/drawingWorkbenchStore.ts [Client Component Browser]
    ./apps/portal/components/projects/ProjectPage/tabs/EstimatesTab.tsx [Client Component Browser]
    ./apps/portal/components/projects/ProjectPage/ProjectMainTabs.tsx [Client Component Browser]
    ./apps/portal/components/projects/ProjectPage/ProjectPageShell.tsx [Client Component Browser]
    ./apps/portal/components/projects/ProjectPage/ProjectPageFrame.tsx [Client Component Browser]
    ./apps/portal/app/staff/projects/[projectId]/ProjectSnapshotPageClient.tsx [Client Component Browser]
    ./apps/portal/app/staff/projects/[projectId]/ProjectSnapshotPageClient.tsx [Server Component]
    ./apps/portal/app/staff/projects/[projectId]/page.tsx [Server Component]

  Client Component SSR:
    ./apps/portal/lib/drawings/state/houseFormGeometryInput.ts [Client Component SSR]
    ./apps/portal/lib/drawings/state/objectWorkbenchStatusModel.ts [Client Component SSR]
    ./apps/portal/lib/drawings/state/drawingWorkbenchStore.ts [Client Component SSR]
    ./apps/portal/components/projects/ProjectPage/tabs/EstimatesTab.tsx [Client Component SSR]
    ./apps/portal/components/projects/ProjectPage/ProjectMainTabs.tsx [Client Component SSR]
    ./apps/portal/components/projects/ProjectPage/ProjectPageShell.tsx [Client Component SSR]
    ./apps/portal/components/projects/ProjectPage/ProjectPageFrame.tsx [Client Component SSR]
    ./apps/portal/app/staff/projects/[projectId]/ProjectSnapshotPageClient.tsx [Client Component SSR]
    ./apps/portal/app/staff/projects/[projectId]/ProjectSnapshotPageClient.tsx [Server Component]
    ./apps/portal/app/staff/projects/[projectId]/page.tsx [Server Component] @ http://localhost:3001/_next/static/chunks/node_modules_next_dist_0u_w_5s._.js:1945
[ 2465844ms] [ERROR] ./apps/portal/lib/drawings/state/houseFormGeometryInput.ts:1:1
Export DEFAULT_EAVE_OVERHANG_MM doesn't exist in target module
>  1 | import {
     | ^^^^^^^
>  2 |   applyHouseReferencePosition,
     | ^^^^^^^^^^^^^^^^^^^^^^^^^^^^^^
>  3 |   applyRoofQa,
     | ^^^^^^^^^^^^^^
>  4 |   buildHouseModel3DFromRawHouseInput,
     | ^^^^^^^^^^^^^^^^^^^^^^^^^^^^^^^^^^^^^
>  5 |   buildHouseReferenceProjectionShape,
     | ^^^^^^^^^^^^^^^^^^^^^^^^^^^^^^^^^^^^^
>  6 |   buildHouseRoofEnvelopeArtifacts,
     | ^^^^^^^^^^^^^^^^^^^^^^^^^^^^^^^^^^
>  7 |   buildHouseRoofModelPipeline,
     | ^^^^^^^^^^^^^^^^^^^^^^^^^^^^^^
>  8 |   composeFootprintFromComposition,
     | ^^^^^^^^^^^^^^^^^^^^^^^^^^^^^^^^^^
>  9 |   composeRoofFromComposition,
     | ^^^^^^^^^^^^^^^^^^^^^^^^^^^^^
> 10 |   DEFAULT_EAVE_OVERHANG_MM,
     | ^^^^^^^^^^^^^^^^^^^^^^^^^^^
> 11 |   DEFAULT_FASCIA_HEIGHT_MM,
     | ^^^^^^^^^^^^^^^^^^^^^^^^^^^
> 12 |   DEFAULT_GUTTER_DEPTH_MM,
     | ^^^^^^^^^^^^^^^^^^^^^^^^^^
> 13 |   DEFAULT_GUTTER_PROJECTION_MM,
     | ^^^^^^^^^^^^^^^^^^^^^^^^^^^^^^^
> 14 |   DEFAULT_GUTTER_WIDTH_MM,
     | ^^^^^^^^^^^^^^^^^^^^^^^^^^
> 15 |   DEFAULT_HOUSE_ROOF_MATERIAL,
     | ^^^^^^^^^^^^^^^^^^^^^^^^^^^^^^
> 16 |   DEFAULT_SOFFIT_DEPTH_MM,
     | ^^^^^^^^^^^^^^^^^^^^^^^^^^
> 17 |   EMPTY_HOUSE_ROOF_STAGE_DIAGNOSTICS,
     | ^^^^^^^^^^^^^^^^^^^^^^^^^^^^^^^^^^^^^
> 18 |   type GeometryTopProjectionShape,
     | ^^^^^^^^^^^^^^^^^^^^^^^^^^^^^^^^^^
> 19 |   type HouseComposition,
     | ^^^^^^^^^^^^^^^^^^^^^^^^
> 20 |   type HouseRoofModelPipelineFailureStage,
     | ^^^^^^^^^^^^^^^^^^^^^^^^^^^^^^^^^^^^^^^^^^
> 21 |   type HouseRoofStageDiagnostics,
     | ^^^^^^^^^^^^^^^^^^^^^^^^^^^^^^^^^
> 22 |   type HouseModel3D,
     | ^^^^^^^^^^^^^^^^^^^^
> 23 |   type RectangleRoofIntent,
     | ^^^^^^^^^^^^^^^^^^^^^^^^^^^
> 24 |   type HouseReferenceGeometry,
     | ^^^^^^^^^^^^^^^^^^^^^^^^^^^^^^
> 25 |   type Polygon3,
     | ^^^^^^^^^^^^^^^^
> 26 |   type RawHouseInput,
     | ^^^^^^^^^^^^^^^^^^^^^
> 27 | } from "@sp/geometry";
     | ^^^^^^^^^^^^^^^^^^^^^^
  28 | import { houseFormTransformToAssemblyPosition } from "./houseFormTransform";
  29 | import { buildHouseFormRawGeometryInput } from "./houseFormRawGeometry";
  30 | import { deriveCompositionUnionPolygon3 } from "./houseFormCompositionFootprint";

The export DEFAULT_EAVE_OVERHANG_MM was not found in module [project]/packages/geometry/src/index.ts [app-ssr] (ecmascript).
Did you mean to import EMPTY_HOUSE_ROOF_STAGE_DIAGNOSTICS?
All exports of the module are statically known (It doesn't have dynamic exports). So it's known statically that the requested export doesn't exist.

Import traces:
  Client Component Browser:
    ./apps/portal/lib/drawings/state/houseFormGeometryInput.ts [Client Component Browser]
    ./apps/portal/lib/drawings/state/objectWorkbenchStatusModel.ts [Client Component Browser]
    ./apps/portal/lib/drawings/state/drawingWorkbenchStore.ts [Client Component Browser]
    ./apps/portal/components/projects/ProjectPage/tabs/EstimatesTab.tsx [Client Component Browser]
    ./apps/portal/components/projects/ProjectPage/ProjectMainTabs.tsx [Client Component Browser]
    ./apps/portal/components/projects/ProjectPage/ProjectPageShell.tsx [Client Component Browser]
    ./apps/portal/components/projects/ProjectPage/ProjectPageFrame.tsx [Client Component Browser]
    ./apps/portal/app/staff/projects/[projectId]/ProjectSnapshotPageClient.tsx [Client Component Browser]
    ./apps/portal/app/staff/projects/[projectId]/ProjectSnapshotPageClient.tsx [Server Component]
    ./apps/portal/app/staff/projects/[projectId]/page.tsx [Server Component]

  Client Component SSR:
    ./apps/portal/lib/drawings/state/houseFormGeometryInput.ts [Client Component SSR]
    ./apps/portal/lib/drawings/state/objectWorkbenchStatusModel.ts [Client Component SSR]
    ./apps/portal/lib/drawings/state/drawingWorkbenchStore.ts [Client Component SSR]
    ./apps/portal/components/projects/ProjectPage/tabs/EstimatesTab.tsx [Client Component SSR]
    ./apps/portal/components/projects/ProjectPage/ProjectMainTabs.tsx [Client Component SSR]
    ./apps/portal/components/projects/ProjectPage/ProjectPageShell.tsx [Client Component SSR]
    ./apps/portal/components/projects/ProjectPage/ProjectPageFrame.tsx [Client Component SSR]
    ./apps/portal/app/staff/projects/[projectId]/ProjectSnapshotPageClient.tsx [Client Component SSR]
    ./apps/portal/app/staff/projects/[projectId]/ProjectSnapshotPageClient.tsx [Server Component]
    ./apps/portal/app/staff/projects/[projectId]/page.tsx [Server Component] @ http://localhost:3001/_next/static/chunks/node_modules_next_dist_0u_w_5s._.js:1945
[ 2465844ms] [ERROR] ./apps/portal/lib/drawings/state/houseFormGeometryInput.ts:1:1
Export DEFAULT_FASCIA_HEIGHT_MM doesn't exist in target module
>  1 | import {
     | ^^^^^^^
>  2 |   applyHouseReferencePosition,
     | ^^^^^^^^^^^^^^^^^^^^^^^^^^^^^^
>  3 |   applyRoofQa,
     | ^^^^^^^^^^^^^^
>  4 |   buildHouseModel3DFromRawHouseInput,
     | ^^^^^^^^^^^^^^^^^^^^^^^^^^^^^^^^^^^^^
>  5 |   buildHouseReferenceProjectionShape,
     | ^^^^^^^^^^^^^^^^^^^^^^^^^^^^^^^^^^^^^
>  6 |   buildHouseRoofEnvelopeArtifacts,
     | ^^^^^^^^^^^^^^^^^^^^^^^^^^^^^^^^^^
>  7 |   buildHouseRoofModelPipeline,
     | ^^^^^^^^^^^^^^^^^^^^^^^^^^^^^^
>  8 |   composeFootprintFromComposition,
     | ^^^^^^^^^^^^^^^^^^^^^^^^^^^^^^^^^^
>  9 |   composeRoofFromComposition,
     | ^^^^^^^^^^^^^^^^^^^^^^^^^^^^^
> 10 |   DEFAULT_EAVE_OVERHANG_MM,
     | ^^^^^^^^^^^^^^^^^^^^^^^^^^^
> 11 |   DEFAULT_FASCIA_HEIGHT_MM,
     | ^^^^^^^^^^^^^^^^^^^^^^^^^^^
> 12 |   DEFAULT_GUTTER_DEPTH_MM,
     | ^^^^^^^^^^^^^^^^^^^^^^^^^^
> 13 |   DEFAULT_GUTTER_PROJECTION_MM,
     | ^^^^^^^^^^^^^^^^^^^^^^^^^^^^^^^
> 14 |   DEFAULT_GUTTER_WIDTH_MM,
     | ^^^^^^^^^^^^^^^^^^^^^^^^^^
> 15 |   DEFAULT_HOUSE_ROOF_MATERIAL,
     | ^^^^^^^^^^^^^^^^^^^^^^^^^^^^^^
> 16 |   DEFAULT_SOFFIT_DEPTH_MM,
     | ^^^^^^^^^^^^^^^^^^^^^^^^^^
> 17 |   EMPTY_HOUSE_ROOF_STAGE_DIAGNOSTICS,
     | ^^^^^^^^^^^^^^^^^^^^^^^^^^^^^^^^^^^^^
> 18 |   type GeometryTopProjectionShape,
     | ^^^^^^^^^^^^^^^^^^^^^^^^^^^^^^^^^^
> 19 |   type HouseComposition,
     | ^^^^^^^^^^^^^^^^^^^^^^^^
> 20 |   type HouseRoofModelPipelineFailureStage,
     | ^^^^^^^^^^^^^^^^^^^^^^^^^^^^^^^^^^^^^^^^^^
> 21 |   type HouseRoofStageDiagnostics,
     | ^^^^^^^^^^^^^^^^^^^^^^^^^^^^^^^^^
> 22 |   type HouseModel3D,
     | ^^^^^^^^^^^^^^^^^^^^
> 23 |   type RectangleRoofIntent,
     | ^^^^^^^^^^^^^^^^^^^^^^^^^^^
> 24 |   type HouseReferenceGeometry,
     | ^^^^^^^^^^^^^^^^^^^^^^^^^^^^^^
> 25 |   type Polygon3,
     | ^^^^^^^^^^^^^^^^
> 26 |   type RawHouseInput,
     | ^^^^^^^^^^^^^^^^^^^^^
> 27 | } from "@sp/geometry";
     | ^^^^^^^^^^^^^^^^^^^^^^
  28 | import { houseFormTransformToAssemblyPosition } from "./houseFormTransform";
  29 | import { buildHouseFormRawGeometryInput } from "./houseFormRawGeometry";
  30 | import { deriveCompositionUnionPolygon3 } from "./houseFormCompositionFootprint";

The export DEFAULT_FASCIA_HEIGHT_MM was not found in module [project]/packages/geometry/src/index.ts [app-client] (ecmascript).
Did you mean to import EMPTY_HOUSE_ROOF_STAGE_DIAGNOSTICS?
All exports of the module are statically known (It doesn't have dynamic exports). So it's known statically that the requested export doesn't exist.

Import traces:
  Client Component Browser:
    ./apps/portal/lib/drawings/state/houseFormGeometryInput.ts [Client Component Browser]
    ./apps/portal/lib/drawings/state/objectWorkbenchStatusModel.ts [Client Component Browser]
    ./apps/portal/lib/drawings/state/drawingWorkbenchStore.ts [Client Component Browser]
    ./apps/portal/components/projects/ProjectPage/tabs/EstimatesTab.tsx [Client Component Browser]
    ./apps/portal/components/projects/ProjectPage/ProjectMainTabs.tsx [Client Component Browser]
    ./apps/portal/components/projects/ProjectPage/ProjectPageShell.tsx [Client Component Browser]
    ./apps/portal/components/projects/ProjectPage/ProjectPageFrame.tsx [Client Component Browser]
    ./apps/portal/app/staff/projects/[projectId]/ProjectSnapshotPageClient.tsx [Client Component Browser]
    ./apps/portal/app/staff/projects/[projectId]/ProjectSnapshotPageClient.tsx [Server Component]
    ./apps/portal/app/staff/projects/[projectId]/page.tsx [Server Component]

  Client Component SSR:
    ./apps/portal/lib/drawings/state/houseFormGeometryInput.ts [Client Component SSR]
    ./apps/portal/lib/drawings/state/objectWorkbenchStatusModel.ts [Client Component SSR]
    ./apps/portal/lib/drawings/state/drawingWorkbenchStore.ts [Client Component SSR]
    ./apps/portal/components/projects/ProjectPage/tabs/EstimatesTab.tsx [Client Component SSR]
    ./apps/portal/components/projects/ProjectPage/ProjectMainTabs.tsx [Client Component SSR]
    ./apps/portal/components/projects/ProjectPage/ProjectPageShell.tsx [Client Component SSR]
    ./apps/portal/components/projects/ProjectPage/ProjectPageFrame.tsx [Client Component SSR]
    ./apps/portal/app/staff/projects/[projectId]/ProjectSnapshotPageClient.tsx [Client Component SSR]
    ./apps/portal/app/staff/projects/[projectId]/ProjectSnapshotPageClient.tsx [Server Component]
    ./apps/portal/app/staff/projects/[projectId]/page.tsx [Server Component] @ http://localhost:3001/_next/static/chunks/node_modules_next_dist_0u_w_5s._.js:1945
[ 2465845ms] [ERROR] ./apps/portal/lib/drawings/state/houseFormGeometryInput.ts:1:1
Export DEFAULT_FASCIA_HEIGHT_MM doesn't exist in target module
>  1 | import {
     | ^^^^^^^
>  2 |   applyHouseReferencePosition,
     | ^^^^^^^^^^^^^^^^^^^^^^^^^^^^^^
>  3 |   applyRoofQa,
     | ^^^^^^^^^^^^^^
>  4 |   buildHouseModel3DFromRawHouseInput,
     | ^^^^^^^^^^^^^^^^^^^^^^^^^^^^^^^^^^^^^
>  5 |   buildHouseReferenceProjectionShape,
     | ^^^^^^^^^^^^^^^^^^^^^^^^^^^^^^^^^^^^^
>  6 |   buildHouseRoofEnvelopeArtifacts,
     | ^^^^^^^^^^^^^^^^^^^^^^^^^^^^^^^^^^
>  7 |   buildHouseRoofModelPipeline,
     | ^^^^^^^^^^^^^^^^^^^^^^^^^^^^^^
>  8 |   composeFootprintFromComposition,
     | ^^^^^^^^^^^^^^^^^^^^^^^^^^^^^^^^^^
>  9 |   composeRoofFromComposition,
     | ^^^^^^^^^^^^^^^^^^^^^^^^^^^^^
> 10 |   DEFAULT_EAVE_OVERHANG_MM,
     | ^^^^^^^^^^^^^^^^^^^^^^^^^^^
> 11 |   DEFAULT_FASCIA_HEIGHT_MM,
     | ^^^^^^^^^^^^^^^^^^^^^^^^^^^
> 12 |   DEFAULT_GUTTER_DEPTH_MM,
     | ^^^^^^^^^^^^^^^^^^^^^^^^^^
> 13 |   DEFAULT_GUTTER_PROJECTION_MM,
     | ^^^^^^^^^^^^^^^^^^^^^^^^^^^^^^^
> 14 |   DEFAULT_GUTTER_WIDTH_MM,
     | ^^^^^^^^^^^^^^^^^^^^^^^^^^
> 15 |   DEFAULT_HOUSE_ROOF_MATERIAL,
     | ^^^^^^^^^^^^^^^^^^^^^^^^^^^^^^
> 16 |   DEFAULT_SOFFIT_DEPTH_MM,
     | ^^^^^^^^^^^^^^^^^^^^^^^^^^
> 17 |   EMPTY_HOUSE_ROOF_STAGE_DIAGNOSTICS,
     | ^^^^^^^^^^^^^^^^^^^^^^^^^^^^^^^^^^^^^
> 18 |   type GeometryTopProjectionShape,
     | ^^^^^^^^^^^^^^^^^^^^^^^^^^^^^^^^^^
> 19 |   type HouseComposition,
     | ^^^^^^^^^^^^^^^^^^^^^^^^
> 20 |   type HouseRoofModelPipelineFailureStage,
     | ^^^^^^^^^^^^^^^^^^^^^^^^^^^^^^^^^^^^^^^^^^
> 21 |   type HouseRoofStageDiagnostics,
     | ^^^^^^^^^^^^^^^^^^^^^^^^^^^^^^^^^
> 22 |   type HouseModel3D,
     | ^^^^^^^^^^^^^^^^^^^^
> 23 |   type RectangleRoofIntent,
     | ^^^^^^^^^^^^^^^^^^^^^^^^^^^
> 24 |   type HouseReferenceGeometry,
     | ^^^^^^^^^^^^^^^^^^^^^^^^^^^^^^
> 25 |   type Polygon3,
     | ^^^^^^^^^^^^^^^^
> 26 |   type RawHouseInput,
     | ^^^^^^^^^^^^^^^^^^^^^
> 27 | } from "@sp/geometry";
     | ^^^^^^^^^^^^^^^^^^^^^^
  28 | import { houseFormTransformToAssemblyPosition } from "./houseFormTransform";
  29 | import { buildHouseFormRawGeometryInput } from "./houseFormRawGeometry";
  30 | import { deriveCompositionUnionPolygon3 } from "./houseFormCompositionFootprint";

The export DEFAULT_FASCIA_HEIGHT_MM was not found in module [project]/packages/geometry/src/index.ts [app-ssr] (ecmascript).
Did you mean to import EMPTY_HOUSE_ROOF_STAGE_DIAGNOSTICS?
All exports of the module are statically known (It doesn't have dynamic exports). So it's known statically that the requested export doesn't exist.

Import traces:
  Client Component Browser:
    ./apps/portal/lib/drawings/state/houseFormGeometryInput.ts [Client Component Browser]
    ./apps/portal/lib/drawings/state/objectWorkbenchStatusModel.ts [Client Component Browser]
    ./apps/portal/lib/drawings/state/drawingWorkbenchStore.ts [Client Component Browser]
    ./apps/portal/components/projects/ProjectPage/tabs/EstimatesTab.tsx [Client Component Browser]
    ./apps/portal/components/projects/ProjectPage/ProjectMainTabs.tsx [Client Component Browser]
    ./apps/portal/components/projects/ProjectPage/ProjectPageShell.tsx [Client Component Browser]
    ./apps/portal/components/projects/ProjectPage/ProjectPageFrame.tsx [Client Component Browser]
    ./apps/portal/app/staff/projects/[projectId]/ProjectSnapshotPageClient.tsx [Client Component Browser]
    ./apps/portal/app/staff/projects/[projectId]/ProjectSnapshotPageClient.tsx [Server Component]
    ./apps/portal/app/staff/projects/[projectId]/page.tsx [Server Component]

  Client Component SSR:
    ./apps/portal/lib/drawings/state/houseFormGeometryInput.ts [Client Component SSR]
    ./apps/portal/lib/drawings/state/objectWorkbenchStatusModel.ts [Client Component SSR]
    ./apps/portal/lib/drawings/state/drawingWorkbenchStore.ts [Client Component SSR]
    ./apps/portal/components/projects/ProjectPage/tabs/EstimatesTab.tsx [Client Component SSR]
    ./apps/portal/components/projects/ProjectPage/ProjectMainTabs.tsx [Client Component SSR]
    ./apps/portal/components/projects/ProjectPage/ProjectPageShell.tsx [Client Component SSR]
    ./apps/portal/components/projects/ProjectPage/ProjectPageFrame.tsx [Client Component SSR]
    ./apps/portal/app/staff/projects/[projectId]/ProjectSnapshotPageClient.tsx [Client Component SSR]
    ./apps/portal/app/staff/projects/[projectId]/ProjectSnapshotPageClient.tsx [Server Component]
    ./apps/portal/app/staff/projects/[projectId]/page.tsx [Server Component] @ http://localhost:3001/_next/static/chunks/node_modules_next_dist_0u_w_5s._.js:1945
[ 2465845ms] [ERROR] ./apps/portal/lib/drawings/state/houseFormGeometryInput.ts:1:1
Export DEFAULT_GUTTER_DEPTH_MM doesn't exist in target module
>  1 | import {
     | ^^^^^^^
>  2 |   applyHouseReferencePosition,
     | ^^^^^^^^^^^^^^^^^^^^^^^^^^^^^^
>  3 |   applyRoofQa,
     | ^^^^^^^^^^^^^^
>  4 |   buildHouseModel3DFromRawHouseInput,
     | ^^^^^^^^^^^^^^^^^^^^^^^^^^^^^^^^^^^^^
>  5 |   buildHouseReferenceProjectionShape,
     | ^^^^^^^^^^^^^^^^^^^^^^^^^^^^^^^^^^^^^
>  6 |   buildHouseRoofEnvelopeArtifacts,
     | ^^^^^^^^^^^^^^^^^^^^^^^^^^^^^^^^^^
>  7 |   buildHouseRoofModelPipeline,
     | ^^^^^^^^^^^^^^^^^^^^^^^^^^^^^^
>  8 |   composeFootprintFromComposition,
     | ^^^^^^^^^^^^^^^^^^^^^^^^^^^^^^^^^^
>  9 |   composeRoofFromComposition,
     | ^^^^^^^^^^^^^^^^^^^^^^^^^^^^^
> 10 |   DEFAULT_EAVE_OVERHANG_MM,
     | ^^^^^^^^^^^^^^^^^^^^^^^^^^^
> 11 |   DEFAULT_FASCIA_HEIGHT_MM,
     | ^^^^^^^^^^^^^^^^^^^^^^^^^^^
> 12 |   DEFAULT_GUTTER_DEPTH_MM,
     | ^^^^^^^^^^^^^^^^^^^^^^^^^^
> 13 |   DEFAULT_GUTTER_PROJECTION_MM,
     | ^^^^^^^^^^^^^^^^^^^^^^^^^^^^^^^
> 14 |   DEFAULT_GUTTER_WIDTH_MM,
     | ^^^^^^^^^^^^^^^^^^^^^^^^^^
> 15 |   DEFAULT_HOUSE_ROOF_MATERIAL,
     | ^^^^^^^^^^^^^^^^^^^^^^^^^^^^^^
> 16 |   DEFAULT_SOFFIT_DEPTH_MM,
     | ^^^^^^^^^^^^^^^^^^^^^^^^^^
> 17 |   EMPTY_HOUSE_ROOF_STAGE_DIAGNOSTICS,
     | ^^^^^^^^^^^^^^^^^^^^^^^^^^^^^^^^^^^^^
> 18 |   type GeometryTopProjectionShape,
     | ^^^^^^^^^^^^^^^^^^^^^^^^^^^^^^^^^^
> 19 |   type HouseComposition,
     | ^^^^^^^^^^^^^^^^^^^^^^^^
> 20 |   type HouseRoofModelPipelineFailureStage,
     | ^^^^^^^^^^^^^^^^^^^^^^^^^^^^^^^^^^^^^^^^^^
> 21 |   type HouseRoofStageDiagnostics,
     | ^^^^^^^^^^^^^^^^^^^^^^^^^^^^^^^^^
> 22 |   type HouseModel3D,
     | ^^^^^^^^^^^^^^^^^^^^
> 23 |   type RectangleRoofIntent,
     | ^^^^^^^^^^^^^^^^^^^^^^^^^^^
> 24 |   type HouseReferenceGeometry,
     | ^^^^^^^^^^^^^^^^^^^^^^^^^^^^^^
> 25 |   type Polygon3,
     | ^^^^^^^^^^^^^^^^
> 26 |   type RawHouseInput,
     | ^^^^^^^^^^^^^^^^^^^^^
> 27 | } from "@sp/geometry";
     | ^^^^^^^^^^^^^^^^^^^^^^
  28 | import { houseFormTransformToAssemblyPosition } from "./houseFormTransform";
  29 | import { buildHouseFormRawGeometryInput } from "./houseFormRawGeometry";
  30 | import { deriveCompositionUnionPolygon3 } from "./houseFormCompositionFootprint";

The export DEFAULT_GUTTER_DEPTH_MM was not found in module [project]/packages/geometry/src/index.ts [app-client] (ecmascript).
Did you mean to import EMPTY_HOUSE_ROOF_STAGE_DIAGNOSTICS?
All exports of the module are statically known (It doesn't have dynamic exports). So it's known statically that the requested export doesn't exist.

Import traces:
  Client Component Browser:
    ./apps/portal/lib/drawings/state/houseFormGeometryInput.ts [Client Component Browser]
    ./apps/portal/lib/drawings/state/objectWorkbenchStatusModel.ts [Client Component Browser]
    ./apps/portal/lib/drawings/state/drawingWorkbenchStore.ts [Client Component Browser]
    ./apps/portal/components/projects/ProjectPage/tabs/EstimatesTab.tsx [Client Component Browser]
    ./apps/portal/components/projects/ProjectPage/ProjectMainTabs.tsx [Client Component Browser]
    ./apps/portal/components/projects/ProjectPage/ProjectPageShell.tsx [Client Component Browser]
    ./apps/portal/components/projects/ProjectPage/ProjectPageFrame.tsx [Client Component Browser]
    ./apps/portal/app/staff/projects/[projectId]/ProjectSnapshotPageClient.tsx [Client Component Browser]
    ./apps/portal/app/staff/projects/[projectId]/ProjectSnapshotPageClient.tsx [Server Component]
    ./apps/portal/app/staff/projects/[projectId]/page.tsx [Server Component]

  Client Component SSR:
    ./apps/portal/lib/drawings/state/houseFormGeometryInput.ts [Client Component SSR]
    ./apps/portal/lib/drawings/state/objectWorkbenchStatusModel.ts [Client Component SSR]
    ./apps/portal/lib/drawings/state/drawingWorkbenchStore.ts [Client Component SSR]
    ./apps/portal/components/projects/ProjectPage/tabs/EstimatesTab.tsx [Client Component SSR]
    ./apps/portal/components/projects/ProjectPage/ProjectMainTabs.tsx [Client Component SSR]
    ./apps/portal/components/projects/ProjectPage/ProjectPageShell.tsx [Client Component SSR]
    ./apps/portal/components/projects/ProjectPage/ProjectPageFrame.tsx [Client Component SSR]
    ./apps/portal/app/staff/projects/[projectId]/ProjectSnapshotPageClient.tsx [Client Component SSR]
    ./apps/portal/app/staff/projects/[projectId]/ProjectSnapshotPageClient.tsx [Server Component]
    ./apps/portal/app/staff/projects/[projectId]/page.tsx [Server Component] @ http://localhost:3001/_next/static/chunks/node_modules_next_dist_0u_w_5s._.js:1945
[ 2465845ms] [ERROR] ./apps/portal/lib/drawings/state/houseFormGeometryInput.ts:1:1
Export DEFAULT_GUTTER_DEPTH_MM doesn't exist in target module
>  1 | import {
     | ^^^^^^^
>  2 |   applyHouseReferencePosition,
     | ^^^^^^^^^^^^^^^^^^^^^^^^^^^^^^
>  3 |   applyRoofQa,
     | ^^^^^^^^^^^^^^
>  4 |   buildHouseModel3DFromRawHouseInput,
     | ^^^^^^^^^^^^^^^^^^^^^^^^^^^^^^^^^^^^^
>  5 |   buildHouseReferenceProjectionShape,
     | ^^^^^^^^^^^^^^^^^^^^^^^^^^^^^^^^^^^^^
>  6 |   buildHouseRoofEnvelopeArtifacts,
     | ^^^^^^^^^^^^^^^^^^^^^^^^^^^^^^^^^^
>  7 |   buildHouseRoofModelPipeline,
     | ^^^^^^^^^^^^^^^^^^^^^^^^^^^^^^
>  8 |   composeFootprintFromComposition,
     | ^^^^^^^^^^^^^^^^^^^^^^^^^^^^^^^^^^
>  9 |   composeRoofFromComposition,
     | ^^^^^^^^^^^^^^^^^^^^^^^^^^^^^
> 10 |   DEFAULT_EAVE_OVERHANG_MM,
     | ^^^^^^^^^^^^^^^^^^^^^^^^^^^
> 11 |   DEFAULT_FASCIA_HEIGHT_MM,
     | ^^^^^^^^^^^^^^^^^^^^^^^^^^^
> 12 |   DEFAULT_GUTTER_DEPTH_MM,
     | ^^^^^^^^^^^^^^^^^^^^^^^^^^
> 13 |   DEFAULT_GUTTER_PROJECTION_MM,
     | ^^^^^^^^^^^^^^^^^^^^^^^^^^^^^^^
> 14 |   DEFAULT_GUTTER_WIDTH_MM,
     | ^^^^^^^^^^^^^^^^^^^^^^^^^^
> 15 |   DEFAULT_HOUSE_ROOF_MATERIAL,
     | ^^^^^^^^^^^^^^^^^^^^^^^^^^^^^^
> 16 |   DEFAULT_SOFFIT_DEPTH_MM,
     | ^^^^^^^^^^^^^^^^^^^^^^^^^^
> 17 |   EMPTY_HOUSE_ROOF_STAGE_DIAGNOSTICS,
     | ^^^^^^^^^^^^^^^^^^^^^^^^^^^^^^^^^^^^^
> 18 |   type GeometryTopProjectionShape,
     | ^^^^^^^^^^^^^^^^^^^^^^^^^^^^^^^^^^
> 19 |   type HouseComposition,
     | ^^^^^^^^^^^^^^^^^^^^^^^^
> 20 |   type HouseRoofModelPipelineFailureStage,
     | ^^^^^^^^^^^^^^^^^^^^^^^^^^^^^^^^^^^^^^^^^^
> 21 |   type HouseRoofStageDiagnostics,
     | ^^^^^^^^^^^^^^^^^^^^^^^^^^^^^^^^^
> 22 |   type HouseModel3D,
     | ^^^^^^^^^^^^^^^^^^^^
> 23 |   type RectangleRoofIntent,
     | ^^^^^^^^^^^^^^^^^^^^^^^^^^^
> 24 |   type HouseReferenceGeometry,
     | ^^^^^^^^^^^^^^^^^^^^^^^^^^^^^^
> 25 |   type Polygon3,
     | ^^^^^^^^^^^^^^^^
> 26 |   type RawHouseInput,
     | ^^^^^^^^^^^^^^^^^^^^^
> 27 | } from "@sp/geometry";
     | ^^^^^^^^^^^^^^^^^^^^^^
  28 | import { houseFormTransformToAssemblyPosition } from "./houseFormTransform";
  29 | import { buildHouseFormRawGeometryInput } from "./houseFormRawGeometry";
  30 | import { deriveCompositionUnionPolygon3 } from "./houseFormCompositionFootprint";

The export DEFAULT_GUTTER_DEPTH_MM was not found in module [project]/packages/geometry/src/index.ts [app-ssr] (ecmascript).
Did you mean to import EMPTY_HOUSE_ROOF_STAGE_DIAGNOSTICS?
All exports of the module are statically known (It doesn't have dynamic exports). So it's known statically that the requested export doesn't exist.

Import traces:
  Client Component Browser:
    ./apps/portal/lib/drawings/state/houseFormGeometryInput.ts [Client Component Browser]
    ./apps/portal/lib/drawings/state/objectWorkbenchStatusModel.ts [Client Component Browser]
    ./apps/portal/lib/drawings/state/drawingWorkbenchStore.ts [Client Component Browser]
    ./apps/portal/components/projects/ProjectPage/tabs/EstimatesTab.tsx [Client Component Browser]
    ./apps/portal/components/projects/ProjectPage/ProjectMainTabs.tsx [Client Component Browser]
    ./apps/portal/components/projects/ProjectPage/ProjectPageShell.tsx [Client Component Browser]
    ./apps/portal/components/projects/ProjectPage/ProjectPageFrame.tsx [Client Component Browser]
    ./apps/portal/app/staff/projects/[projectId]/ProjectSnapshotPageClient.tsx [Client Component Browser]
    ./apps/portal/app/staff/projects/[projectId]/ProjectSnapshotPageClient.tsx [Server Component]
    ./apps/portal/app/staff/projects/[projectId]/page.tsx [Server Component]

  Client Component SSR:
    ./apps/portal/lib/drawings/state/houseFormGeometryInput.ts [Client Component SSR]
    ./apps/portal/lib/drawings/state/objectWorkbenchStatusModel.ts [Client Component SSR]
    ./apps/portal/lib/drawings/state/drawingWorkbenchStore.ts [Client Component SSR]
    ./apps/portal/components/projects/ProjectPage/tabs/EstimatesTab.tsx [Client Component SSR]
    ./apps/portal/components/projects/ProjectPage/ProjectMainTabs.tsx [Client Component SSR]
    ./apps/portal/components/projects/ProjectPage/ProjectPageShell.tsx [Client Component SSR]
    ./apps/portal/components/projects/ProjectPage/ProjectPageFrame.tsx [Client Component SSR]
    ./apps/portal/app/staff/projects/[projectId]/ProjectSnapshotPageClient.tsx [Client Component SSR]
    ./apps/portal/app/staff/projects/[projectId]/ProjectSnapshotPageClient.tsx [Server Component]
    ./apps/portal/app/staff/projects/[projectId]/page.tsx [Server Component] @ http://localhost:3001/_next/static/chunks/node_modules_next_dist_0u_w_5s._.js:1945
[ 2465845ms] [ERROR] ./apps/portal/lib/drawings/state/houseFormGeometryInput.ts:1:1
Export DEFAULT_GUTTER_PROJECTION_MM doesn't exist in target module
>  1 | import {
     | ^^^^^^^
>  2 |   applyHouseReferencePosition,
     | ^^^^^^^^^^^^^^^^^^^^^^^^^^^^^^
>  3 |   applyRoofQa,
     | ^^^^^^^^^^^^^^
>  4 |   buildHouseModel3DFromRawHouseInput,
     | ^^^^^^^^^^^^^^^^^^^^^^^^^^^^^^^^^^^^^
>  5 |   buildHouseReferenceProjectionShape,
     | ^^^^^^^^^^^^^^^^^^^^^^^^^^^^^^^^^^^^^
>  6 |   buildHouseRoofEnvelopeArtifacts,
     | ^^^^^^^^^^^^^^^^^^^^^^^^^^^^^^^^^^
>  7 |   buildHouseRoofModelPipeline,
     | ^^^^^^^^^^^^^^^^^^^^^^^^^^^^^^
>  8 |   composeFootprintFromComposition,
     | ^^^^^^^^^^^^^^^^^^^^^^^^^^^^^^^^^^
>  9 |   composeRoofFromComposition,
     | ^^^^^^^^^^^^^^^^^^^^^^^^^^^^^
> 10 |   DEFAULT_EAVE_OVERHANG_MM,
     | ^^^^^^^^^^^^^^^^^^^^^^^^^^^
> 11 |   DEFAULT_FASCIA_HEIGHT_MM,
     | ^^^^^^^^^^^^^^^^^^^^^^^^^^^
> 12 |   DEFAULT_GUTTER_DEPTH_MM,
     | ^^^^^^^^^^^^^^^^^^^^^^^^^^
> 13 |   DEFAULT_GUTTER_PROJECTION_MM,
     | ^^^^^^^^^^^^^^^^^^^^^^^^^^^^^^^
> 14 |   DEFAULT_GUTTER_WIDTH_MM,
     | ^^^^^^^^^^^^^^^^^^^^^^^^^^
> 15 |   DEFAULT_HOUSE_ROOF_MATERIAL,
     | ^^^^^^^^^^^^^^^^^^^^^^^^^^^^^^
> 16 |   DEFAULT_SOFFIT_DEPTH_MM,
     | ^^^^^^^^^^^^^^^^^^^^^^^^^^
> 17 |   EMPTY_HOUSE_ROOF_STAGE_DIAGNOSTICS,
     | ^^^^^^^^^^^^^^^^^^^^^^^^^^^^^^^^^^^^^
> 18 |   type GeometryTopProjectionShape,
     | ^^^^^^^^^^^^^^^^^^^^^^^^^^^^^^^^^^
> 19 |   type HouseComposition,
     | ^^^^^^^^^^^^^^^^^^^^^^^^
> 20 |   type HouseRoofModelPipelineFailureStage,
     | ^^^^^^^^^^^^^^^^^^^^^^^^^^^^^^^^^^^^^^^^^^
> 21 |   type HouseRoofStageDiagnostics,
     | ^^^^^^^^^^^^^^^^^^^^^^^^^^^^^^^^^
> 22 |   type HouseModel3D,
     | ^^^^^^^^^^^^^^^^^^^^
> 23 |   type RectangleRoofIntent,
     | ^^^^^^^^^^^^^^^^^^^^^^^^^^^
> 24 |   type HouseReferenceGeometry,
     | ^^^^^^^^^^^^^^^^^^^^^^^^^^^^^^
> 25 |   type Polygon3,
     | ^^^^^^^^^^^^^^^^
> 26 |   type RawHouseInput,
     | ^^^^^^^^^^^^^^^^^^^^^
> 27 | } from "@sp/geometry";
     | ^^^^^^^^^^^^^^^^^^^^^^
  28 | import { houseFormTransformToAssemblyPosition } from "./houseFormTransform";
  29 | import { buildHouseFormRawGeometryInput } from "./houseFormRawGeometry";
  30 | import { deriveCompositionUnionPolygon3 } from "./houseFormCompositionFootprint";

The export DEFAULT_GUTTER_PROJECTION_MM was not found in module [project]/packages/geometry/src/index.ts [app-client] (ecmascript).
Did you mean to import EMPTY_HOUSE_ROOF_STAGE_DIAGNOSTICS?
All exports of the module are statically known (It doesn't have dynamic exports). So it's known statically that the requested export doesn't exist.

Import traces:
  Client Component Browser:
    ./apps/portal/lib/drawings/state/houseFormGeometryInput.ts [Client Component Browser]
    ./apps/portal/lib/drawings/state/objectWorkbenchStatusModel.ts [Client Component Browser]
    ./apps/portal/lib/drawings/state/drawingWorkbenchStore.ts [Client Component Browser]
    ./apps/portal/components/projects/ProjectPage/tabs/EstimatesTab.tsx [Client Component Browser]
    ./apps/portal/components/projects/ProjectPage/ProjectMainTabs.tsx [Client Component Browser]
    ./apps/portal/components/projects/ProjectPage/ProjectPageShell.tsx [Client Component Browser]
    ./apps/portal/components/projects/ProjectPage/ProjectPageFrame.tsx [Client Component Browser]
    ./apps/portal/app/staff/projects/[projectId]/ProjectSnapshotPageClient.tsx [Client Component Browser]
    ./apps/portal/app/staff/projects/[projectId]/ProjectSnapshotPageClient.tsx [Server Component]
    ./apps/portal/app/staff/projects/[projectId]/page.tsx [Server Component]

  Client Component SSR:
    ./apps/portal/lib/drawings/state/houseFormGeometryInput.ts [Client Component SSR]
    ./apps/portal/lib/drawings/state/objectWorkbenchStatusModel.ts [Client Component SSR]
    ./apps/portal/lib/drawings/state/drawingWorkbenchStore.ts [Client Component SSR]
    ./apps/portal/components/projects/ProjectPage/tabs/EstimatesTab.tsx [Client Component SSR]
    ./apps/portal/components/projects/ProjectPage/ProjectMainTabs.tsx [Client Component SSR]
    ./apps/portal/components/projects/ProjectPage/ProjectPageShell.tsx [Client Component SSR]
    ./apps/portal/components/projects/ProjectPage/ProjectPageFrame.tsx [Client Component SSR]
    ./apps/portal/app/staff/projects/[projectId]/ProjectSnapshotPageClient.tsx [Client Component SSR]
    ./apps/portal/app/staff/projects/[projectId]/ProjectSnapshotPageClient.tsx [Server Component]
    ./apps/portal/app/staff/projects/[projectId]/page.tsx [Server Component] @ http://localhost:3001/_next/static/chunks/node_modules_next_dist_0u_w_5s._.js:1945
[ 2465845ms] [ERROR] ./apps/portal/lib/drawings/state/houseFormGeometryInput.ts:1:1
Export DEFAULT_GUTTER_PROJECTION_MM doesn't exist in target module
>  1 | import {
     | ^^^^^^^
>  2 |   applyHouseReferencePosition,
     | ^^^^^^^^^^^^^^^^^^^^^^^^^^^^^^
>  3 |   applyRoofQa,
     | ^^^^^^^^^^^^^^
>  4 |   buildHouseModel3DFromRawHouseInput,
     | ^^^^^^^^^^^^^^^^^^^^^^^^^^^^^^^^^^^^^
>  5 |   buildHouseReferenceProjectionShape,
     | ^^^^^^^^^^^^^^^^^^^^^^^^^^^^^^^^^^^^^
>  6 |   buildHouseRoofEnvelopeArtifacts,
     | ^^^^^^^^^^^^^^^^^^^^^^^^^^^^^^^^^^
>  7 |   buildHouseRoofModelPipeline,
     | ^^^^^^^^^^^^^^^^^^^^^^^^^^^^^^
>  8 |   composeFootprintFromComposition,
     | ^^^^^^^^^^^^^^^^^^^^^^^^^^^^^^^^^^
>  9 |   composeRoofFromComposition,
     | ^^^^^^^^^^^^^^^^^^^^^^^^^^^^^
> 10 |   DEFAULT_EAVE_OVERHANG_MM,
     | ^^^^^^^^^^^^^^^^^^^^^^^^^^^
> 11 |   DEFAULT_FASCIA_HEIGHT_MM,
     | ^^^^^^^^^^^^^^^^^^^^^^^^^^^
> 12 |   DEFAULT_GUTTER_DEPTH_MM,
     | ^^^^^^^^^^^^^^^^^^^^^^^^^^
> 13 |   DEFAULT_GUTTER_PROJECTION_MM,
     | ^^^^^^^^^^^^^^^^^^^^^^^^^^^^^^^
> 14 |   DEFAULT_GUTTER_WIDTH_MM,
     | ^^^^^^^^^^^^^^^^^^^^^^^^^^
> 15 |   DEFAULT_HOUSE_ROOF_MATERIAL,
     | ^^^^^^^^^^^^^^^^^^^^^^^^^^^^^^
> 16 |   DEFAULT_SOFFIT_DEPTH_MM,
     | ^^^^^^^^^^^^^^^^^^^^^^^^^^
> 17 |   EMPTY_HOUSE_ROOF_STAGE_DIAGNOSTICS,
     | ^^^^^^^^^^^^^^^^^^^^^^^^^^^^^^^^^^^^^
> 18 |   type GeometryTopProjectionShape,
     | ^^^^^^^^^^^^^^^^^^^^^^^^^^^^^^^^^^
> 19 |   type HouseComposition,
     | ^^^^^^^^^^^^^^^^^^^^^^^^
> 20 |   type HouseRoofModelPipelineFailureStage,
     | ^^^^^^^^^^^^^^^^^^^^^^^^^^^^^^^^^^^^^^^^^^
> 21 |   type HouseRoofStageDiagnostics,
     | ^^^^^^^^^^^^^^^^^^^^^^^^^^^^^^^^^
> 22 |   type HouseModel3D,
     | ^^^^^^^^^^^^^^^^^^^^
> 23 |   type RectangleRoofIntent,
     | ^^^^^^^^^^^^^^^^^^^^^^^^^^^
> 24 |   type HouseReferenceGeometry,
     | ^^^^^^^^^^^^^^^^^^^^^^^^^^^^^^
> 25 |   type Polygon3,
     | ^^^^^^^^^^^^^^^^
> 26 |   type RawHouseInput,
     | ^^^^^^^^^^^^^^^^^^^^^
> 27 | } from "@sp/geometry";
     | ^^^^^^^^^^^^^^^^^^^^^^
  28 | import { houseFormTransformToAssemblyPosition } from "./houseFormTransform";
  29 | import { buildHouseFormRawGeometryInput } from "./houseFormRawGeometry";
  30 | import { deriveCompositionUnionPolygon3 } from "./houseFormCompositionFootprint";

The export DEFAULT_GUTTER_PROJECTION_MM was not found in module [project]/packages/geometry/src/index.ts [app-ssr] (ecmascript).
Did you mean to import EMPTY_HOUSE_ROOF_STAGE_DIAGNOSTICS?
All exports of the module are statically known (It doesn't have dynamic exports). So it's known statically that the requested export doesn't exist.

Import traces:
  Client Component Browser:
    ./apps/portal/lib/drawings/state/houseFormGeometryInput.ts [Client Component Browser]
    ./apps/portal/lib/drawings/state/objectWorkbenchStatusModel.ts [Client Component Browser]
    ./apps/portal/lib/drawings/state/drawingWorkbenchStore.ts [Client Component Browser]
    ./apps/portal/components/projects/ProjectPage/tabs/EstimatesTab.tsx [Client Component Browser]
    ./apps/portal/components/projects/ProjectPage/ProjectMainTabs.tsx [Client Component Browser]
    ./apps/portal/components/projects/ProjectPage/ProjectPageShell.tsx [Client Component Browser]
    ./apps/portal/components/projects/ProjectPage/ProjectPageFrame.tsx [Client Component Browser]
    ./apps/portal/app/staff/projects/[projectId]/ProjectSnapshotPageClient.tsx [Client Component Browser]
    ./apps/portal/app/staff/projects/[projectId]/ProjectSnapshotPageClient.tsx [Server Component]
    ./apps/portal/app/staff/projects/[projectId]/page.tsx [Server Component]

  Client Component SSR:
    ./apps/portal/lib/drawings/state/houseFormGeometryInput.ts [Client Component SSR]
    ./apps/portal/lib/drawings/state/objectWorkbenchStatusModel.ts [Client Component SSR]
    ./apps/portal/lib/drawings/state/drawingWorkbenchStore.ts [Client Component SSR]
    ./apps/portal/components/projects/ProjectPage/tabs/EstimatesTab.tsx [Client Component SSR]
    ./apps/portal/components/projects/ProjectPage/ProjectMainTabs.tsx [Client Component SSR]
    ./apps/portal/components/projects/ProjectPage/ProjectPageShell.tsx [Client Component SSR]
    ./apps/portal/components/projects/ProjectPage/ProjectPageFrame.tsx [Client Component SSR]
    ./apps/portal/app/staff/projects/[projectId]/ProjectSnapshotPageClient.tsx [Client Component SSR]
    ./apps/portal/app/staff/projects/[projectId]/ProjectSnapshotPageClient.tsx [Server Component]
    ./apps/portal/app/staff/projects/[projectId]/page.tsx [Server Component] @ http://localhost:3001/_next/static/chunks/node_modules_next_dist_0u_w_5s._.js:1945
[ 2465845ms] [ERROR] ./apps/portal/lib/drawings/state/houseFormGeometryInput.ts:1:1
Export DEFAULT_GUTTER_WIDTH_MM doesn't exist in target module
>  1 | import {
     | ^^^^^^^
>  2 |   applyHouseReferencePosition,
     | ^^^^^^^^^^^^^^^^^^^^^^^^^^^^^^
>  3 |   applyRoofQa,
     | ^^^^^^^^^^^^^^
>  4 |   buildHouseModel3DFromRawHouseInput,
     | ^^^^^^^^^^^^^^^^^^^^^^^^^^^^^^^^^^^^^
>  5 |   buildHouseReferenceProjectionShape,
     | ^^^^^^^^^^^^^^^^^^^^^^^^^^^^^^^^^^^^^
>  6 |   buildHouseRoofEnvelopeArtifacts,
     | ^^^^^^^^^^^^^^^^^^^^^^^^^^^^^^^^^^
>  7 |   buildHouseRoofModelPipeline,
     | ^^^^^^^^^^^^^^^^^^^^^^^^^^^^^^
>  8 |   composeFootprintFromComposition,
     | ^^^^^^^^^^^^^^^^^^^^^^^^^^^^^^^^^^
>  9 |   composeRoofFromComposition,
     | ^^^^^^^^^^^^^^^^^^^^^^^^^^^^^
> 10 |   DEFAULT_EAVE_OVERHANG_MM,
     | ^^^^^^^^^^^^^^^^^^^^^^^^^^^
> 11 |   DEFAULT_FASCIA_HEIGHT_MM,
     | ^^^^^^^^^^^^^^^^^^^^^^^^^^^
> 12 |   DEFAULT_GUTTER_DEPTH_MM,
     | ^^^^^^^^^^^^^^^^^^^^^^^^^^
> 13 |   DEFAULT_GUTTER_PROJECTION_MM,
     | ^^^^^^^^^^^^^^^^^^^^^^^^^^^^^^^
> 14 |   DEFAULT_GUTTER_WIDTH_MM,
     | ^^^^^^^^^^^^^^^^^^^^^^^^^^
> 15 |   DEFAULT_HOUSE_ROOF_MATERIAL,
     | ^^^^^^^^^^^^^^^^^^^^^^^^^^^^^^
> 16 |   DEFAULT_SOFFIT_DEPTH_MM,
     | ^^^^^^^^^^^^^^^^^^^^^^^^^^
> 17 |   EMPTY_HOUSE_ROOF_STAGE_DIAGNOSTICS,
     | ^^^^^^^^^^^^^^^^^^^^^^^^^^^^^^^^^^^^^
> 18 |   type GeometryTopProjectionShape,
     | ^^^^^^^^^^^^^^^^^^^^^^^^^^^^^^^^^^
> 19 |   type HouseComposition,
     | ^^^^^^^^^^^^^^^^^^^^^^^^
> 20 |   type HouseRoofModelPipelineFailureStage,
     | ^^^^^^^^^^^^^^^^^^^^^^^^^^^^^^^^^^^^^^^^^^
> 21 |   type HouseRoofStageDiagnostics,
     | ^^^^^^^^^^^^^^^^^^^^^^^^^^^^^^^^^
> 22 |   type HouseModel3D,
     | ^^^^^^^^^^^^^^^^^^^^
> 23 |   type RectangleRoofIntent,
     | ^^^^^^^^^^^^^^^^^^^^^^^^^^^
> 24 |   type HouseReferenceGeometry,
     | ^^^^^^^^^^^^^^^^^^^^^^^^^^^^^^
> 25 |   type Polygon3,
     | ^^^^^^^^^^^^^^^^
> 26 |   type RawHouseInput,
     | ^^^^^^^^^^^^^^^^^^^^^
> 27 | } from "@sp/geometry";
     | ^^^^^^^^^^^^^^^^^^^^^^
  28 | import { houseFormTransformToAssemblyPosition } from "./houseFormTransform";
  29 | import { buildHouseFormRawGeometryInput } from "./houseFormRawGeometry";
  30 | import { deriveCompositionUnionPolygon3 } from "./houseFormCompositionFootprint";

The export DEFAULT_GUTTER_WIDTH_MM was not found in module [project]/packages/geometry/src/index.ts [app-client] (ecmascript).
Did you mean to import EMPTY_HOUSE_ROOF_STAGE_DIAGNOSTICS?
All exports of the module are statically known (It doesn't have dynamic exports). So it's known statically that the requested export doesn't exist.

Import traces:
  Client Component Browser:
    ./apps/portal/lib/drawings/state/houseFormGeometryInput.ts [Client Component Browser]
    ./apps/portal/lib/drawings/state/objectWorkbenchStatusModel.ts [Client Component Browser]
    ./apps/portal/lib/drawings/state/drawingWorkbenchStore.ts [Client Component Browser]
    ./apps/portal/components/projects/ProjectPage/tabs/EstimatesTab.tsx [Client Component Browser]
    ./apps/portal/components/projects/ProjectPage/ProjectMainTabs.tsx [Client Component Browser]
    ./apps/portal/components/projects/ProjectPage/ProjectPageShell.tsx [Client Component Browser]
    ./apps/portal/components/projects/ProjectPage/ProjectPageFrame.tsx [Client Component Browser]
    ./apps/portal/app/staff/projects/[projectId]/ProjectSnapshotPageClient.tsx [Client Component Browser]
    ./apps/portal/app/staff/projects/[projectId]/ProjectSnapshotPageClient.tsx [Server Component]
    ./apps/portal/app/staff/projects/[projectId]/page.tsx [Server Component]

  Client Component SSR:
    ./apps/portal/lib/drawings/state/houseFormGeometryInput.ts [Client Component SSR]
    ./apps/portal/lib/drawings/state/objectWorkbenchStatusModel.ts [Client Component SSR]
    ./apps/portal/lib/drawings/state/drawingWorkbenchStore.ts [Client Component SSR]
    ./apps/portal/components/projects/ProjectPage/tabs/EstimatesTab.tsx [Client Component SSR]
    ./apps/portal/components/projects/ProjectPage/ProjectMainTabs.tsx [Client Component SSR]
    ./apps/portal/components/projects/ProjectPage/ProjectPageShell.tsx [Client Component SSR]
    ./apps/portal/components/projects/ProjectPage/ProjectPageFrame.tsx [Client Component SSR]
    ./apps/portal/app/staff/projects/[projectId]/ProjectSnapshotPageClient.tsx [Client Component SSR]
    ./apps/portal/app/staff/projects/[projectId]/ProjectSnapshotPageClient.tsx [Server Component]
    ./apps/portal/app/staff/projects/[projectId]/page.tsx [Server Component] @ http://localhost:3001/_next/static/chunks/node_modules_next_dist_0u_w_5s._.js:1945
[ 2465845ms] [ERROR] ./apps/portal/lib/drawings/state/houseFormGeometryInput.ts:1:1
Export DEFAULT_GUTTER_WIDTH_MM doesn't exist in target module
>  1 | import {
     | ^^^^^^^
>  2 |   applyHouseReferencePosition,
     | ^^^^^^^^^^^^^^^^^^^^^^^^^^^^^^
>  3 |   applyRoofQa,
     | ^^^^^^^^^^^^^^
>  4 |   buildHouseModel3DFromRawHouseInput,
     | ^^^^^^^^^^^^^^^^^^^^^^^^^^^^^^^^^^^^^
>  5 |   buildHouseReferenceProjectionShape,
     | ^^^^^^^^^^^^^^^^^^^^^^^^^^^^^^^^^^^^^
>  6 |   buildHouseRoofEnvelopeArtifacts,
     | ^^^^^^^^^^^^^^^^^^^^^^^^^^^^^^^^^^
>  7 |   buildHouseRoofModelPipeline,
     | ^^^^^^^^^^^^^^^^^^^^^^^^^^^^^^
>  8 |   composeFootprintFromComposition,
     | ^^^^^^^^^^^^^^^^^^^^^^^^^^^^^^^^^^
>  9 |   composeRoofFromComposition,
     | ^^^^^^^^^^^^^^^^^^^^^^^^^^^^^
> 10 |   DEFAULT_EAVE_OVERHANG_MM,
     | ^^^^^^^^^^^^^^^^^^^^^^^^^^^
> 11 |   DEFAULT_FASCIA_HEIGHT_MM,
     | ^^^^^^^^^^^^^^^^^^^^^^^^^^^
> 12 |   DEFAULT_GUTTER_DEPTH_MM,
     | ^^^^^^^^^^^^^^^^^^^^^^^^^^
> 13 |   DEFAULT_GUTTER_PROJECTION_MM,
     | ^^^^^^^^^^^^^^^^^^^^^^^^^^^^^^^
> 14 |   DEFAULT_GUTTER_WIDTH_MM,
     | ^^^^^^^^^^^^^^^^^^^^^^^^^^
> 15 |   DEFAULT_HOUSE_ROOF_MATERIAL,
     | ^^^^^^^^^^^^^^^^^^^^^^^^^^^^^^
> 16 |   DEFAULT_SOFFIT_DEPTH_MM,
     | ^^^^^^^^^^^^^^^^^^^^^^^^^^
> 17 |   EMPTY_HOUSE_ROOF_STAGE_DIAGNOSTICS,
     | ^^^^^^^^^^^^^^^^^^^^^^^^^^^^^^^^^^^^^
> 18 |   type GeometryTopProjectionShape,
     | ^^^^^^^^^^^^^^^^^^^^^^^^^^^^^^^^^^
> 19 |   type HouseComposition,
     | ^^^^^^^^^^^^^^^^^^^^^^^^
> 20 |   type HouseRoofModelPipelineFailureStage,
     | ^^^^^^^^^^^^^^^^^^^^^^^^^^^^^^^^^^^^^^^^^^
> 21 |   type HouseRoofStageDiagnostics,
     | ^^^^^^^^^^^^^^^^^^^^^^^^^^^^^^^^^
> 22 |   type HouseModel3D,
     | ^^^^^^^^^^^^^^^^^^^^
> 23 |   type RectangleRoofIntent,
     | ^^^^^^^^^^^^^^^^^^^^^^^^^^^
> 24 |   type HouseReferenceGeometry,
     | ^^^^^^^^^^^^^^^^^^^^^^^^^^^^^^
> 25 |   type Polygon3,
     | ^^^^^^^^^^^^^^^^
> 26 |   type RawHouseInput,
     | ^^^^^^^^^^^^^^^^^^^^^
> 27 | } from "@sp/geometry";
     | ^^^^^^^^^^^^^^^^^^^^^^
  28 | import { houseFormTransformToAssemblyPosition } from "./houseFormTransform";
  29 | import { buildHouseFormRawGeometryInput } from "./houseFormRawGeometry";
  30 | import { deriveCompositionUnionPolygon3 } from "./houseFormCompositionFootprint";

The export DEFAULT_GUTTER_WIDTH_MM was not found in module [project]/packages/geometry/src/index.ts [app-ssr] (ecmascript).
Did you mean to import EMPTY_HOUSE_ROOF_STAGE_DIAGNOSTICS?
All exports of the module are statically known (It doesn't have dynamic exports). So it's known statically that the requested export doesn't exist.

Import traces:
  Client Component Browser:
    ./apps/portal/lib/drawings/state/houseFormGeometryInput.ts [Client Component Browser]
    ./apps/portal/lib/drawings/state/objectWorkbenchStatusModel.ts [Client Component Browser]
    ./apps/portal/lib/drawings/state/drawingWorkbenchStore.ts [Client Component Browser]
    ./apps/portal/components/projects/ProjectPage/tabs/EstimatesTab.tsx [Client Component Browser]
    ./apps/portal/components/projects/ProjectPage/ProjectMainTabs.tsx [Client Component Browser]
    ./apps/portal/components/projects/ProjectPage/ProjectPageShell.tsx [Client Component Browser]
    ./apps/portal/components/projects/ProjectPage/ProjectPageFrame.tsx [Client Component Browser]
    ./apps/portal/app/staff/projects/[projectId]/ProjectSnapshotPageClient.tsx [Client Component Browser]
    ./apps/portal/app/staff/projects/[projectId]/ProjectSnapshotPageClient.tsx [Server Component]
    ./apps/portal/app/staff/projects/[projectId]/page.tsx [Server Component]

  Client Component SSR:
    ./apps/portal/lib/drawings/state/houseFormGeometryInput.ts [Client Component SSR]
    ./apps/portal/lib/drawings/state/objectWorkbenchStatusModel.ts [Client Component SSR]
    ./apps/portal/lib/drawings/state/drawingWorkbenchStore.ts [Client Component SSR]
    ./apps/portal/components/projects/ProjectPage/tabs/EstimatesTab.tsx [Client Component SSR]
    ./apps/portal/components/projects/ProjectPage/ProjectMainTabs.tsx [Client Component SSR]
    ./apps/portal/components/projects/ProjectPage/ProjectPageShell.tsx [Client Component SSR]
    ./apps/portal/components/projects/ProjectPage/ProjectPageFrame.tsx [Client Component SSR]
    ./apps/portal/app/staff/projects/[projectId]/ProjectSnapshotPageClient.tsx [Client Component SSR]
    ./apps/portal/app/staff/projects/[projectId]/ProjectSnapshotPageClient.tsx [Server Component]
    ./apps/portal/app/staff/projects/[projectId]/page.tsx [Server Component] @ http://localhost:3001/_next/static/chunks/node_modules_next_dist_0u_w_5s._.js:1945
[ 2465845ms] [ERROR] ./apps/portal/lib/drawings/state/houseFormGeometryInput.ts:1:1
Export DEFAULT_HOUSE_ROOF_MATERIAL doesn't exist in target module
>  1 | import {
     | ^^^^^^^
>  2 |   applyHouseReferencePosition,
     | ^^^^^^^^^^^^^^^^^^^^^^^^^^^^^^
>  3 |   applyRoofQa,
     | ^^^^^^^^^^^^^^
>  4 |   buildHouseModel3DFromRawHouseInput,
     | ^^^^^^^^^^^^^^^^^^^^^^^^^^^^^^^^^^^^^
>  5 |   buildHouseReferenceProjectionShape,
     | ^^^^^^^^^^^^^^^^^^^^^^^^^^^^^^^^^^^^^
>  6 |   buildHouseRoofEnvelopeArtifacts,
     | ^^^^^^^^^^^^^^^^^^^^^^^^^^^^^^^^^^
>  7 |   buildHouseRoofModelPipeline,
     | ^^^^^^^^^^^^^^^^^^^^^^^^^^^^^^
>  8 |   composeFootprintFromComposition,
     | ^^^^^^^^^^^^^^^^^^^^^^^^^^^^^^^^^^
>  9 |   composeRoofFromComposition,
     | ^^^^^^^^^^^^^^^^^^^^^^^^^^^^^
> 10 |   DEFAULT_EAVE_OVERHANG_MM,
     | ^^^^^^^^^^^^^^^^^^^^^^^^^^^
> 11 |   DEFAULT_FASCIA_HEIGHT_MM,
     | ^^^^^^^^^^^^^^^^^^^^^^^^^^^
> 12 |   DEFAULT_GUTTER_DEPTH_MM,
     | ^^^^^^^^^^^^^^^^^^^^^^^^^^
> 13 |   DEFAULT_GUTTER_PROJECTION_MM,
     | ^^^^^^^^^^^^^^^^^^^^^^^^^^^^^^^
> 14 |   DEFAULT_GUTTER_WIDTH_MM,
     | ^^^^^^^^^^^^^^^^^^^^^^^^^^
> 15 |   DEFAULT_HOUSE_ROOF_MATERIAL,
     | ^^^^^^^^^^^^^^^^^^^^^^^^^^^^^^
> 16 |   DEFAULT_SOFFIT_DEPTH_MM,
     | ^^^^^^^^^^^^^^^^^^^^^^^^^^
> 17 |   EMPTY_HOUSE_ROOF_STAGE_DIAGNOSTICS,
     | ^^^^^^^^^^^^^^^^^^^^^^^^^^^^^^^^^^^^^
> 18 |   type GeometryTopProjectionShape,
     | ^^^^^^^^^^^^^^^^^^^^^^^^^^^^^^^^^^
> 19 |   type HouseComposition,
     | ^^^^^^^^^^^^^^^^^^^^^^^^
> 20 |   type HouseRoofModelPipelineFailureStage,
     | ^^^^^^^^^^^^^^^^^^^^^^^^^^^^^^^^^^^^^^^^^^
> 21 |   type HouseRoofStageDiagnostics,
     | ^^^^^^^^^^^^^^^^^^^^^^^^^^^^^^^^^
> 22 |   type HouseModel3D,
     | ^^^^^^^^^^^^^^^^^^^^
> 23 |   type RectangleRoofIntent,
     | ^^^^^^^^^^^^^^^^^^^^^^^^^^^
> 24 |   type HouseReferenceGeometry,
     | ^^^^^^^^^^^^^^^^^^^^^^^^^^^^^^
> 25 |   type Polygon3,
     | ^^^^^^^^^^^^^^^^
> 26 |   type RawHouseInput,
     | ^^^^^^^^^^^^^^^^^^^^^
> 27 | } from "@sp/geometry";
     | ^^^^^^^^^^^^^^^^^^^^^^
  28 | import { houseFormTransformToAssemblyPosition } from "./houseFormTransform";
  29 | import { buildHouseFormRawGeometryInput } from "./houseFormRawGeometry";
  30 | import { deriveCompositionUnionPolygon3 } from "./houseFormCompositionFootprint";

The export DEFAULT_HOUSE_ROOF_MATERIAL was not found in module [project]/packages/geometry/src/index.ts [app-client] (ecmascript).
Did you mean to import HOUSE_ROOF_FORM_BEHAVIORS?
All exports of the module are statically known (It doesn't have dynamic exports). So it's known statically that the requested export doesn't exist.

Import traces:
  Client Component Browser:
    ./apps/portal/lib/drawings/state/houseFormGeometryInput.ts [Client Component Browser]
    ./apps/portal/lib/drawings/state/objectWorkbenchStatusModel.ts [Client Component Browser]
    ./apps/portal/lib/drawings/state/drawingWorkbenchStore.ts [Client Component Browser]
    ./apps/portal/components/projects/ProjectPage/tabs/EstimatesTab.tsx [Client Component Browser]
    ./apps/portal/components/projects/ProjectPage/ProjectMainTabs.tsx [Client Component Browser]
    ./apps/portal/components/projects/ProjectPage/ProjectPageShell.tsx [Client Component Browser]
    ./apps/portal/components/projects/ProjectPage/ProjectPageFrame.tsx [Client Component Browser]
    ./apps/portal/app/staff/projects/[projectId]/ProjectSnapshotPageClient.tsx [Client Component Browser]
    ./apps/portal/app/staff/projects/[projectId]/ProjectSnapshotPageClient.tsx [Server Component]
    ./apps/portal/app/staff/projects/[projectId]/page.tsx [Server Component]

  Client Component SSR:
    ./apps/portal/lib/drawings/state/houseFormGeometryInput.ts [Client Component SSR]
    ./apps/portal/lib/drawings/state/objectWorkbenchStatusModel.ts [Client Component SSR]
    ./apps/portal/lib/drawings/state/drawingWorkbenchStore.ts [Client Component SSR]
    ./apps/portal/components/projects/ProjectPage/tabs/EstimatesTab.tsx [Client Component SSR]
    ./apps/portal/components/projects/ProjectPage/ProjectMainTabs.tsx [Client Component SSR]
    ./apps/portal/components/projects/ProjectPage/ProjectPageShell.tsx [Client Component SSR]
    ./apps/portal/components/projects/ProjectPage/ProjectPageFrame.tsx [Client Component SSR]
    ./apps/portal/app/staff/projects/[projectId]/ProjectSnapshotPageClient.tsx [Client Component SSR]
    ./apps/portal/app/staff/projects/[projectId]/ProjectSnapshotPageClient.tsx [Server Component]
    ./apps/portal/app/staff/projects/[projectId]/page.tsx [Server Component] @ http://localhost:3001/_next/static/chunks/node_modules_next_dist_0u_w_5s._.js:1945
[ 2465845ms] [ERROR] ./apps/portal/lib/drawings/state/houseFormGeometryInput.ts:1:1
Export DEFAULT_HOUSE_ROOF_MATERIAL doesn't exist in target module
>  1 | import {
     | ^^^^^^^
>  2 |   applyHouseReferencePosition,
     | ^^^^^^^^^^^^^^^^^^^^^^^^^^^^^^
>  3 |   applyRoofQa,
     | ^^^^^^^^^^^^^^
>  4 |   buildHouseModel3DFromRawHouseInput,
     | ^^^^^^^^^^^^^^^^^^^^^^^^^^^^^^^^^^^^^
>  5 |   buildHouseReferenceProjectionShape,
     | ^^^^^^^^^^^^^^^^^^^^^^^^^^^^^^^^^^^^^
>  6 |   buildHouseRoofEnvelopeArtifacts,
     | ^^^^^^^^^^^^^^^^^^^^^^^^^^^^^^^^^^
>  7 |   buildHouseRoofModelPipeline,
     | ^^^^^^^^^^^^^^^^^^^^^^^^^^^^^^
>  8 |   composeFootprintFromComposition,
     | ^^^^^^^^^^^^^^^^^^^^^^^^^^^^^^^^^^
>  9 |   composeRoofFromComposition,
     | ^^^^^^^^^^^^^^^^^^^^^^^^^^^^^
> 10 |   DEFAULT_EAVE_OVERHANG_MM,
     | ^^^^^^^^^^^^^^^^^^^^^^^^^^^
> 11 |   DEFAULT_FASCIA_HEIGHT_MM,
     | ^^^^^^^^^^^^^^^^^^^^^^^^^^^
> 12 |   DEFAULT_GUTTER_DEPTH_MM,
     | ^^^^^^^^^^^^^^^^^^^^^^^^^^
> 13 |   DEFAULT_GUTTER_PROJECTION_MM,
     | ^^^^^^^^^^^^^^^^^^^^^^^^^^^^^^^
> 14 |   DEFAULT_GUTTER_WIDTH_MM,
     | ^^^^^^^^^^^^^^^^^^^^^^^^^^
> 15 |   DEFAULT_HOUSE_ROOF_MATERIAL,
     | ^^^^^^^^^^^^^^^^^^^^^^^^^^^^^^
> 16 |   DEFAULT_SOFFIT_DEPTH_MM,
     | ^^^^^^^^^^^^^^^^^^^^^^^^^^
> 17 |   EMPTY_HOUSE_ROOF_STAGE_DIAGNOSTICS,
     | ^^^^^^^^^^^^^^^^^^^^^^^^^^^^^^^^^^^^^
> 18 |   type GeometryTopProjectionShape,
     | ^^^^^^^^^^^^^^^^^^^^^^^^^^^^^^^^^^
> 19 |   type HouseComposition,
     | ^^^^^^^^^^^^^^^^^^^^^^^^
> 20 |   type HouseRoofModelPipelineFailureStage,
     | ^^^^^^^^^^^^^^^^^^^^^^^^^^^^^^^^^^^^^^^^^^
> 21 |   type HouseRoofStageDiagnostics,
     | ^^^^^^^^^^^^^^^^^^^^^^^^^^^^^^^^^
> 22 |   type HouseModel3D,
     | ^^^^^^^^^^^^^^^^^^^^
> 23 |   type RectangleRoofIntent,
     | ^^^^^^^^^^^^^^^^^^^^^^^^^^^
> 24 |   type HouseReferenceGeometry,
     | ^^^^^^^^^^^^^^^^^^^^^^^^^^^^^^
> 25 |   type Polygon3,
     | ^^^^^^^^^^^^^^^^
> 26 |   type RawHouseInput,
     | ^^^^^^^^^^^^^^^^^^^^^
> 27 | } from "@sp/geometry";
     | ^^^^^^^^^^^^^^^^^^^^^^
  28 | import { houseFormTransformToAssemblyPosition } from "./houseFormTransform";
  29 | import { buildHouseFormRawGeometryInput } from "./houseFormRawGeometry";
  30 | import { deriveCompositionUnionPolygon3 } from "./houseFormCompositionFootprint";

The export DEFAULT_HOUSE_ROOF_MATERIAL was not found in module [project]/packages/geometry/src/index.ts [app-ssr] (ecmascript).
Did you mean to import HOUSE_ROOF_FORM_BEHAVIORS?
All exports of the module are statically known (It doesn't have dynamic exports). So it's known statically that the requested export doesn't exist.

Import traces:
  Client Component Browser:
    ./apps/portal/lib/drawings/state/houseFormGeometryInput.ts [Client Component Browser]
    ./apps/portal/lib/drawings/state/objectWorkbenchStatusModel.ts [Client Component Browser]
    ./apps/portal/lib/drawings/state/drawingWorkbenchStore.ts [Client Component Browser]
    ./apps/portal/components/projects/ProjectPage/tabs/EstimatesTab.tsx [Client Component Browser]
    ./apps/portal/components/projects/ProjectPage/ProjectMainTabs.tsx [Client Component Browser]
    ./apps/portal/components/projects/ProjectPage/ProjectPageShell.tsx [Client Component Browser]
    ./apps/portal/components/projects/ProjectPage/ProjectPageFrame.tsx [Client Component Browser]
    ./apps/portal/app/staff/projects/[projectId]/ProjectSnapshotPageClient.tsx [Client Component Browser]
    ./apps/portal/app/staff/projects/[projectId]/ProjectSnapshotPageClient.tsx [Server Component]
    ./apps/portal/app/staff/projects/[projectId]/page.tsx [Server Component]

  Client Component SSR:
    ./apps/portal/lib/drawings/state/houseFormGeometryInput.ts [Client Component SSR]
    ./apps/portal/lib/drawings/state/objectWorkbenchStatusModel.ts [Client Component SSR]
    ./apps/portal/lib/drawings/state/drawingWorkbenchStore.ts [Client Component SSR]
    ./apps/portal/components/projects/ProjectPage/tabs/EstimatesTab.tsx [Client Component SSR]
    ./apps/portal/components/projects/ProjectPage/ProjectMainTabs.tsx [Client Component SSR]
    ./apps/portal/components/projects/ProjectPage/ProjectPageShell.tsx [Client Component SSR]
    ./apps/portal/components/projects/ProjectPage/ProjectPageFrame.tsx [Client Component SSR]
    ./apps/portal/app/staff/projects/[projectId]/ProjectSnapshotPageClient.tsx [Client Component SSR]
    ./apps/portal/app/staff/projects/[projectId]/ProjectSnapshotPageClient.tsx [Server Component]
    ./apps/portal/app/staff/projects/[projectId]/page.tsx [Server Component] @ http://localhost:3001/_next/static/chunks/node_modules_next_dist_0u_w_5s._.js:1945
[ 2465845ms] [ERROR] ./apps/portal/lib/drawings/state/houseFormGeometryInput.ts:1:1
Export DEFAULT_SOFFIT_DEPTH_MM doesn't exist in target module
>  1 | import {
     | ^^^^^^^
>  2 |   applyHouseReferencePosition,
     | ^^^^^^^^^^^^^^^^^^^^^^^^^^^^^^
>  3 |   applyRoofQa,
     | ^^^^^^^^^^^^^^
>  4 |   buildHouseModel3DFromRawHouseInput,
     | ^^^^^^^^^^^^^^^^^^^^^^^^^^^^^^^^^^^^^
>  5 |   buildHouseReferenceProjectionShape,
     | ^^^^^^^^^^^^^^^^^^^^^^^^^^^^^^^^^^^^^
>  6 |   buildHouseRoofEnvelopeArtifacts,
     | ^^^^^^^^^^^^^^^^^^^^^^^^^^^^^^^^^^
>  7 |   buildHouseRoofModelPipeline,
     | ^^^^^^^^^^^^^^^^^^^^^^^^^^^^^^
>  8 |   composeFootprintFromComposition,
     | ^^^^^^^^^^^^^^^^^^^^^^^^^^^^^^^^^^
>  9 |   composeRoofFromComposition,
     | ^^^^^^^^^^^^^^^^^^^^^^^^^^^^^
> 10 |   DEFAULT_EAVE_OVERHANG_MM,
     | ^^^^^^^^^^^^^^^^^^^^^^^^^^^
> 11 |   DEFAULT_FASCIA_HEIGHT_MM,
     | ^^^^^^^^^^^^^^^^^^^^^^^^^^^
> 12 |   DEFAULT_GUTTER_DEPTH_MM,
     | ^^^^^^^^^^^^^^^^^^^^^^^^^^
> 13 |   DEFAULT_GUTTER_PROJECTION_MM,
     | ^^^^^^^^^^^^^^^^^^^^^^^^^^^^^^^
> 14 |   DEFAULT_GUTTER_WIDTH_MM,
     | ^^^^^^^^^^^^^^^^^^^^^^^^^^
> 15 |   DEFAULT_HOUSE_ROOF_MATERIAL,
     | ^^^^^^^^^^^^^^^^^^^^^^^^^^^^^^
> 16 |   DEFAULT_SOFFIT_DEPTH_MM,
     | ^^^^^^^^^^^^^^^^^^^^^^^^^^
> 17 |   EMPTY_HOUSE_ROOF_STAGE_DIAGNOSTICS,
     | ^^^^^^^^^^^^^^^^^^^^^^^^^^^^^^^^^^^^^
> 18 |   type GeometryTopProjectionShape,
     | ^^^^^^^^^^^^^^^^^^^^^^^^^^^^^^^^^^
> 19 |   type HouseComposition,
     | ^^^^^^^^^^^^^^^^^^^^^^^^
> 20 |   type HouseRoofModelPipelineFailureStage,
     | ^^^^^^^^^^^^^^^^^^^^^^^^^^^^^^^^^^^^^^^^^^
> 21 |   type HouseRoofStageDiagnostics,
     | ^^^^^^^^^^^^^^^^^^^^^^^^^^^^^^^^^
> 22 |   type HouseModel3D,
     | ^^^^^^^^^^^^^^^^^^^^
> 23 |   type RectangleRoofIntent,
     | ^^^^^^^^^^^^^^^^^^^^^^^^^^^
> 24 |   type HouseReferenceGeometry,
     | ^^^^^^^^^^^^^^^^^^^^^^^^^^^^^^
> 25 |   type Polygon3,
     | ^^^^^^^^^^^^^^^^
> 26 |   type RawHouseInput,
     | ^^^^^^^^^^^^^^^^^^^^^
> 27 | } from "@sp/geometry";
     | ^^^^^^^^^^^^^^^^^^^^^^
  28 | import { houseFormTransformToAssemblyPosition } from "./houseFormTransform";
  29 | import { buildHouseFormRawGeometryInput } from "./houseFormRawGeometry";
  30 | import { deriveCompositionUnionPolygon3 } from "./houseFormCompositionFootprint";

The export DEFAULT_SOFFIT_DEPTH_MM was not found in module [project]/packages/geometry/src/index.ts [app-client] (ecmascript).
Did you mean to import EMPTY_HOUSE_ROOF_STAGE_DIAGNOSTICS?
All exports of the module are statically known (It doesn't have dynamic exports). So it's known statically that the requested export doesn't exist.

Import traces:
  Client Component Browser:
    ./apps/portal/lib/drawings/state/houseFormGeometryInput.ts [Client Component Browser]
    ./apps/portal/lib/drawings/state/objectWorkbenchStatusModel.ts [Client Component Browser]
    ./apps/portal/lib/drawings/state/drawingWorkbenchStore.ts [Client Component Browser]
    ./apps/portal/components/projects/ProjectPage/tabs/EstimatesTab.tsx [Client Component Browser]
    ./apps/portal/components/projects/ProjectPage/ProjectMainTabs.tsx [Client Component Browser]
    ./apps/portal/components/projects/ProjectPage/ProjectPageShell.tsx [Client Component Browser]
    ./apps/portal/components/projects/ProjectPage/ProjectPageFrame.tsx [Client Component Browser]
    ./apps/portal/app/staff/projects/[projectId]/ProjectSnapshotPageClient.tsx [Client Component Browser]
    ./apps/portal/app/staff/projects/[projectId]/ProjectSnapshotPageClient.tsx [Server Component]
    ./apps/portal/app/staff/projects/[projectId]/page.tsx [Server Component]

  Client Component SSR:
    ./apps/portal/lib/drawings/state/houseFormGeometryInput.ts [Client Component SSR]
    ./apps/portal/lib/drawings/state/objectWorkbenchStatusModel.ts [Client Component SSR]
    ./apps/portal/lib/drawings/state/drawingWorkbenchStore.ts [Client Component SSR]
    ./apps/portal/components/projects/ProjectPage/tabs/EstimatesTab.tsx [Client Component SSR]
    ./apps/portal/components/projects/ProjectPage/ProjectMainTabs.tsx [Client Component SSR]
    ./apps/portal/components/projects/ProjectPage/ProjectPageShell.tsx [Client Component SSR]
    ./apps/portal/components/projects/ProjectPage/ProjectPageFrame.tsx [Client Component SSR]
    ./apps/portal/app/staff/projects/[projectId]/ProjectSnapshotPageClient.tsx [Client Component SSR]
    ./apps/portal/app/staff/projects/[projectId]/ProjectSnapshotPageClient.tsx [Server Component]
    ./apps/portal/app/staff/projects/[projectId]/page.tsx [Server Component] @ http://localhost:3001/_next/static/chunks/node_modules_next_dist_0u_w_5s._.js:1945
[ 2465846ms] [ERROR] ./apps/portal/lib/drawings/state/houseFormGeometryInput.ts:1:1
Export DEFAULT_SOFFIT_DEPTH_MM doesn't exist in target module
>  1 | import {
     | ^^^^^^^
>  2 |   applyHouseReferencePosition,
     | ^^^^^^^^^^^^^^^^^^^^^^^^^^^^^^
>  3 |   applyRoofQa,
     | ^^^^^^^^^^^^^^
>  4 |   buildHouseModel3DFromRawHouseInput,
     | ^^^^^^^^^^^^^^^^^^^^^^^^^^^^^^^^^^^^^
>  5 |   buildHouseReferenceProjectionShape,
     | ^^^^^^^^^^^^^^^^^^^^^^^^^^^^^^^^^^^^^
>  6 |   buildHouseRoofEnvelopeArtifacts,
     | ^^^^^^^^^^^^^^^^^^^^^^^^^^^^^^^^^^
>  7 |   buildHouseRoofModelPipeline,
     | ^^^^^^^^^^^^^^^^^^^^^^^^^^^^^^
>  8 |   composeFootprintFromComposition,
     | ^^^^^^^^^^^^^^^^^^^^^^^^^^^^^^^^^^
>  9 |   composeRoofFromComposition,
     | ^^^^^^^^^^^^^^^^^^^^^^^^^^^^^
> 10 |   DEFAULT_EAVE_OVERHANG_MM,
     | ^^^^^^^^^^^^^^^^^^^^^^^^^^^
> 11 |   DEFAULT_FASCIA_HEIGHT_MM,
     | ^^^^^^^^^^^^^^^^^^^^^^^^^^^
> 12 |   DEFAULT_GUTTER_DEPTH_MM,
     | ^^^^^^^^^^^^^^^^^^^^^^^^^^
> 13 |   DEFAULT_GUTTER_PROJECTION_MM,
     | ^^^^^^^^^^^^^^^^^^^^^^^^^^^^^^^
> 14 |   DEFAULT_GUTTER_WIDTH_MM,
     | ^^^^^^^^^^^^^^^^^^^^^^^^^^
> 15 |   DEFAULT_HOUSE_ROOF_MATERIAL,
     | ^^^^^^^^^^^^^^^^^^^^^^^^^^^^^^
> 16 |   DEFAULT_SOFFIT_DEPTH_MM,
     | ^^^^^^^^^^^^^^^^^^^^^^^^^^
> 17 |   EMPTY_HOUSE_ROOF_STAGE_DIAGNOSTICS,
     | ^^^^^^^^^^^^^^^^^^^^^^^^^^^^^^^^^^^^^
> 18 |   type GeometryTopProjectionShape,
     | ^^^^^^^^^^^^^^^^^^^^^^^^^^^^^^^^^^
> 19 |   type HouseComposition,
     | ^^^^^^^^^^^^^^^^^^^^^^^^
> 20 |   type HouseRoofModelPipelineFailureStage,
     | ^^^^^^^^^^^^^^^^^^^^^^^^^^^^^^^^^^^^^^^^^^
> 21 |   type HouseRoofStageDiagnostics,
     | ^^^^^^^^^^^^^^^^^^^^^^^^^^^^^^^^^
> 22 |   type HouseModel3D,
     | ^^^^^^^^^^^^^^^^^^^^
> 23 |   type RectangleRoofIntent,
     | ^^^^^^^^^^^^^^^^^^^^^^^^^^^
> 24 |   type HouseReferenceGeometry,
     | ^^^^^^^^^^^^^^^^^^^^^^^^^^^^^^
> 25 |   type Polygon3,
     | ^^^^^^^^^^^^^^^^
> 26 |   type RawHouseInput,
     | ^^^^^^^^^^^^^^^^^^^^^
> 27 | } from "@sp/geometry";
     | ^^^^^^^^^^^^^^^^^^^^^^
  28 | import { houseFormTransformToAssemblyPosition } from "./houseFormTransform";
  29 | import { buildHouseFormRawGeometryInput } from "./houseFormRawGeometry";
  30 | import { deriveCompositionUnionPolygon3 } from "./houseFormCompositionFootprint";

The export DEFAULT_SOFFIT_DEPTH_MM was not found in module [project]/packages/geometry/src/index.ts [app-ssr] (ecmascript).
Did you mean to import EMPTY_HOUSE_ROOF_STAGE_DIAGNOSTICS?
All exports of the module are statically known (It doesn't have dynamic exports). So it's known statically that the requested export doesn't exist.

Import traces:
  Client Component Browser:
    ./apps/portal/lib/drawings/state/houseFormGeometryInput.ts [Client Component Browser]
    ./apps/portal/lib/drawings/state/objectWorkbenchStatusModel.ts [Client Component Browser]
    ./apps/portal/lib/drawings/state/drawingWorkbenchStore.ts [Client Component Browser]
    ./apps/portal/components/projects/ProjectPage/tabs/EstimatesTab.tsx [Client Component Browser]
    ./apps/portal/components/projects/ProjectPage/ProjectMainTabs.tsx [Client Component Browser]
    ./apps/portal/components/projects/ProjectPage/ProjectPageShell.tsx [Client Component Browser]
    ./apps/portal/components/projects/ProjectPage/ProjectPageFrame.tsx [Client Component Browser]
    ./apps/portal/app/staff/projects/[projectId]/ProjectSnapshotPageClient.tsx [Client Component Browser]
    ./apps/portal/app/staff/projects/[projectId]/ProjectSnapshotPageClient.tsx [Server Component]
    ./apps/portal/app/staff/projects/[projectId]/page.tsx [Server Component]

  Client Component SSR:
    ./apps/portal/lib/drawings/state/houseFormGeometryInput.ts [Client Component SSR]
    ./apps/portal/lib/drawings/state/objectWorkbenchStatusModel.ts [Client Component SSR]
    ./apps/portal/lib/drawings/state/drawingWorkbenchStore.ts [Client Component SSR]
    ./apps/portal/components/projects/ProjectPage/tabs/EstimatesTab.tsx [Client Component SSR]
    ./apps/portal/components/projects/ProjectPage/ProjectMainTabs.tsx [Client Component SSR]
    ./apps/portal/components/projects/ProjectPage/ProjectPageShell.tsx [Client Component SSR]
    ./apps/portal/components/projects/ProjectPage/ProjectPageFrame.tsx [Client Component SSR]
    ./apps/portal/app/staff/projects/[projectId]/ProjectSnapshotPageClient.tsx [Client Component SSR]
    ./apps/portal/app/staff/projects/[projectId]/ProjectSnapshotPageClient.tsx [Server Component]
    ./apps/portal/app/staff/projects/[projectId]/page.tsx [Server Component] @ http://localhost:3001/_next/static/chunks/node_modules_next_dist_0u_w_5s._.js:1945
[ 2465846ms] [ERROR] ./apps/portal/lib/drawings/state/houseFormGeometryInput.ts:1:1
Export buildHouseRoofEnvelopeArtifacts doesn't exist in target module
>  1 | import {
     | ^^^^^^^
>  2 |   applyHouseReferencePosition,
     | ^^^^^^^^^^^^^^^^^^^^^^^^^^^^^^
>  3 |   applyRoofQa,
     | ^^^^^^^^^^^^^^
>  4 |   buildHouseModel3DFromRawHouseInput,
     | ^^^^^^^^^^^^^^^^^^^^^^^^^^^^^^^^^^^^^
>  5 |   buildHouseReferenceProjectionShape,
     | ^^^^^^^^^^^^^^^^^^^^^^^^^^^^^^^^^^^^^
>  6 |   buildHouseRoofEnvelopeArtifacts,
     | ^^^^^^^^^^^^^^^^^^^^^^^^^^^^^^^^^^
>  7 |   buildHouseRoofModelPipeline,
     | ^^^^^^^^^^^^^^^^^^^^^^^^^^^^^^
>  8 |   composeFootprintFromComposition,
     | ^^^^^^^^^^^^^^^^^^^^^^^^^^^^^^^^^^
>  9 |   composeRoofFromComposition,
     | ^^^^^^^^^^^^^^^^^^^^^^^^^^^^^
> 10 |   DEFAULT_EAVE_OVERHANG_MM,
     | ^^^^^^^^^^^^^^^^^^^^^^^^^^^
> 11 |   DEFAULT_FASCIA_HEIGHT_MM,
     | ^^^^^^^^^^^^^^^^^^^^^^^^^^^
> 12 |   DEFAULT_GUTTER_DEPTH_MM,
     | ^^^^^^^^^^^^^^^^^^^^^^^^^^
> 13 |   DEFAULT_GUTTER_PROJECTION_MM,
     | ^^^^^^^^^^^^^^^^^^^^^^^^^^^^^^^
> 14 |   DEFAULT_GUTTER_WIDTH_MM,
     | ^^^^^^^^^^^^^^^^^^^^^^^^^^
> 15 |   DEFAULT_HOUSE_ROOF_MATERIAL,
     | ^^^^^^^^^^^^^^^^^^^^^^^^^^^^^^
> 16 |   DEFAULT_SOFFIT_DEPTH_MM,
     | ^^^^^^^^^^^^^^^^^^^^^^^^^^
> 17 |   EMPTY_HOUSE_ROOF_STAGE_DIAGNOSTICS,
     | ^^^^^^^^^^^^^^^^^^^^^^^^^^^^^^^^^^^^^
> 18 |   type GeometryTopProjectionShape,
     | ^^^^^^^^^^^^^^^^^^^^^^^^^^^^^^^^^^
> 19 |   type HouseComposition,
     | ^^^^^^^^^^^^^^^^^^^^^^^^
> 20 |   type HouseRoofModelPipelineFailureStage,
     | ^^^^^^^^^^^^^^^^^^^^^^^^^^^^^^^^^^^^^^^^^^
> 21 |   type HouseRoofStageDiagnostics,
     | ^^^^^^^^^^^^^^^^^^^^^^^^^^^^^^^^^
> 22 |   type HouseModel3D,
     | ^^^^^^^^^^^^^^^^^^^^
> 23 |   type RectangleRoofIntent,
     | ^^^^^^^^^^^^^^^^^^^^^^^^^^^
> 24 |   type HouseReferenceGeometry,
     | ^^^^^^^^^^^^^^^^^^^^^^^^^^^^^^
> 25 |   type Polygon3,
     | ^^^^^^^^^^^^^^^^
> 26 |   type RawHouseInput,
     | ^^^^^^^^^^^^^^^^^^^^^
> 27 | } from "@sp/geometry";
     | ^^^^^^^^^^^^^^^^^^^^^^
  28 | import { houseFormTransformToAssemblyPosition } from "./houseFormTransform";
  29 | import { buildHouseFormRawGeometryInput } from "./houseFormRawGeometry";
  30 | import { deriveCompositionUnionPolygon3 } from "./houseFormCompositionFootprint";

The export buildHouseRoofEnvelopeArtifacts was not found in module [project]/packages/geometry/src/index.ts [app-client] (ecmascript).
Did you mean to import buildHouseRoofModelPipeline?
All exports of the module are statically known (It doesn't have dynamic exports). So it's known statically that the requested export doesn't exist.

Import traces:
  Client Component Browser:
    ./apps/portal/lib/drawings/state/houseFormGeometryInput.ts [Client Component Browser]
    ./apps/portal/lib/drawings/state/objectWorkbenchStatusModel.ts [Client Component Browser]
    ./apps/portal/lib/drawings/state/drawingWorkbenchStore.ts [Client Component Browser]
    ./apps/portal/components/projects/ProjectPage/tabs/EstimatesTab.tsx [Client Component Browser]
    ./apps/portal/components/projects/ProjectPage/ProjectMainTabs.tsx [Client Component Browser]
    ./apps/portal/components/projects/ProjectPage/ProjectPageShell.tsx [Client Component Browser]
    ./apps/portal/components/projects/ProjectPage/ProjectPageFrame.tsx [Client Component Browser]
    ./apps/portal/app/staff/projects/[projectId]/ProjectSnapshotPageClient.tsx [Client Component Browser]
    ./apps/portal/app/staff/projects/[projectId]/ProjectSnapshotPageClient.tsx [Server Component]
    ./apps/portal/app/staff/projects/[projectId]/page.tsx [Server Component]

  Client Component SSR:
    ./apps/portal/lib/drawings/state/houseFormGeometryInput.ts [Client Component SSR]
    ./apps/portal/lib/drawings/state/objectWorkbenchStatusModel.ts [Client Component SSR]
    ./apps/portal/lib/drawings/state/drawingWorkbenchStore.ts [Client Component SSR]
    ./apps/portal/components/projects/ProjectPage/tabs/EstimatesTab.tsx [Client Component SSR]
    ./apps/portal/components/projects/ProjectPage/ProjectMainTabs.tsx [Client Component SSR]
    ./apps/portal/components/projects/ProjectPage/ProjectPageShell.tsx [Client Component SSR]
    ./apps/portal/components/projects/ProjectPage/ProjectPageFrame.tsx [Client Component SSR]
    ./apps/portal/app/staff/projects/[projectId]/ProjectSnapshotPageClient.tsx [Client Component SSR]
    ./apps/portal/app/staff/projects/[projectId]/ProjectSnapshotPageClient.tsx [Server Component]
    ./apps/portal/app/staff/projects/[projectId]/page.tsx [Server Component] @ http://localhost:3001/_next/static/chunks/node_modules_next_dist_0u_w_5s._.js:1945
[ 2465846ms] [ERROR] ./apps/portal/lib/drawings/state/houseFormGeometryInput.ts:1:1
Export buildHouseRoofEnvelopeArtifacts doesn't exist in target module
>  1 | import {
     | ^^^^^^^
>  2 |   applyHouseReferencePosition,
     | ^^^^^^^^^^^^^^^^^^^^^^^^^^^^^^
>  3 |   applyRoofQa,
     | ^^^^^^^^^^^^^^
>  4 |   buildHouseModel3DFromRawHouseInput,
     | ^^^^^^^^^^^^^^^^^^^^^^^^^^^^^^^^^^^^^
>  5 |   buildHouseReferenceProjectionShape,
     | ^^^^^^^^^^^^^^^^^^^^^^^^^^^^^^^^^^^^^
>  6 |   buildHouseRoofEnvelopeArtifacts,
     | ^^^^^^^^^^^^^^^^^^^^^^^^^^^^^^^^^^
>  7 |   buildHouseRoofModelPipeline,
     | ^^^^^^^^^^^^^^^^^^^^^^^^^^^^^^
>  8 |   composeFootprintFromComposition,
     | ^^^^^^^^^^^^^^^^^^^^^^^^^^^^^^^^^^
>  9 |   composeRoofFromComposition,
     | ^^^^^^^^^^^^^^^^^^^^^^^^^^^^^
> 10 |   DEFAULT_EAVE_OVERHANG_MM,
     | ^^^^^^^^^^^^^^^^^^^^^^^^^^^
> 11 |   DEFAULT_FASCIA_HEIGHT_MM,
     | ^^^^^^^^^^^^^^^^^^^^^^^^^^^
> 12 |   DEFAULT_GUTTER_DEPTH_MM,
     | ^^^^^^^^^^^^^^^^^^^^^^^^^^
> 13 |   DEFAULT_GUTTER_PROJECTION_MM,
     | ^^^^^^^^^^^^^^^^^^^^^^^^^^^^^^^
> 14 |   DEFAULT_GUTTER_WIDTH_MM,
     | ^^^^^^^^^^^^^^^^^^^^^^^^^^
> 15 |   DEFAULT_HOUSE_ROOF_MATERIAL,
     | ^^^^^^^^^^^^^^^^^^^^^^^^^^^^^^
> 16 |   DEFAULT_SOFFIT_DEPTH_MM,
     | ^^^^^^^^^^^^^^^^^^^^^^^^^^
> 17 |   EMPTY_HOUSE_ROOF_STAGE_DIAGNOSTICS,
     | ^^^^^^^^^^^^^^^^^^^^^^^^^^^^^^^^^^^^^
> 18 |   type GeometryTopProjectionShape,
     | ^^^^^^^^^^^^^^^^^^^^^^^^^^^^^^^^^^
> 19 |   type HouseComposition,
     | ^^^^^^^^^^^^^^^^^^^^^^^^
> 20 |   type HouseRoofModelPipelineFailureStage,
     | ^^^^^^^^^^^^^^^^^^^^^^^^^^^^^^^^^^^^^^^^^^
> 21 |   type HouseRoofStageDiagnostics,
     | ^^^^^^^^^^^^^^^^^^^^^^^^^^^^^^^^^
> 22 |   type HouseModel3D,
     | ^^^^^^^^^^^^^^^^^^^^
> 23 |   type RectangleRoofIntent,
     | ^^^^^^^^^^^^^^^^^^^^^^^^^^^
> 24 |   type HouseReferenceGeometry,
     | ^^^^^^^^^^^^^^^^^^^^^^^^^^^^^^
> 25 |   type Polygon3,
     | ^^^^^^^^^^^^^^^^
> 26 |   type RawHouseInput,
     | ^^^^^^^^^^^^^^^^^^^^^
> 27 | } from "@sp/geometry";
     | ^^^^^^^^^^^^^^^^^^^^^^
  28 | import { houseFormTransformToAssemblyPosition } from "./houseFormTransform";
  29 | import { buildHouseFormRawGeometryInput } from "./houseFormRawGeometry";
  30 | import { deriveCompositionUnionPolygon3 } from "./houseFormCompositionFootprint";

The export buildHouseRoofEnvelopeArtifacts was not found in module [project]/packages/geometry/src/index.ts [app-ssr] (ecmascript).
Did you mean to import buildHouseRoofModelPipeline?
All exports of the module are statically known (It doesn't have dynamic exports). So it's known statically that the requested export doesn't exist.

Import traces:
  Client Component Browser:
    ./apps/portal/lib/drawings/state/houseFormGeometryInput.ts [Client Component Browser]
    ./apps/portal/lib/drawings/state/objectWorkbenchStatusModel.ts [Client Component Browser]
    ./apps/portal/lib/drawings/state/drawingWorkbenchStore.ts [Client Component Browser]
    ./apps/portal/components/projects/ProjectPage/tabs/EstimatesTab.tsx [Client Component Browser]
    ./apps/portal/components/projects/ProjectPage/ProjectMainTabs.tsx [Client Component Browser]
    ./apps/portal/components/projects/ProjectPage/ProjectPageShell.tsx [Client Component Browser]
    ./apps/portal/components/projects/ProjectPage/ProjectPageFrame.tsx [Client Component Browser]
    ./apps/portal/app/staff/projects/[projectId]/ProjectSnapshotPageClient.tsx [Client Component Browser]
    ./apps/portal/app/staff/projects/[projectId]/ProjectSnapshotPageClient.tsx [Server Component]
    ./apps/portal/app/staff/projects/[projectId]/page.tsx [Server Component]

  Client Component SSR:
    ./apps/portal/lib/drawings/state/houseFormGeometryInput.ts [Client Component SSR]
    ./apps/portal/lib/drawings/state/objectWorkbenchStatusModel.ts [Client Component SSR]
    ./apps/portal/lib/drawings/state/drawingWorkbenchStore.ts [Client Component SSR]
    ./apps/portal/components/projects/ProjectPage/tabs/EstimatesTab.tsx [Client Component SSR]
    ./apps/portal/components/projects/ProjectPage/ProjectMainTabs.tsx [Client Component SSR]
    ./apps/portal/components/projects/ProjectPage/ProjectPageShell.tsx [Client Component SSR]
    ./apps/portal/components/projects/ProjectPage/ProjectPageFrame.tsx [Client Component SSR]
    ./apps/portal/app/staff/projects/[projectId]/ProjectSnapshotPageClient.tsx [Client Component SSR]
    ./apps/portal/app/staff/projects/[projectId]/ProjectSnapshotPageClient.tsx [Server Component]
    ./apps/portal/app/staff/projects/[projectId]/page.tsx [Server Component] @ http://localhost:3001/_next/static/chunks/node_modules_next_dist_0u_w_5s._.js:1945
[ 2465896ms] [LOG] [Fast Refresh] rebuilding @ http://localhost:3001/_next/static/chunks/node_modules_next_dist_0u_w_5s._.js:1226
[ 2482154ms] [LOG] [Fast Refresh] rebuilding @ http://localhost:3001/_next/static/chunks/node_modules_next_dist_0u_w_5s._.js:1226
[ 2483382ms] [LOG] [Fast Refresh] done in 1333ms @ http://localhost:3001/_next/static/chunks/node_modules_next_dist_0u_w_5s._.js:1226
[ 2483566ms] [LOG] [Fast Refresh] rebuilding @ http://localhost:3001/_next/static/chunks/node_modules_next_dist_0u_w_5s._.js:1226
[ 2483605ms] [LOG] [Fast Refresh] done in 140ms @ http://localhost:3001/_next/static/chunks/node_modules_next_dist_0u_w_5s._.js:1226
[ 2484132ms] [LOG] [Fast Refresh] rebuilding @ http://localhost:3001/_next/static/chunks/node_modules_next_dist_0u_w_5s._.js:1226
[ 2484685ms] [LOG] [Fast Refresh] done in 656ms @ http://localhost:3001/_next/static/chunks/node_modules_next_dist_0u_w_5s._.js:1226
[ 2485490ms] [INFO] %cDownload the React DevTools for a better development experience: https://react.dev/link/react-devtools font-weight:bold @ http://localhost:3001/_next/static/chunks/node_modules_next_dist_115brz8._.js:2431
[ 2485516ms] [LOG] [HMR] connected @ http://localhost:3001/_next/static/chunks/node_modules_next_dist_115brz8._.js:2431
[ 2491096ms] [WARNING] The resource http://localhost:3001/_next/static/chunks/apps_portal_components_page-state_PageState_module_0sc2l4s.css was preloaded using link preload but not used within a few seconds from the window's load event. Please make sure it has an appropriate `as` value and it is preloaded intentionally. @ http://localhost:3001/staff/projects/proj_76a726e3-b0a3-4c17-9a29-613482645a8f/design-workbench:0
