[    2847ms] [INFO] %cDownload the React DevTools for a better development experience: https://react.dev/link/react-devtools font-weight:bold @ http://localhost:3001/_next/static/chunks/node_modules_next_dist_115brz8._.js:2431
[    2878ms] [LOG] [HMR] connected @ http://localhost:3001/_next/static/chunks/node_modules_next_dist_115brz8._.js:2431
[    8121ms] [WARNING] The resource http://localhost:3001/_next/static/chunks/apps_portal_components_page-state_PageState_module_0sc2l4s.css was preloaded using link preload but not used within a few seconds from the window's load event. Please make sure it has an appropriate `as` value and it is preloaded intentionally. @ http://localhost:3001/staff/projects/proj_cf4afb59-b72c-4b11-b39f-9e04f4684163/design-workbench:0
[   20081ms] [WARNING] THREE.THREE.Clock: This module has been deprecated. Please use THREE.Timer instead. @ http://localhost:3001/_next/static/chunks/node_modules_next_dist_115brz8._.js:2431
[   34011ms] [LOG] [Fast Refresh] rebuilding @ http://localhost:3001/_next/static/chunks/node_modules_next_dist_115brz8._.js:2431
[   34233ms] [LOG] [Fast Refresh] done in 333ms @ http://localhost:3001/_next/static/chunks/node_modules_next_dist_115brz8._.js:2431
[  208151ms] [LOG] [Fast Refresh] rebuilding @ http://localhost:3001/_next/static/chunks/node_modules_next_dist_115brz8._.js:2431
[  208543ms] [ERROR] ./packages/geometry/src/house/composition/composeRoofFromComposition.ts:242:9
cannot reassign to a variable declared with `const`
  240 |         roofPolygonIsSimple(offset)
  241 |       ) {
> 242 |         eavePolygon = offset;
      |         ^^^^^^^^^^^
  243 |       }
  244 |     }
  245 |

Ecmascript file had an error

Import traces:
  Client Component Browser:
    ./packages/geometry/src/house/composition/composeRoofFromComposition.ts [Client Component Browser]
    ./apps/portal/lib/drawings/state/houseFormGeometryInput.ts [Client Component Browser]
    ./apps/portal/lib/drawings/state/objectWorkbenchStatusModel.ts [Client Component Browser]
    ./apps/portal/lib/drawings/state/drawingWorkbenchStore.ts [Client Component Browser]
    ./apps/portal/components/projects/ProjectPage/tabs/EstimatesTab.tsx [Client Component Browser]
    ./apps/portal/components/projects/ProjectPage/ProjectMainTabs.tsx [Client Component Browser]
    ./apps/portal/components/projects/ProjectPage/ProjectPageShell.tsx [Client Component Browser]
    ./apps/portal/components/projects/ProjectPage/ProjectPageFrame.tsx [Client Component Browser]
    ./apps/portal/app/staff/projects/[projectId]/ProjectSnapshotPageClient.tsx [Client Component Browser]
    ./apps/portal/app/staff/projects/[projectId]/ProjectSnapshotPageClient.tsx [Server Component]
    ./apps/portal/app/staff/projects/[projectId]/page.tsx [Server Component]

  Client Component SSR:
    ./packages/geometry/src/house/composition/composeRoofFromComposition.ts [Client Component SSR]
    ./apps/portal/lib/drawings/state/houseFormGeometryInput.ts [Client Component SSR]
    ./apps/portal/lib/drawings/state/objectWorkbenchStatusModel.ts [Client Component SSR]
    ./apps/portal/lib/drawings/state/drawingWorkbenchStore.ts [Client Component SSR]
    ./apps/portal/components/projects/ProjectPage/tabs/EstimatesTab.tsx [Client Component SSR]
    ./apps/portal/components/projects/ProjectPage/ProjectMainTabs.tsx [Client Component SSR]
    ./apps/portal/components/projects/ProjectPage/ProjectPageShell.tsx [Client Component SSR]
    ./apps/portal/components/projects/ProjectPage/ProjectPageFrame.tsx [Client Component SSR]
    ./apps/portal/app/staff/projects/[projectId]/ProjectSnapshotPageClient.tsx [Client Component SSR]
    ./apps/portal/app/staff/projects/[projectId]/ProjectSnapshotPageClient.tsx [Server Component]
    ./apps/portal/app/staff/projects/[projectId]/page.tsx [Server Component] @ http://localhost:3001/_next/static/chunks/node_modules_next_dist_115brz8._.js:3272
[  208544ms] [ERROR] ./packages/geometry/src/house/composition/composeRoofFromComposition.ts:289:11
the name `eavePolygon` is defined multiple times
  287 |     // eliminates the noise without losing meaningful detail and lets
  288 |     // the wavefront produce clean topology on real composites.
> 289 |     const eavePolygon: Point3[] = unionPolygon.map((p) => ({
      |           ^^^^^^^^^^^
  290 |       x: Math.round(p.x),
  291 |       y: Math.round(p.y),
  292 |       z: 0,

Ecmascript file had an error

Import traces:
  Client Component Browser:
    ./packages/geometry/src/house/composition/composeRoofFromComposition.ts [Client Component Browser]
    ./apps/portal/lib/drawings/state/houseFormGeometryInput.ts [Client Component Browser]
    ./apps/portal/lib/drawings/state/objectWorkbenchStatusModel.ts [Client Component Browser]
    ./apps/portal/lib/drawings/state/drawingWorkbenchStore.ts [Client Component Browser]
    ./apps/portal/components/projects/ProjectPage/tabs/EstimatesTab.tsx [Client Component Browser]
    ./apps/portal/components/projects/ProjectPage/ProjectMainTabs.tsx [Client Component Browser]
    ./apps/portal/components/projects/ProjectPage/ProjectPageShell.tsx [Client Component Browser]
    ./apps/portal/components/projects/ProjectPage/ProjectPageFrame.tsx [Client Component Browser]
    ./apps/portal/app/staff/projects/[projectId]/ProjectSnapshotPageClient.tsx [Client Component Browser]
    ./apps/portal/app/staff/projects/[projectId]/ProjectSnapshotPageClient.tsx [Server Component]
    ./apps/portal/app/staff/projects/[projectId]/page.tsx [Server Component]

  Client Component SSR:
    ./packages/geometry/src/house/composition/composeRoofFromComposition.ts [Client Component SSR]
    ./apps/portal/lib/drawings/state/houseFormGeometryInput.ts [Client Component SSR]
    ./apps/portal/lib/drawings/state/objectWorkbenchStatusModel.ts [Client Component SSR]
    ./apps/portal/lib/drawings/state/drawingWorkbenchStore.ts [Client Component SSR]
    ./apps/portal/components/projects/ProjectPage/tabs/EstimatesTab.tsx [Client Component SSR]
    ./apps/portal/components/projects/ProjectPage/ProjectMainTabs.tsx [Client Component SSR]
    ./apps/portal/components/projects/ProjectPage/ProjectPageShell.tsx [Client Component SSR]
    ./apps/portal/components/projects/ProjectPage/ProjectPageFrame.tsx [Client Component SSR]
    ./apps/portal/app/staff/projects/[projectId]/ProjectSnapshotPageClient.tsx [Client Component SSR]
    ./apps/portal/app/staff/projects/[projectId]/ProjectSnapshotPageClient.tsx [Server Component]
    ./apps/portal/app/staff/projects/[projectId]/page.tsx [Server Component] @ http://localhost:3001/_next/static/chunks/node_modules_next_dist_115brz8._.js:3272
[  209380ms] [ERROR] Failed to load resource: the server responded with a status of 500 (Internal Server Error) @ http://localhost:3001/staff/projects/proj_cf4afb59-b72c-4b11-b39f-9e04f4684163/design-workbench?_rsc=1uq1y:0
[  209412ms] [ERROR] ./packages/geometry/src/house/composition/composeRoofFromComposition.ts:242:9
cannot reassign to a variable declared with `const`
  240 |         roofPolygonIsSimple(offset)
  241 |       ) {
> 242 |         eavePolygon = offset;
      |         ^^^^^^^^^^^
  243 |       }
  244 |     }
  245 |

Ecmascript file had an error

Import traces:
  Client Component Browser:
    ./packages/geometry/src/house/composition/composeRoofFromComposition.ts [Client Component Browser]
    ./apps/portal/lib/drawings/state/houseFormGeometryInput.ts [Client Component Browser]
    ./apps/portal/lib/drawings/state/objectWorkbenchStatusModel.ts [Client Component Browser]
    ./apps/portal/lib/drawings/state/drawingWorkbenchStore.ts [Client Component Browser]
    ./apps/portal/components/projects/ProjectPage/tabs/EstimatesTab.tsx [Client Component Browser]
    ./apps/portal/components/projects/ProjectPage/ProjectMainTabs.tsx [Client Component Browser]
    ./apps/portal/components/projects/ProjectPage/ProjectPageShell.tsx [Client Component Browser]
    ./apps/portal/components/projects/ProjectPage/ProjectPageFrame.tsx [Client Component Browser]
    ./apps/portal/app/staff/projects/[projectId]/ProjectSnapshotPageClient.tsx [Client Component Browser]
    ./apps/portal/app/staff/projects/[projectId]/ProjectSnapshotPageClient.tsx [Server Component]
    ./apps/portal/app/staff/projects/[projectId]/page.tsx [Server Component]

  Client Component SSR:
    ./packages/geometry/src/house/composition/composeRoofFromComposition.ts [Client Component SSR]
    ./apps/portal/lib/drawings/state/houseFormGeometryInput.ts [Client Component SSR]
    ./apps/portal/lib/drawings/state/objectWorkbenchStatusModel.ts [Client Component SSR]
    ./apps/portal/lib/drawings/state/drawingWorkbenchStore.ts [Client Component SSR]
    ./apps/portal/components/projects/ProjectPage/tabs/EstimatesTab.tsx [Client Component SSR]
    ./apps/portal/components/projects/ProjectPage/ProjectMainTabs.tsx [Client Component SSR]
    ./apps/portal/components/projects/ProjectPage/ProjectPageShell.tsx [Client Component SSR]
    ./apps/portal/components/projects/ProjectPage/ProjectPageFrame.tsx [Client Component SSR]
    ./apps/portal/app/staff/projects/[projectId]/ProjectSnapshotPageClient.tsx [Client Component SSR]
    ./apps/portal/app/staff/projects/[projectId]/ProjectSnapshotPageClient.tsx [Server Component]
    ./apps/portal/app/staff/projects/[projectId]/page.tsx [Server Component] @ http://localhost:3001/_next/static/chunks/node_modules_next_dist_115brz8._.js:3272
[  209412ms] [ERROR] ./packages/geometry/src/house/composition/composeRoofFromComposition.ts:289:11
the name `eavePolygon` is defined multiple times
  287 |     // eliminates the noise without losing meaningful detail and lets
  288 |     // the wavefront produce clean topology on real composites.
> 289 |     const eavePolygon: Point3[] = unionPolygon.map((p) => ({
      |           ^^^^^^^^^^^
  290 |       x: Math.round(p.x),
  291 |       y: Math.round(p.y),
  292 |       z: 0,

Ecmascript file had an error

Import traces:
  Client Component Browser:
    ./packages/geometry/src/house/composition/composeRoofFromComposition.ts [Client Component Browser]
    ./apps/portal/lib/drawings/state/houseFormGeometryInput.ts [Client Component Browser]
    ./apps/portal/lib/drawings/state/objectWorkbenchStatusModel.ts [Client Component Browser]
    ./apps/portal/lib/drawings/state/drawingWorkbenchStore.ts [Client Component Browser]
    ./apps/portal/components/projects/ProjectPage/tabs/EstimatesTab.tsx [Client Component Browser]
    ./apps/portal/components/projects/ProjectPage/ProjectMainTabs.tsx [Client Component Browser]
    ./apps/portal/components/projects/ProjectPage/ProjectPageShell.tsx [Client Component Browser]
    ./apps/portal/components/projects/ProjectPage/ProjectPageFrame.tsx [Client Component Browser]
    ./apps/portal/app/staff/projects/[projectId]/ProjectSnapshotPageClient.tsx [Client Component Browser]
    ./apps/portal/app/staff/projects/[projectId]/ProjectSnapshotPageClient.tsx [Server Component]
    ./apps/portal/app/staff/projects/[projectId]/page.tsx [Server Component]

  Client Component SSR:
    ./packages/geometry/src/house/composition/composeRoofFromComposition.ts [Client Component SSR]
    ./apps/portal/lib/drawings/state/houseFormGeometryInput.ts [Client Component SSR]
    ./apps/portal/lib/drawings/state/objectWorkbenchStatusModel.ts [Client Component SSR]
    ./apps/portal/lib/drawings/state/drawingWorkbenchStore.ts [Client Component SSR]
    ./apps/portal/components/projects/ProjectPage/tabs/EstimatesTab.tsx [Client Component SSR]
    ./apps/portal/components/projects/ProjectPage/ProjectMainTabs.tsx [Client Component SSR]
    ./apps/portal/components/projects/ProjectPage/ProjectPageShell.tsx [Client Component SSR]
    ./apps/portal/components/projects/ProjectPage/ProjectPageFrame.tsx [Client Component SSR]
    ./apps/portal/app/staff/projects/[projectId]/ProjectSnapshotPageClient.tsx [Client Component SSR]
    ./apps/portal/app/staff/projects/[projectId]/ProjectSnapshotPageClient.tsx [Server Component]
    ./apps/portal/app/staff/projects/[projectId]/page.tsx [Server Component] @ http://localhost:3001/_next/static/chunks/node_modules_next_dist_115brz8._.js:3272
[  209477ms] [ERROR] ./packages/geometry/src/house/composition/composeRoofFromComposition.ts:242:9
cannot reassign to a variable declared with `const`
  240 |         roofPolygonIsSimple(offset)
  241 |       ) {
> 242 |         eavePolygon = offset;
      |         ^^^^^^^^^^^
  243 |       }
  244 |     }
  245 |

Ecmascript file had an error

Import traces:
  Client Component Browser:
    ./packages/geometry/src/house/composition/composeRoofFromComposition.ts [Client Component Browser]
    ./apps/portal/lib/drawings/state/houseFormGeometryInput.ts [Client Component Browser]
    ./apps/portal/lib/drawings/state/objectWorkbenchStatusModel.ts [Client Component Browser]
    ./apps/portal/lib/drawings/state/drawingWorkbenchStore.ts [Client Component Browser]
    ./apps/portal/components/projects/ProjectPage/tabs/EstimatesTab.tsx [Client Component Browser]
    ./apps/portal/components/projects/ProjectPage/ProjectMainTabs.tsx [Client Component Browser]
    ./apps/portal/components/projects/ProjectPage/ProjectPageShell.tsx [Client Component Browser]
    ./apps/portal/components/projects/ProjectPage/ProjectPageFrame.tsx [Client Component Browser]
    ./apps/portal/app/staff/projects/[projectId]/ProjectSnapshotPageClient.tsx [Client Component Browser]
    ./apps/portal/app/staff/projects/[projectId]/ProjectSnapshotPageClient.tsx [Server Component]
    ./apps/portal/app/staff/projects/[projectId]/page.tsx [Server Component]

  Client Component SSR:
    ./packages/geometry/src/house/composition/composeRoofFromComposition.ts [Client Component SSR]
    ./apps/portal/lib/drawings/state/houseFormGeometryInput.ts [Client Component SSR]
    ./apps/portal/lib/drawings/state/objectWorkbenchStatusModel.ts [Client Component SSR]
    ./apps/portal/lib/drawings/state/drawingWorkbenchStore.ts [Client Component SSR]
    ./apps/portal/components/projects/ProjectPage/tabs/EstimatesTab.tsx [Client Component SSR]
    ./apps/portal/components/projects/ProjectPage/ProjectMainTabs.tsx [Client Component SSR]
    ./apps/portal/components/projects/ProjectPage/ProjectPageShell.tsx [Client Component SSR]
    ./apps/portal/components/projects/ProjectPage/ProjectPageFrame.tsx [Client Component SSR]
    ./apps/portal/app/staff/projects/[projectId]/ProjectSnapshotPageClient.tsx [Client Component SSR]
    ./apps/portal/app/staff/projects/[projectId]/ProjectSnapshotPageClient.tsx [Server Component]
    ./apps/portal/app/staff/projects/[projectId]/page.tsx [Server Component] @ http://localhost:3001/_next/static/chunks/node_modules_next_dist_115brz8._.js:3272
[  209477ms] [ERROR] ./packages/geometry/src/house/composition/composeRoofFromComposition.ts:289:11
the name `eavePolygon` is defined multiple times
  287 |     // eliminates the noise without losing meaningful detail and lets
  288 |     // the wavefront produce clean topology on real composites.
> 289 |     const eavePolygon: Point3[] = unionPolygon.map((p) => ({
      |           ^^^^^^^^^^^
  290 |       x: Math.round(p.x),
  291 |       y: Math.round(p.y),
  292 |       z: 0,

Ecmascript file had an error

Import traces:
  Client Component Browser:
    ./packages/geometry/src/house/composition/composeRoofFromComposition.ts [Client Component Browser]
    ./apps/portal/lib/drawings/state/houseFormGeometryInput.ts [Client Component Browser]
    ./apps/portal/lib/drawings/state/objectWorkbenchStatusModel.ts [Client Component Browser]
    ./apps/portal/lib/drawings/state/drawingWorkbenchStore.ts [Client Component Browser]
    ./apps/portal/components/projects/ProjectPage/tabs/EstimatesTab.tsx [Client Component Browser]
    ./apps/portal/components/projects/ProjectPage/ProjectMainTabs.tsx [Client Component Browser]
    ./apps/portal/components/projects/ProjectPage/ProjectPageShell.tsx [Client Component Browser]
    ./apps/portal/components/projects/ProjectPage/ProjectPageFrame.tsx [Client Component Browser]
    ./apps/portal/app/staff/projects/[projectId]/ProjectSnapshotPageClient.tsx [Client Component Browser]
    ./apps/portal/app/staff/projects/[projectId]/ProjectSnapshotPageClient.tsx [Server Component]
    ./apps/portal/app/staff/projects/[projectId]/page.tsx [Server Component]

  Client Component SSR:
    ./packages/geometry/src/house/composition/composeRoofFromComposition.ts [Client Component SSR]
    ./apps/portal/lib/drawings/state/houseFormGeometryInput.ts [Client Component SSR]
    ./apps/portal/lib/drawings/state/objectWorkbenchStatusModel.ts [Client Component SSR]
    ./apps/portal/lib/drawings/state/drawingWorkbenchStore.ts [Client Component SSR]
    ./apps/portal/components/projects/ProjectPage/tabs/EstimatesTab.tsx [Client Component SSR]
    ./apps/portal/components/projects/ProjectPage/ProjectMainTabs.tsx [Client Component SSR]
    ./apps/portal/components/projects/ProjectPage/ProjectPageShell.tsx [Client Component SSR]
    ./apps/portal/components/projects/ProjectPage/ProjectPageFrame.tsx [Client Component SSR]
    ./apps/portal/app/staff/projects/[projectId]/ProjectSnapshotPageClient.tsx [Client Component SSR]
    ./apps/portal/app/staff/projects/[projectId]/ProjectSnapshotPageClient.tsx [Server Component]
    ./apps/portal/app/staff/projects/[projectId]/page.tsx [Server Component] @ http://localhost:3001/_next/static/chunks/node_modules_next_dist_115brz8._.js:3272
[  209532ms] [LOG] [Fast Refresh] rebuilding @ http://localhost:3001/_next/static/chunks/node_modules_next_dist_115brz8._.js:2431
[  209882ms] [ERROR] Failed to load resource: the server responded with a status of 500 (Internal Server Error) @ http://localhost:3001/staff/projects/proj_cf4afb59-b72c-4b11-b39f-9e04f4684163/design-workbench:0
[  209943ms] [INFO] %cDownload the React DevTools for a better development experience: https://react.dev/link/react-devtools font-weight:bold @ http://localhost:3001/_next/static/chunks/node_modules_react-dom_0bruynb._.js:14107
[  209999ms] [ERROR] Refused to execute script from 'http://localhost:3001/_next/static/development/_clientMiddlewareManifest.js' because its MIME type ('application/json') is not executable, and strict MIME type checking is enabled. @ http://localhost:3001/staff/projects/proj_cf4afb59-b72c-4b11-b39f-9e04f4684163/design-workbench:0
[  210002ms] Error: ./packages/geometry/src/house/composition/composeRoofFromComposition.ts:242:9
cannot reassign to a variable declared with `const`
  240 |         roofPolygonIsSimple(offset)
  241 |       ) {
> 242 |         eavePolygon = offset;
      |         ^^^^^^^^^^^
  243 |       }
  244 |     }
  245 |

Ecmascript file had an error

Import traces:
  Client Component Browser:
    ./packages/geometry/src/house/composition/composeRoofFromComposition.ts [Client Component Browser]
    ./apps/portal/lib/drawings/state/houseFormGeometryInput.ts [Client Component Browser]
    ./apps/portal/lib/drawings/state/objectWorkbenchStatusModel.ts [Client Component Browser]
    ./apps/portal/lib/drawings/state/drawingWorkbenchStore.ts [Client Component Browser]
    ./apps/portal/components/projects/ProjectPage/tabs/EstimatesTab.tsx [Client Component Browser]
    ./apps/portal/components/projects/ProjectPage/ProjectMainTabs.tsx [Client Component Browser]
    ./apps/portal/components/projects/ProjectPage/ProjectPageShell.tsx [Client Component Browser]
    ./apps/portal/components/projects/ProjectPage/ProjectPageFrame.tsx [Client Component Browser]
    ./apps/portal/app/staff/projects/[projectId]/ProjectSnapshotPageClient.tsx [Client Component Browser]
    ./apps/portal/app/staff/projects/[projectId]/ProjectSnapshotPageClient.tsx [Server Component]
    ./apps/portal/app/staff/projects/[projectId]/page.tsx [Server Component]

  Client Component SSR:
    ./packages/geometry/src/house/composition/composeRoofFromComposition.ts [Client Component SSR]
    ./apps/portal/lib/drawings/state/houseFormGeometryInput.ts [Client Component SSR]
    ./apps/portal/lib/drawings/state/objectWorkbenchStatusModel.ts [Client Component SSR]
    ./apps/portal/lib/drawings/state/drawingWorkbenchStore.ts [Client Component SSR]
    ./apps/portal/components/projects/ProjectPage/tabs/EstimatesTab.tsx [Client Component SSR]
    ./apps/portal/components/projects/ProjectPage/ProjectMainTabs.tsx [Client Component SSR]
    ./apps/portal/components/projects/ProjectPage/ProjectPageShell.tsx [Client Component SSR]
    ./apps/portal/components/projects/ProjectPage/ProjectPageFrame.tsx [Client Component SSR]
    ./apps/portal/app/staff/projects/[projectId]/ProjectSnapshotPageClient.tsx [Client Component SSR]
    ./apps/portal/app/staff/projects/[projectId]/ProjectSnapshotPageClient.tsx [Server Component]
    ./apps/portal/app/staff/projects/[projectId]/page.tsx [Server Component]


    at <unknown> (Error: ./packages/geometry/src/house/composition/composeRoofFromComposition.ts:242:9)
    at Object.getCompilationErrors (file://C:\Users\Jorda\OneDrive\Documents\GitHub\sanctuary\node_modules\next\dist\server\dev\hot-reloader-turbopack.js:1186:59)
    at DevBundlerService.getCompilationError (file://C:\Users\Jorda\OneDrive\Documents\GitHub\sanctuary\node_modules\next\dist\server\lib\dev-bundler-service.js:44:55)
    at DevServer.getCompilationError (file://C:\Users\Jorda\OneDrive\Documents\GitHub\sanctuary\node_modules\next\dist\server\dev\next-dev-server.js:719:42)
    at DevServer.findPageComponents (file://C:\Users\Jorda\OneDrive\Documents\GitHub\sanctuary\node_modules\next\dist\server\dev\next-dev-server.js:689:43)
    at async DevServer.renderErrorToResponseImpl (file://C:\Users\Jorda\OneDrive\Documents\GitHub\sanctuary\node_modules\next\dist\server\base-server.js:1745:26)
[  210003ms] [LOG] [HMR] connected @ http://localhost:3001/_next/static/chunks/node_modules_next_dist_0u_w_5s._.js:1226
[  210006ms] [ERROR] ./packages/geometry/src/house/composition/composeRoofFromComposition.ts:242:9
cannot reassign to a variable declared with `const`
  240 |         roofPolygonIsSimple(offset)
  241 |       ) {
> 242 |         eavePolygon = offset;
      |         ^^^^^^^^^^^
  243 |       }
  244 |     }
  245 |

Ecmascript file had an error

Import traces:
  Client Component Browser:
    ./packages/geometry/src/house/composition/composeRoofFromComposition.ts [Client Component Browser]
    ./apps/portal/lib/drawings/state/houseFormGeometryInput.ts [Client Component Browser]
    ./apps/portal/lib/drawings/state/objectWorkbenchStatusModel.ts [Client Component Browser]
    ./apps/portal/lib/drawings/state/drawingWorkbenchStore.ts [Client Component Browser]
    ./apps/portal/components/projects/ProjectPage/tabs/EstimatesTab.tsx [Client Component Browser]
    ./apps/portal/components/projects/ProjectPage/ProjectMainTabs.tsx [Client Component Browser]
    ./apps/portal/components/projects/ProjectPage/ProjectPageShell.tsx [Client Component Browser]
    ./apps/portal/components/projects/ProjectPage/ProjectPageFrame.tsx [Client Component Browser]
    ./apps/portal/app/staff/projects/[projectId]/ProjectSnapshotPageClient.tsx [Client Component Browser]
    ./apps/portal/app/staff/projects/[projectId]/ProjectSnapshotPageClient.tsx [Server Component]
    ./apps/portal/app/staff/projects/[projectId]/page.tsx [Server Component]

  Client Component SSR:
    ./packages/geometry/src/house/composition/composeRoofFromComposition.ts [Client Component SSR]
    ./apps/portal/lib/drawings/state/houseFormGeometryInput.ts [Client Component SSR]
    ./apps/portal/lib/drawings/state/objectWorkbenchStatusModel.ts [Client Component SSR]
    ./apps/portal/lib/drawings/state/drawingWorkbenchStore.ts [Client Component SSR]
    ./apps/portal/components/projects/ProjectPage/tabs/EstimatesTab.tsx [Client Component SSR]
    ./apps/portal/components/projects/ProjectPage/ProjectMainTabs.tsx [Client Component SSR]
    ./apps/portal/components/projects/ProjectPage/ProjectPageShell.tsx [Client Component SSR]
    ./apps/portal/components/projects/ProjectPage/ProjectPageFrame.tsx [Client Component SSR]
    ./apps/portal/app/staff/projects/[projectId]/ProjectSnapshotPageClient.tsx [Client Component SSR]
    ./apps/portal/app/staff/projects/[projectId]/ProjectSnapshotPageClient.tsx [Server Component]
    ./apps/portal/app/staff/projects/[projectId]/page.tsx [Server Component] @ http://localhost:3001/_next/static/chunks/node_modules_next_dist_0u_w_5s._.js:1945
[  210007ms] [ERROR] ./packages/geometry/src/house/composition/composeRoofFromComposition.ts:289:11
the name `eavePolygon` is defined multiple times
  287 |     // eliminates the noise without losing meaningful detail and lets
  288 |     // the wavefront produce clean topology on real composites.
> 289 |     const eavePolygon: Point3[] = unionPolygon.map((p) => ({
      |           ^^^^^^^^^^^
  290 |       x: Math.round(p.x),
  291 |       y: Math.round(p.y),
  292 |       z: 0,

Ecmascript file had an error

Import traces:
  Client Component Browser:
    ./packages/geometry/src/house/composition/composeRoofFromComposition.ts [Client Component Browser]
    ./apps/portal/lib/drawings/state/houseFormGeometryInput.ts [Client Component Browser]
    ./apps/portal/lib/drawings/state/objectWorkbenchStatusModel.ts [Client Component Browser]
    ./apps/portal/lib/drawings/state/drawingWorkbenchStore.ts [Client Component Browser]
    ./apps/portal/components/projects/ProjectPage/tabs/EstimatesTab.tsx [Client Component Browser]
    ./apps/portal/components/projects/ProjectPage/ProjectMainTabs.tsx [Client Component Browser]
    ./apps/portal/components/projects/ProjectPage/ProjectPageShell.tsx [Client Component Browser]
    ./apps/portal/components/projects/ProjectPage/ProjectPageFrame.tsx [Client Component Browser]
    ./apps/portal/app/staff/projects/[projectId]/ProjectSnapshotPageClient.tsx [Client Component Browser]
    ./apps/portal/app/staff/projects/[projectId]/ProjectSnapshotPageClient.tsx [Server Component]
    ./apps/portal/app/staff/projects/[projectId]/page.tsx [Server Component]

  Client Component SSR:
    ./packages/geometry/src/house/composition/composeRoofFromComposition.ts [Client Component SSR]
    ./apps/portal/lib/drawings/state/houseFormGeometryInput.ts [Client Component SSR]
    ./apps/portal/lib/drawings/state/objectWorkbenchStatusModel.ts [Client Component SSR]
    ./apps/portal/lib/drawings/state/drawingWorkbenchStore.ts [Client Component SSR]
    ./apps/portal/components/projects/ProjectPage/tabs/EstimatesTab.tsx [Client Component SSR]
    ./apps/portal/components/projects/ProjectPage/ProjectMainTabs.tsx [Client Component SSR]
    ./apps/portal/components/projects/ProjectPage/ProjectPageShell.tsx [Client Component SSR]
    ./apps/portal/components/projects/ProjectPage/ProjectPageFrame.tsx [Client Component SSR]
    ./apps/portal/app/staff/projects/[projectId]/ProjectSnapshotPageClient.tsx [Client Component SSR]
    ./apps/portal/app/staff/projects/[projectId]/ProjectSnapshotPageClient.tsx [Server Component]
    ./apps/portal/app/staff/projects/[projectId]/page.tsx [Server Component] @ http://localhost:3001/_next/static/chunks/node_modules_next_dist_0u_w_5s._.js:1945
[  210007ms] [ERROR] ./packages/geometry/src/house/composition/composeRoofFromComposition.ts:242:9
cannot reassign to a variable declared with `const`
  240 |         roofPolygonIsSimple(offset)
  241 |       ) {
> 242 |         eavePolygon = offset;
      |         ^^^^^^^^^^^
  243 |       }
  244 |     }
  245 |

Ecmascript file had an error

Import traces:
  Client Component Browser:
    ./packages/geometry/src/house/composition/composeRoofFromComposition.ts [Client Component Browser]
    ./apps/portal/lib/drawings/state/houseFormGeometryInput.ts [Client Component Browser]
    ./apps/portal/lib/drawings/state/objectWorkbenchStatusModel.ts [Client Component Browser]
    ./apps/portal/lib/drawings/state/drawingWorkbenchStore.ts [Client Component Browser]
    ./apps/portal/app/staff/projects/[projectId]/design-workbench/DesignWorkbenchEstimateClient.tsx [Client Component Browser]
    ./apps/portal/app/staff/projects/[projectId]/design-workbench/DesignWorkbenchEstimateClient.tsx [Server Component]
    ./apps/portal/app/staff/projects/[projectId]/design-workbench/page.tsx [Server Component]

  Client Component SSR:
    ./packages/geometry/src/house/composition/composeRoofFromComposition.ts [Client Component SSR]
    ./apps/portal/lib/drawings/state/houseFormGeometryInput.ts [Client Component SSR]
    ./apps/portal/lib/drawings/state/objectWorkbenchStatusModel.ts [Client Component SSR]
    ./apps/portal/lib/drawings/state/drawingWorkbenchStore.ts [Client Component SSR]
    ./apps/portal/app/staff/projects/[projectId]/design-workbench/DesignWorkbenchEstimateClient.tsx [Client Component SSR]
    ./apps/portal/app/staff/projects/[projectId]/design-workbench/DesignWorkbenchEstimateClient.tsx [Server Component]
    ./apps/portal/app/staff/projects/[projectId]/design-workbench/page.tsx [Server Component]

  Server Component:
    ./packages/geometry/src/house/composition/composeRoofFromComposition.ts
    ./packages/geometry/src/house/composition/index.ts
    ./packages/geometry/src/index.ts
    ./apps/portal/lib/estimates/drawingEdits.ts
    ./apps/portal/lib/drawings/sanctuaryWorkbenchMultiObjectFixtures.ts
    ./apps/portal/lib/drawings/sanctuaryWorkbenchFixtures.ts
    ./apps/portal/app/staff/projects/[projectId]/design-workbench/page.tsx @ http://localhost:3001/_next/static/chunks/node_modules_next_dist_0u_w_5s._.js:1945
[  210007ms] [ERROR] ./packages/geometry/src/house/composition/composeRoofFromComposition.ts:289:11
the name `eavePolygon` is defined multiple times
  287 |     // eliminates the noise without losing meaningful detail and lets
  288 |     // the wavefront produce clean topology on real composites.
> 289 |     const eavePolygon: Point3[] = unionPolygon.map((p) => ({
      |           ^^^^^^^^^^^
  290 |       x: Math.round(p.x),
  291 |       y: Math.round(p.y),
  292 |       z: 0,

Ecmascript file had an error

Import traces:
  Client Component Browser:
    ./packages/geometry/src/house/composition/composeRoofFromComposition.ts [Client Component Browser]
    ./apps/portal/lib/drawings/state/houseFormGeometryInput.ts [Client Component Browser]
    ./apps/portal/lib/drawings/state/objectWorkbenchStatusModel.ts [Client Component Browser]
    ./apps/portal/lib/drawings/state/drawingWorkbenchStore.ts [Client Component Browser]
    ./apps/portal/app/staff/projects/[projectId]/design-workbench/DesignWorkbenchEstimateClient.tsx [Client Component Browser]
    ./apps/portal/app/staff/projects/[projectId]/design-workbench/DesignWorkbenchEstimateClient.tsx [Server Component]
    ./apps/portal/app/staff/projects/[projectId]/design-workbench/page.tsx [Server Component]

  Client Component SSR:
    ./packages/geometry/src/house/composition/composeRoofFromComposition.ts [Client Component SSR]
    ./apps/portal/lib/drawings/state/houseFormGeometryInput.ts [Client Component SSR]
    ./apps/portal/lib/drawings/state/objectWorkbenchStatusModel.ts [Client Component SSR]
    ./apps/portal/lib/drawings/state/drawingWorkbenchStore.ts [Client Component SSR]
    ./apps/portal/app/staff/projects/[projectId]/design-workbench/DesignWorkbenchEstimateClient.tsx [Client Component SSR]
    ./apps/portal/app/staff/projects/[projectId]/design-workbench/DesignWorkbenchEstimateClient.tsx [Server Component]
    ./apps/portal/app/staff/projects/[projectId]/design-workbench/page.tsx [Server Component]

  Server Component:
    ./packages/geometry/src/house/composition/composeRoofFromComposition.ts
    ./packages/geometry/src/house/composition/index.ts
    ./packages/geometry/src/index.ts
    ./apps/portal/lib/estimates/drawingEdits.ts
    ./apps/portal/lib/drawings/sanctuaryWorkbenchMultiObjectFixtures.ts
    ./apps/portal/lib/drawings/sanctuaryWorkbenchFixtures.ts
    ./apps/portal/app/staff/projects/[projectId]/design-workbench/page.tsx @ http://localhost:3001/_next/static/chunks/node_modules_next_dist_0u_w_5s._.js:1945
[  210007ms] [ERROR] ./packages/geometry/src/house/composition/composeRoofFromComposition.ts:242:9
cannot reassign to a variable declared with `const`
  240 |         roofPolygonIsSimple(offset)
  241 |       ) {
> 242 |         eavePolygon = offset;
      |         ^^^^^^^^^^^
  243 |       }
  244 |     }
  245 |

Ecmascript file had an error

Import traces:
  Client Component Browser:
    ./packages/geometry/src/house/composition/composeRoofFromComposition.ts [Client Component Browser]
    ./apps/portal/lib/drawings/state/houseFormGeometryInput.ts [Client Component Browser]
    ./apps/portal/lib/drawings/state/objectWorkbenchStatusModel.ts [Client Component Browser]
    ./apps/portal/lib/drawings/state/drawingWorkbenchStore.ts [Client Component Browser]
    ./apps/portal/app/staff/projects/[projectId]/design-workbench/DesignWorkbenchFixtureClient.tsx [Client Component Browser]
    ./apps/portal/app/staff/projects/[projectId]/design-workbench/DesignWorkbenchFixtureClient.tsx [Server Component]
    ./apps/portal/app/qa/design-workbench-fixture/page.tsx [Server Component]

  Client Component SSR:
    ./packages/geometry/src/house/composition/composeRoofFromComposition.ts [Client Component SSR]
    ./apps/portal/lib/drawings/state/houseFormGeometryInput.ts [Client Component SSR]
    ./apps/portal/lib/drawings/state/objectWorkbenchStatusModel.ts [Client Component SSR]
    ./apps/portal/lib/drawings/state/drawingWorkbenchStore.ts [Client Component SSR]
    ./apps/portal/app/staff/projects/[projectId]/design-workbench/DesignWorkbenchFixtureClient.tsx [Client Component SSR]
    ./apps/portal/app/staff/projects/[projectId]/design-workbench/DesignWorkbenchFixtureClient.tsx [Server Component]
    ./apps/portal/app/qa/design-workbench-fixture/page.tsx [Server Component]

  Server Component:
    ./packages/geometry/src/house/composition/composeRoofFromComposition.ts
    ./packages/geometry/src/house/composition/index.ts
    ./packages/geometry/src/index.ts
    ./apps/portal/lib/estimates/drawingEdits.ts
    ./apps/portal/lib/drawings/sanctuaryWorkbenchMultiObjectFixtures.ts
    ./apps/portal/lib/drawings/sanctuaryWorkbenchFixtures.ts
    ./apps/portal/app/qa/design-workbench-fixture/page.tsx @ http://localhost:3001/_next/static/chunks/node_modules_next_dist_0u_w_5s._.js:1945
[  210007ms] [ERROR] ./packages/geometry/src/house/composition/composeRoofFromComposition.ts:289:11
the name `eavePolygon` is defined multiple times
  287 |     // eliminates the noise without losing meaningful detail and lets
  288 |     // the wavefront produce clean topology on real composites.
> 289 |     const eavePolygon: Point3[] = unionPolygon.map((p) => ({
      |           ^^^^^^^^^^^
  290 |       x: Math.round(p.x),
  291 |       y: Math.round(p.y),
  292 |       z: 0,

Ecmascript file had an error

Import traces:
  Client Component Browser:
    ./packages/geometry/src/house/composition/composeRoofFromComposition.ts [Client Component Browser]
    ./apps/portal/lib/drawings/state/houseFormGeometryInput.ts [Client Component Browser]
    ./apps/portal/lib/drawings/state/objectWorkbenchStatusModel.ts [Client Component Browser]
    ./apps/portal/lib/drawings/state/drawingWorkbenchStore.ts [Client Component Browser]
    ./apps/portal/app/staff/projects/[projectId]/design-workbench/DesignWorkbenchFixtureClient.tsx [Client Component Browser]
    ./apps/portal/app/staff/projects/[projectId]/design-workbench/DesignWorkbenchFixtureClient.tsx [Server Component]
    ./apps/portal/app/qa/design-workbench-fixture/page.tsx [Server Component]

  Client Component SSR:
    ./packages/geometry/src/house/composition/composeRoofFromComposition.ts [Client Component SSR]
    ./apps/portal/lib/drawings/state/houseFormGeometryInput.ts [Client Component SSR]
    ./apps/portal/lib/drawings/state/objectWorkbenchStatusModel.ts [Client Component SSR]
    ./apps/portal/lib/drawings/state/drawingWorkbenchStore.ts [Client Component SSR]
    ./apps/portal/app/staff/projects/[projectId]/design-workbench/DesignWorkbenchFixtureClient.tsx [Client Component SSR]
    ./apps/portal/app/staff/projects/[projectId]/design-workbench/DesignWorkbenchFixtureClient.tsx [Server Component]
    ./apps/portal/app/qa/design-workbench-fixture/page.tsx [Server Component]

  Server Component:
    ./packages/geometry/src/house/composition/composeRoofFromComposition.ts
    ./packages/geometry/src/house/composition/index.ts
    ./packages/geometry/src/index.ts
    ./apps/portal/lib/estimates/drawingEdits.ts
    ./apps/portal/lib/drawings/sanctuaryWorkbenchMultiObjectFixtures.ts
    ./apps/portal/lib/drawings/sanctuaryWorkbenchFixtures.ts
    ./apps/portal/app/qa/design-workbench-fixture/page.tsx @ http://localhost:3001/_next/static/chunks/node_modules_next_dist_0u_w_5s._.js:1945
[  210068ms] [ERROR] ./packages/geometry/src/house/composition/composeRoofFromComposition.ts:242:9
cannot reassign to a variable declared with `const`
  240 |         roofPolygonIsSimple(offset)
  241 |       ) {
> 242 |         eavePolygon = offset;
      |         ^^^^^^^^^^^
  243 |       }
  244 |     }
  245 |

Ecmascript file had an error

Import traces:
  Client Component Browser:
    ./packages/geometry/src/house/composition/composeRoofFromComposition.ts [Client Component Browser]
    ./apps/portal/lib/drawings/state/houseFormGeometryInput.ts [Client Component Browser]
    ./apps/portal/lib/drawings/state/objectWorkbenchStatusModel.ts [Client Component Browser]
    ./apps/portal/lib/drawings/state/drawingWorkbenchStore.ts [Client Component Browser]
    ./apps/portal/components/projects/ProjectPage/tabs/EstimatesTab.tsx [Client Component Browser]
    ./apps/portal/components/projects/ProjectPage/ProjectMainTabs.tsx [Client Component Browser]
    ./apps/portal/components/projects/ProjectPage/ProjectPageShell.tsx [Client Component Browser]
    ./apps/portal/components/projects/ProjectPage/ProjectPageFrame.tsx [Client Component Browser]
    ./apps/portal/app/staff/projects/[projectId]/ProjectSnapshotPageClient.tsx [Client Component Browser]
    ./apps/portal/app/staff/projects/[projectId]/ProjectSnapshotPageClient.tsx [Server Component]
    ./apps/portal/app/staff/projects/[projectId]/page.tsx [Server Component]

  Client Component SSR:
    ./packages/geometry/src/house/composition/composeRoofFromComposition.ts [Client Component SSR]
    ./apps/portal/lib/drawings/state/houseFormGeometryInput.ts [Client Component SSR]
    ./apps/portal/lib/drawings/state/objectWorkbenchStatusModel.ts [Client Component SSR]
    ./apps/portal/lib/drawings/state/drawingWorkbenchStore.ts [Client Component SSR]
    ./apps/portal/components/projects/ProjectPage/tabs/EstimatesTab.tsx [Client Component SSR]
    ./apps/portal/components/projects/ProjectPage/ProjectMainTabs.tsx [Client Component SSR]
    ./apps/portal/components/projects/ProjectPage/ProjectPageShell.tsx [Client Component SSR]
    ./apps/portal/components/projects/ProjectPage/ProjectPageFrame.tsx [Client Component SSR]
    ./apps/portal/app/staff/projects/[projectId]/ProjectSnapshotPageClient.tsx [Client Component SSR]
    ./apps/portal/app/staff/projects/[projectId]/ProjectSnapshotPageClient.tsx [Server Component]
    ./apps/portal/app/staff/projects/[projectId]/page.tsx [Server Component] @ http://localhost:3001/_next/static/chunks/node_modules_next_dist_0u_w_5s._.js:1945
[  210068ms] [ERROR] ./packages/geometry/src/house/composition/composeRoofFromComposition.ts:289:11
the name `eavePolygon` is defined multiple times
  287 |     // eliminates the noise without losing meaningful detail and lets
  288 |     // the wavefront produce clean topology on real composites.
> 289 |     const eavePolygon: Point3[] = unionPolygon.map((p) => ({
      |           ^^^^^^^^^^^
  290 |       x: Math.round(p.x),
  291 |       y: Math.round(p.y),
  292 |       z: 0,

Ecmascript file had an error

Import traces:
  Client Component Browser:
    ./packages/geometry/src/house/composition/composeRoofFromComposition.ts [Client Component Browser]
    ./apps/portal/lib/drawings/state/houseFormGeometryInput.ts [Client Component Browser]
    ./apps/portal/lib/drawings/state/objectWorkbenchStatusModel.ts [Client Component Browser]
    ./apps/portal/lib/drawings/state/drawingWorkbenchStore.ts [Client Component Browser]
    ./apps/portal/components/projects/ProjectPage/tabs/EstimatesTab.tsx [Client Component Browser]
    ./apps/portal/components/projects/ProjectPage/ProjectMainTabs.tsx [Client Component Browser]
    ./apps/portal/components/projects/ProjectPage/ProjectPageShell.tsx [Client Component Browser]
    ./apps/portal/components/projects/ProjectPage/ProjectPageFrame.tsx [Client Component Browser]
    ./apps/portal/app/staff/projects/[projectId]/ProjectSnapshotPageClient.tsx [Client Component Browser]
    ./apps/portal/app/staff/projects/[projectId]/ProjectSnapshotPageClient.tsx [Server Component]
    ./apps/portal/app/staff/projects/[projectId]/page.tsx [Server Component]

  Client Component SSR:
    ./packages/geometry/src/house/composition/composeRoofFromComposition.ts [Client Component SSR]
    ./apps/portal/lib/drawings/state/houseFormGeometryInput.ts [Client Component SSR]
    ./apps/portal/lib/drawings/state/objectWorkbenchStatusModel.ts [Client Component SSR]
    ./apps/portal/lib/drawings/state/drawingWorkbenchStore.ts [Client Component SSR]
    ./apps/portal/components/projects/ProjectPage/tabs/EstimatesTab.tsx [Client Component SSR]
    ./apps/portal/components/projects/ProjectPage/ProjectMainTabs.tsx [Client Component SSR]
    ./apps/portal/components/projects/ProjectPage/ProjectPageShell.tsx [Client Component SSR]
    ./apps/portal/components/projects/ProjectPage/ProjectPageFrame.tsx [Client Component SSR]
    ./apps/portal/app/staff/projects/[projectId]/ProjectSnapshotPageClient.tsx [Client Component SSR]
    ./apps/portal/app/staff/projects/[projectId]/ProjectSnapshotPageClient.tsx [Server Component]
    ./apps/portal/app/staff/projects/[projectId]/page.tsx [Server Component] @ http://localhost:3001/_next/static/chunks/node_modules_next_dist_0u_w_5s._.js:1945
[  210113ms] [ERROR] ./packages/geometry/src/house/composition/composeRoofFromComposition.ts:242:9
cannot reassign to a variable declared with `const`
  240 |         roofPolygonIsSimple(offset)
  241 |       ) {
> 242 |         eavePolygon = offset;
      |         ^^^^^^^^^^^
  243 |       }
  244 |     }
  245 |

Ecmascript file had an error

Import traces:
  Client Component Browser:
    ./packages/geometry/src/house/composition/composeRoofFromComposition.ts [Client Component Browser]
    ./apps/portal/lib/drawings/state/houseFormGeometryInput.ts [Client Component Browser]
    ./apps/portal/lib/drawings/state/objectWorkbenchStatusModel.ts [Client Component Browser]
    ./apps/portal/lib/drawings/state/drawingWorkbenchStore.ts [Client Component Browser]
    ./apps/portal/components/projects/ProjectPage/tabs/EstimatesTab.tsx [Client Component Browser]
    ./apps/portal/components/projects/ProjectPage/ProjectMainTabs.tsx [Client Component Browser]
    ./apps/portal/components/projects/ProjectPage/ProjectPageShell.tsx [Client Component Browser]
    ./apps/portal/components/projects/ProjectPage/ProjectPageFrame.tsx [Client Component Browser]
    ./apps/portal/app/staff/projects/[projectId]/ProjectSnapshotPageClient.tsx [Client Component Browser]
    ./apps/portal/app/staff/projects/[projectId]/ProjectSnapshotPageClient.tsx [Server Component]
    ./apps/portal/app/staff/projects/[projectId]/page.tsx [Server Component]

  Client Component SSR:
    ./packages/geometry/src/house/composition/composeRoofFromComposition.ts [Client Component SSR]
    ./apps/portal/lib/drawings/state/houseFormGeometryInput.ts [Client Component SSR]
    ./apps/portal/lib/drawings/state/objectWorkbenchStatusModel.ts [Client Component SSR]
    ./apps/portal/lib/drawings/state/drawingWorkbenchStore.ts [Client Component SSR]
    ./apps/portal/components/projects/ProjectPage/tabs/EstimatesTab.tsx [Client Component SSR]
    ./apps/portal/components/projects/ProjectPage/ProjectMainTabs.tsx [Client Component SSR]
    ./apps/portal/components/projects/ProjectPage/ProjectPageShell.tsx [Client Component SSR]
    ./apps/portal/components/projects/ProjectPage/ProjectPageFrame.tsx [Client Component SSR]
    ./apps/portal/app/staff/projects/[projectId]/ProjectSnapshotPageClient.tsx [Client Component SSR]
    ./apps/portal/app/staff/projects/[projectId]/ProjectSnapshotPageClient.tsx [Server Component]
    ./apps/portal/app/staff/projects/[projectId]/page.tsx [Server Component] @ http://localhost:3001/_next/static/chunks/node_modules_next_dist_0u_w_5s._.js:1945
[  210113ms] [ERROR] ./packages/geometry/src/house/composition/composeRoofFromComposition.ts:289:11
the name `eavePolygon` is defined multiple times
  287 |     // eliminates the noise without losing meaningful detail and lets
  288 |     // the wavefront produce clean topology on real composites.
> 289 |     const eavePolygon: Point3[] = unionPolygon.map((p) => ({
      |           ^^^^^^^^^^^
  290 |       x: Math.round(p.x),
  291 |       y: Math.round(p.y),
  292 |       z: 0,

Ecmascript file had an error

Import traces:
  Client Component Browser:
    ./packages/geometry/src/house/composition/composeRoofFromComposition.ts [Client Component Browser]
    ./apps/portal/lib/drawings/state/houseFormGeometryInput.ts [Client Component Browser]
    ./apps/portal/lib/drawings/state/objectWorkbenchStatusModel.ts [Client Component Browser]
    ./apps/portal/lib/drawings/state/drawingWorkbenchStore.ts [Client Component Browser]
    ./apps/portal/components/projects/ProjectPage/tabs/EstimatesTab.tsx [Client Component Browser]
    ./apps/portal/components/projects/ProjectPage/ProjectMainTabs.tsx [Client Component Browser]
    ./apps/portal/components/projects/ProjectPage/ProjectPageShell.tsx [Client Component Browser]
    ./apps/portal/components/projects/ProjectPage/ProjectPageFrame.tsx [Client Component Browser]
    ./apps/portal/app/staff/projects/[projectId]/ProjectSnapshotPageClient.tsx [Client Component Browser]
    ./apps/portal/app/staff/projects/[projectId]/ProjectSnapshotPageClient.tsx [Server Component]
    ./apps/portal/app/staff/projects/[projectId]/page.tsx [Server Component]

  Client Component SSR:
    ./packages/geometry/src/house/composition/composeRoofFromComposition.ts [Client Component SSR]
    ./apps/portal/lib/drawings/state/houseFormGeometryInput.ts [Client Component SSR]
    ./apps/portal/lib/drawings/state/objectWorkbenchStatusModel.ts [Client Component SSR]
    ./apps/portal/lib/drawings/state/drawingWorkbenchStore.ts [Client Component SSR]
    ./apps/portal/components/projects/ProjectPage/tabs/EstimatesTab.tsx [Client Component SSR]
    ./apps/portal/components/projects/ProjectPage/ProjectMainTabs.tsx [Client Component SSR]
    ./apps/portal/components/projects/ProjectPage/ProjectPageShell.tsx [Client Component SSR]
    ./apps/portal/components/projects/ProjectPage/ProjectPageFrame.tsx [Client Component SSR]
    ./apps/portal/app/staff/projects/[projectId]/ProjectSnapshotPageClient.tsx [Client Component SSR]
    ./apps/portal/app/staff/projects/[projectId]/ProjectSnapshotPageClient.tsx [Server Component]
    ./apps/portal/app/staff/projects/[projectId]/page.tsx [Server Component] @ http://localhost:3001/_next/static/chunks/node_modules_next_dist_0u_w_5s._.js:1945
[  210190ms] [LOG] [Fast Refresh] rebuilding @ http://localhost:3001/_next/static/chunks/node_modules_next_dist_0u_w_5s._.js:1226
[  240371ms] [ERROR] ./packages/geometry/src/house/composition/composeRoofFromComposition.ts:242:9
cannot reassign to a variable declared with `const`
  240 |         roofPolygonIsSimple(offset)
  241 |       ) {
> 242 |         eavePolygon = offset;
      |         ^^^^^^^^^^^
  243 |       }
  244 |     }
  245 |

Ecmascript file had an error

Import traces:
  Client Component Browser:
    ./packages/geometry/src/house/composition/composeRoofFromComposition.ts [Client Component Browser]
    ./apps/portal/lib/drawings/state/houseFormGeometryInput.ts [Client Component Browser]
    ./apps/portal/lib/drawings/state/objectWorkbenchStatusModel.ts [Client Component Browser]
    ./apps/portal/lib/drawings/state/drawingWorkbenchStore.ts [Client Component Browser]
    ./apps/portal/components/projects/ProjectPage/tabs/EstimatesTab.tsx [Client Component Browser]
    ./apps/portal/components/projects/ProjectPage/ProjectMainTabs.tsx [Client Component Browser]
    ./apps/portal/components/projects/ProjectPage/ProjectPageShell.tsx [Client Component Browser]
    ./apps/portal/components/projects/ProjectPage/ProjectPageFrame.tsx [Client Component Browser]
    ./apps/portal/app/staff/projects/[projectId]/ProjectSnapshotPageClient.tsx [Client Component Browser]
    ./apps/portal/app/staff/projects/[projectId]/ProjectSnapshotPageClient.tsx [Server Component]
    ./apps/portal/app/staff/projects/[projectId]/page.tsx [Server Component]

  Client Component SSR:
    ./packages/geometry/src/house/composition/composeRoofFromComposition.ts [Client Component SSR]
    ./apps/portal/lib/drawings/state/houseFormGeometryInput.ts [Client Component SSR]
    ./apps/portal/lib/drawings/state/objectWorkbenchStatusModel.ts [Client Component SSR]
    ./apps/portal/lib/drawings/state/drawingWorkbenchStore.ts [Client Component SSR]
    ./apps/portal/components/projects/ProjectPage/tabs/EstimatesTab.tsx [Client Component SSR]
    ./apps/portal/components/projects/ProjectPage/ProjectMainTabs.tsx [Client Component SSR]
    ./apps/portal/components/projects/ProjectPage/ProjectPageShell.tsx [Client Component SSR]
    ./apps/portal/components/projects/ProjectPage/ProjectPageFrame.tsx [Client Component SSR]
    ./apps/portal/app/staff/projects/[projectId]/ProjectSnapshotPageClient.tsx [Client Component SSR]
    ./apps/portal/app/staff/projects/[projectId]/ProjectSnapshotPageClient.tsx [Server Component]
    ./apps/portal/app/staff/projects/[projectId]/page.tsx [Server Component] @ http://localhost:3001/_next/static/chunks/node_modules_next_dist_0u_w_5s._.js:1945
[  240371ms] [ERROR] ./packages/geometry/src/house/composition/composeRoofFromComposition.ts:289:11
the name `eavePolygon` is defined multiple times
  287 |     // eliminates the noise without losing meaningful detail and lets
  288 |     // the wavefront produce clean topology on real composites.
> 289 |     const eavePolygon: Point3[] = unionPolygon.map((p) => ({
      |           ^^^^^^^^^^^
  290 |       x: Math.round(p.x),
  291 |       y: Math.round(p.y),
  292 |       z: 0,

Ecmascript file had an error

Import traces:
  Client Component Browser:
    ./packages/geometry/src/house/composition/composeRoofFromComposition.ts [Client Component Browser]
    ./apps/portal/lib/drawings/state/houseFormGeometryInput.ts [Client Component Browser]
    ./apps/portal/lib/drawings/state/objectWorkbenchStatusModel.ts [Client Component Browser]
    ./apps/portal/lib/drawings/state/drawingWorkbenchStore.ts [Client Component Browser]
    ./apps/portal/components/projects/ProjectPage/tabs/EstimatesTab.tsx [Client Component Browser]
    ./apps/portal/components/projects/ProjectPage/ProjectMainTabs.tsx [Client Component Browser]
    ./apps/portal/components/projects/ProjectPage/ProjectPageShell.tsx [Client Component Browser]
    ./apps/portal/components/projects/ProjectPage/ProjectPageFrame.tsx [Client Component Browser]
    ./apps/portal/app/staff/projects/[projectId]/ProjectSnapshotPageClient.tsx [Client Component Browser]
    ./apps/portal/app/staff/projects/[projectId]/ProjectSnapshotPageClient.tsx [Server Component]
    ./apps/portal/app/staff/projects/[projectId]/page.tsx [Server Component]

  Client Component SSR:
    ./packages/geometry/src/house/composition/composeRoofFromComposition.ts [Client Component SSR]
    ./apps/portal/lib/drawings/state/houseFormGeometryInput.ts [Client Component SSR]
    ./apps/portal/lib/drawings/state/objectWorkbenchStatusModel.ts [Client Component SSR]
    ./apps/portal/lib/drawings/state/drawingWorkbenchStore.ts [Client Component SSR]
    ./apps/portal/components/projects/ProjectPage/tabs/EstimatesTab.tsx [Client Component SSR]
    ./apps/portal/components/projects/ProjectPage/ProjectMainTabs.tsx [Client Component SSR]
    ./apps/portal/components/projects/ProjectPage/ProjectPageShell.tsx [Client Component SSR]
    ./apps/portal/components/projects/ProjectPage/ProjectPageFrame.tsx [Client Component SSR]
    ./apps/portal/app/staff/projects/[projectId]/ProjectSnapshotPageClient.tsx [Client Component SSR]
    ./apps/portal/app/staff/projects/[projectId]/ProjectSnapshotPageClient.tsx [Server Component]
    ./apps/portal/app/staff/projects/[projectId]/page.tsx [Server Component] @ http://localhost:3001/_next/static/chunks/node_modules_next_dist_0u_w_5s._.js:1945
[  240432ms] [LOG] [Fast Refresh] rebuilding @ http://localhost:3001/_next/static/chunks/node_modules_next_dist_0u_w_5s._.js:1226
[  281164ms] [LOG] [Fast Refresh] rebuilding @ http://localhost:3001/_next/static/chunks/node_modules_next_dist_0u_w_5s._.js:1226
[  281876ms] [ERROR] ./packages/geometry/src/house/composition/composeRoofFromComposition.ts:242:9
cannot reassign to a variable declared with `const`
  240 |         roofPolygonIsSimple(offset)
  241 |       ) {
> 242 |         eavePolygon = offset;
      |         ^^^^^^^^^^^
  243 |       }
  244 |     }
  245 |

Ecmascript file had an error

Import traces:
  Client Component Browser:
    ./packages/geometry/src/house/composition/composeRoofFromComposition.ts [Client Component Browser]
    ./apps/portal/lib/drawings/state/houseFormGeometryInput.ts [Client Component Browser]
    ./apps/portal/lib/drawings/state/objectWorkbenchStatusModel.ts [Client Component Browser]
    ./apps/portal/lib/drawings/state/drawingWorkbenchStore.ts [Client Component Browser]
    ./apps/portal/components/projects/ProjectPage/tabs/EstimatesTab.tsx [Client Component Browser]
    ./apps/portal/components/projects/ProjectPage/ProjectMainTabs.tsx [Client Component Browser]
    ./apps/portal/components/projects/ProjectPage/ProjectPageShell.tsx [Client Component Browser]
    ./apps/portal/components/projects/ProjectPage/ProjectPageFrame.tsx [Client Component Browser]
    ./apps/portal/app/staff/projects/[projectId]/ProjectSnapshotPageClient.tsx [Client Component Browser]
    ./apps/portal/app/staff/projects/[projectId]/ProjectSnapshotPageClient.tsx [Server Component]
    ./apps/portal/app/staff/projects/[projectId]/page.tsx [Server Component]

  Client Component SSR:
    ./packages/geometry/src/house/composition/composeRoofFromComposition.ts [Client Component SSR]
    ./apps/portal/lib/drawings/state/houseFormGeometryInput.ts [Client Component SSR]
    ./apps/portal/lib/drawings/state/objectWorkbenchStatusModel.ts [Client Component SSR]
    ./apps/portal/lib/drawings/state/drawingWorkbenchStore.ts [Client Component SSR]
    ./apps/portal/components/projects/ProjectPage/tabs/EstimatesTab.tsx [Client Component SSR]
    ./apps/portal/components/projects/ProjectPage/ProjectMainTabs.tsx [Client Component SSR]
    ./apps/portal/components/projects/ProjectPage/ProjectPageShell.tsx [Client Component SSR]
    ./apps/portal/components/projects/ProjectPage/ProjectPageFrame.tsx [Client Component SSR]
    ./apps/portal/app/staff/projects/[projectId]/ProjectSnapshotPageClient.tsx [Client Component SSR]
    ./apps/portal/app/staff/projects/[projectId]/ProjectSnapshotPageClient.tsx [Server Component]
    ./apps/portal/app/staff/projects/[projectId]/page.tsx [Server Component] @ http://localhost:3001/_next/static/chunks/node_modules_next_dist_0u_w_5s._.js:1945
[  281876ms] [ERROR] ./packages/geometry/src/house/composition/composeRoofFromComposition.ts:289:11
the name `eavePolygon` is defined multiple times
  287 |     // eliminates the noise without losing meaningful detail and lets
  288 |     // the wavefront produce clean topology on real composites.
> 289 |     const eavePolygon: Point3[] = unionPolygon.map((p) => ({
      |           ^^^^^^^^^^^
  290 |       x: Math.round(p.x),
  291 |       y: Math.round(p.y),
  292 |       z: 0,

Ecmascript file had an error

Import traces:
  Client Component Browser:
    ./packages/geometry/src/house/composition/composeRoofFromComposition.ts [Client Component Browser]
    ./apps/portal/lib/drawings/state/houseFormGeometryInput.ts [Client Component Browser]
    ./apps/portal/lib/drawings/state/objectWorkbenchStatusModel.ts [Client Component Browser]
    ./apps/portal/lib/drawings/state/drawingWorkbenchStore.ts [Client Component Browser]
    ./apps/portal/components/projects/ProjectPage/tabs/EstimatesTab.tsx [Client Component Browser]
    ./apps/portal/components/projects/ProjectPage/ProjectMainTabs.tsx [Client Component Browser]
    ./apps/portal/components/projects/ProjectPage/ProjectPageShell.tsx [Client Component Browser]
    ./apps/portal/components/projects/ProjectPage/ProjectPageFrame.tsx [Client Component Browser]
    ./apps/portal/app/staff/projects/[projectId]/ProjectSnapshotPageClient.tsx [Client Component Browser]
    ./apps/portal/app/staff/projects/[projectId]/ProjectSnapshotPageClient.tsx [Server Component]
    ./apps/portal/app/staff/projects/[projectId]/page.tsx [Server Component]

  Client Component SSR:
    ./packages/geometry/src/house/composition/composeRoofFromComposition.ts [Client Component SSR]
    ./apps/portal/lib/drawings/state/houseFormGeometryInput.ts [Client Component SSR]
    ./apps/portal/lib/drawings/state/objectWorkbenchStatusModel.ts [Client Component SSR]
    ./apps/portal/lib/drawings/state/drawingWorkbenchStore.ts [Client Component SSR]
    ./apps/portal/components/projects/ProjectPage/tabs/EstimatesTab.tsx [Client Component SSR]
    ./apps/portal/components/projects/ProjectPage/ProjectMainTabs.tsx [Client Component SSR]
    ./apps/portal/components/projects/ProjectPage/ProjectPageShell.tsx [Client Component SSR]
    ./apps/portal/components/projects/ProjectPage/ProjectPageFrame.tsx [Client Component SSR]
    ./apps/portal/app/staff/projects/[projectId]/ProjectSnapshotPageClient.tsx [Client Component SSR]
    ./apps/portal/app/staff/projects/[projectId]/ProjectSnapshotPageClient.tsx [Server Component]
    ./apps/portal/app/staff/projects/[projectId]/page.tsx [Server Component] @ http://localhost:3001/_next/static/chunks/node_modules_next_dist_0u_w_5s._.js:1945
[  281876ms] [ERROR] ./apps/portal/lib/drawings/state/houseFormGeometryInput.ts:202:9
the name `legacyEave` is defined multiple times
  200 |   // overhang yet), so the legacy union footprint serves as both the
  201 |   // footprint and the eave polygon.
> 202 |   const legacyEave = input.legacyModel.eave;
      |         ^^^^^^^^^^
  203 |   const roofArtifacts = buildHouseRoofEnvelopeArtifacts({
  204 |     footprint: input.legacyModel.footprint,
  205 |     eavePolygon: input.legacyModel.footprint,

Ecmascript file had an error

Import traces:
  Client Component Browser:
    ./apps/portal/lib/drawings/state/houseFormGeometryInput.ts [Client Component Browser]
    ./apps/portal/lib/drawings/state/objectWorkbenchStatusModel.ts [Client Component Browser]
    ./apps/portal/lib/drawings/state/drawingWorkbenchStore.ts [Client Component Browser]
    ./apps/portal/components/projects/ProjectPage/tabs/EstimatesTab.tsx [Client Component Browser]
    ./apps/portal/components/projects/ProjectPage/ProjectMainTabs.tsx [Client Component Browser]
    ./apps/portal/components/projects/ProjectPage/ProjectPageShell.tsx [Client Component Browser]
    ./apps/portal/components/projects/ProjectPage/ProjectPageFrame.tsx [Client Component Browser]
    ./apps/portal/app/staff/projects/[projectId]/ProjectSnapshotPageClient.tsx [Client Component Browser]
    ./apps/portal/app/staff/projects/[projectId]/ProjectSnapshotPageClient.tsx [Server Component]
    ./apps/portal/app/staff/projects/[projectId]/page.tsx [Server Component]

  Client Component SSR:
    ./apps/portal/lib/drawings/state/houseFormGeometryInput.ts [Client Component SSR]
    ./apps/portal/lib/drawings/state/objectWorkbenchStatusModel.ts [Client Component SSR]
    ./apps/portal/lib/drawings/state/drawingWorkbenchStore.ts [Client Component SSR]
    ./apps/portal/components/projects/ProjectPage/tabs/EstimatesTab.tsx [Client Component SSR]
    ./apps/portal/components/projects/ProjectPage/ProjectMainTabs.tsx [Client Component SSR]
    ./apps/portal/components/projects/ProjectPage/ProjectPageShell.tsx [Client Component SSR]
    ./apps/portal/components/projects/ProjectPage/ProjectPageFrame.tsx [Client Component SSR]
    ./apps/portal/app/staff/projects/[projectId]/ProjectSnapshotPageClient.tsx [Client Component SSR]
    ./apps/portal/app/staff/projects/[projectId]/ProjectSnapshotPageClient.tsx [Server Component]
    ./apps/portal/app/staff/projects/[projectId]/page.tsx [Server Component] @ http://localhost:3001/_next/static/chunks/node_modules_next_dist_0u_w_5s._.js:1945
[  282963ms] [ERROR] Failed to load resource: the server responded with a status of 500 (Internal Server Error) @ http://localhost:3001/staff/projects/proj_cf4afb59-b72c-4b11-b39f-9e04f4684163/design-workbench:0
[  282981ms] [INFO] %cDownload the React DevTools for a better development experience: https://react.dev/link/react-devtools font-weight:bold @ http://localhost:3001/_next/static/chunks/node_modules_react-dom_0bruynb._.js:14107
[  282990ms] [ERROR] Refused to execute script from 'http://localhost:3001/_next/static/development/_clientMiddlewareManifest.js' because its MIME type ('application/json') is not executable, and strict MIME type checking is enabled. @ http://localhost:3001/staff/projects/proj_cf4afb59-b72c-4b11-b39f-9e04f4684163/design-workbench:0
[  282991ms] Error: ./packages/geometry/src/house/composition/composeRoofFromComposition.ts:242:9
cannot reassign to a variable declared with `const`
  240 |         roofPolygonIsSimple(offset)
  241 |       ) {
> 242 |         eavePolygon = offset;
      |         ^^^^^^^^^^^
  243 |       }
  244 |     }
  245 |

Ecmascript file had an error

Import traces:
  Client Component Browser:
    ./packages/geometry/src/house/composition/composeRoofFromComposition.ts [Client Component Browser]
    ./apps/portal/lib/drawings/state/houseFormGeometryInput.ts [Client Component Browser]
    ./apps/portal/lib/drawings/state/objectWorkbenchStatusModel.ts [Client Component Browser]
    ./apps/portal/lib/drawings/state/drawingWorkbenchStore.ts [Client Component Browser]
    ./apps/portal/components/projects/ProjectPage/tabs/EstimatesTab.tsx [Client Component Browser]
    ./apps/portal/components/projects/ProjectPage/ProjectMainTabs.tsx [Client Component Browser]
    ./apps/portal/components/projects/ProjectPage/ProjectPageShell.tsx [Client Component Browser]
    ./apps/portal/components/projects/ProjectPage/ProjectPageFrame.tsx [Client Component Browser]
    ./apps/portal/app/staff/projects/[projectId]/ProjectSnapshotPageClient.tsx [Client Component Browser]
    ./apps/portal/app/staff/projects/[projectId]/ProjectSnapshotPageClient.tsx [Server Component]
    ./apps/portal/app/staff/projects/[projectId]/page.tsx [Server Component]

  Client Component SSR:
    ./packages/geometry/src/house/composition/composeRoofFromComposition.ts [Client Component SSR]
    ./apps/portal/lib/drawings/state/houseFormGeometryInput.ts [Client Component SSR]
    ./apps/portal/lib/drawings/state/objectWorkbenchStatusModel.ts [Client Component SSR]
    ./apps/portal/lib/drawings/state/drawingWorkbenchStore.ts [Client Component SSR]
    ./apps/portal/components/projects/ProjectPage/tabs/EstimatesTab.tsx [Client Component SSR]
    ./apps/portal/components/projects/ProjectPage/ProjectMainTabs.tsx [Client Component SSR]
    ./apps/portal/components/projects/ProjectPage/ProjectPageShell.tsx [Client Component SSR]
    ./apps/portal/components/projects/ProjectPage/ProjectPageFrame.tsx [Client Component SSR]
    ./apps/portal/app/staff/projects/[projectId]/ProjectSnapshotPageClient.tsx [Client Component SSR]
    ./apps/portal/app/staff/projects/[projectId]/ProjectSnapshotPageClient.tsx [Server Component]
    ./apps/portal/app/staff/projects/[projectId]/page.tsx [Server Component]


    at <unknown> (Error: ./packages/geometry/src/house/composition/composeRoofFromComposition.ts:242:9)
    at Object.getCompilationErrors (file://C:\Users\Jorda\OneDrive\Documents\GitHub\sanctuary\node_modules\next\dist\server\dev\hot-reloader-turbopack.js:1186:59)
    at DevBundlerService.getCompilationError (file://C:\Users\Jorda\OneDrive\Documents\GitHub\sanctuary\node_modules\next\dist\server\lib\dev-bundler-service.js:44:55)
    at DevServer.getCompilationError (file://C:\Users\Jorda\OneDrive\Documents\GitHub\sanctuary\node_modules\next\dist\server\dev\next-dev-server.js:719:42)
    at DevServer.findPageComponents (file://C:\Users\Jorda\OneDrive\Documents\GitHub\sanctuary\node_modules\next\dist\server\dev\next-dev-server.js:689:43)
    at async DevServer.renderErrorToResponseImpl (file://C:\Users\Jorda\OneDrive\Documents\GitHub\sanctuary\node_modules\next\dist\server\base-server.js:1745:26)
[  282992ms] [LOG] [HMR] connected @ http://localhost:3001/_next/static/chunks/node_modules_next_dist_0u_w_5s._.js:1226
[  282994ms] [ERROR] ./packages/geometry/src/house/composition/composeRoofFromComposition.ts:242:9
cannot reassign to a variable declared with `const`
  240 |         roofPolygonIsSimple(offset)
  241 |       ) {
> 242 |         eavePolygon = offset;
      |         ^^^^^^^^^^^
  243 |       }
  244 |     }
  245 |

Ecmascript file had an error

Import traces:
  Client Component Browser:
    ./packages/geometry/src/house/composition/composeRoofFromComposition.ts [Client Component Browser]
    ./apps/portal/lib/drawings/state/houseFormGeometryInput.ts [Client Component Browser]
    ./apps/portal/lib/drawings/state/objectWorkbenchStatusModel.ts [Client Component Browser]
    ./apps/portal/lib/drawings/state/drawingWorkbenchStore.ts [Client Component Browser]
    ./apps/portal/components/projects/ProjectPage/tabs/EstimatesTab.tsx [Client Component Browser]
    ./apps/portal/components/projects/ProjectPage/ProjectMainTabs.tsx [Client Component Browser]
    ./apps/portal/components/projects/ProjectPage/ProjectPageShell.tsx [Client Component Browser]
    ./apps/portal/components/projects/ProjectPage/ProjectPageFrame.tsx [Client Component Browser]
    ./apps/portal/app/staff/projects/[projectId]/ProjectSnapshotPageClient.tsx [Client Component Browser]
    ./apps/portal/app/staff/projects/[projectId]/ProjectSnapshotPageClient.tsx [Server Component]
    ./apps/portal/app/staff/projects/[projectId]/page.tsx [Server Component]

  Client Component SSR:
    ./packages/geometry/src/house/composition/composeRoofFromComposition.ts [Client Component SSR]
    ./apps/portal/lib/drawings/state/houseFormGeometryInput.ts [Client Component SSR]
    ./apps/portal/lib/drawings/state/objectWorkbenchStatusModel.ts [Client Component SSR]
    ./apps/portal/lib/drawings/state/drawingWorkbenchStore.ts [Client Component SSR]
    ./apps/portal/components/projects/ProjectPage/tabs/EstimatesTab.tsx [Client Component SSR]
    ./apps/portal/components/projects/ProjectPage/ProjectMainTabs.tsx [Client Component SSR]
    ./apps/portal/components/projects/ProjectPage/ProjectPageShell.tsx [Client Component SSR]
    ./apps/portal/components/projects/ProjectPage/ProjectPageFrame.tsx [Client Component SSR]
    ./apps/portal/app/staff/projects/[projectId]/ProjectSnapshotPageClient.tsx [Client Component SSR]
    ./apps/portal/app/staff/projects/[projectId]/ProjectSnapshotPageClient.tsx [Server Component]
    ./apps/portal/app/staff/projects/[projectId]/page.tsx [Server Component] @ http://localhost:3001/_next/static/chunks/node_modules_next_dist_0u_w_5s._.js:1945
[  282994ms] [ERROR] ./packages/geometry/src/house/composition/composeRoofFromComposition.ts:289:11
the name `eavePolygon` is defined multiple times
  287 |     // eliminates the noise without losing meaningful detail and lets
  288 |     // the wavefront produce clean topology on real composites.
> 289 |     const eavePolygon: Point3[] = unionPolygon.map((p) => ({
      |           ^^^^^^^^^^^
  290 |       x: Math.round(p.x),
  291 |       y: Math.round(p.y),
  292 |       z: 0,

Ecmascript file had an error

Import traces:
  Client Component Browser:
    ./packages/geometry/src/house/composition/composeRoofFromComposition.ts [Client Component Browser]
    ./apps/portal/lib/drawings/state/houseFormGeometryInput.ts [Client Component Browser]
    ./apps/portal/lib/drawings/state/objectWorkbenchStatusModel.ts [Client Component Browser]
    ./apps/portal/lib/drawings/state/drawingWorkbenchStore.ts [Client Component Browser]
    ./apps/portal/components/projects/ProjectPage/tabs/EstimatesTab.tsx [Client Component Browser]
    ./apps/portal/components/projects/ProjectPage/ProjectMainTabs.tsx [Client Component Browser]
    ./apps/portal/components/projects/ProjectPage/ProjectPageShell.tsx [Client Component Browser]
    ./apps/portal/components/projects/ProjectPage/ProjectPageFrame.tsx [Client Component Browser]
    ./apps/portal/app/staff/projects/[projectId]/ProjectSnapshotPageClient.tsx [Client Component Browser]
    ./apps/portal/app/staff/projects/[projectId]/ProjectSnapshotPageClient.tsx [Server Component]
    ./apps/portal/app/staff/projects/[projectId]/page.tsx [Server Component]

  Client Component SSR:
    ./packages/geometry/src/house/composition/composeRoofFromComposition.ts [Client Component SSR]
    ./apps/portal/lib/drawings/state/houseFormGeometryInput.ts [Client Component SSR]
    ./apps/portal/lib/drawings/state/objectWorkbenchStatusModel.ts [Client Component SSR]
    ./apps/portal/lib/drawings/state/drawingWorkbenchStore.ts [Client Component SSR]
    ./apps/portal/components/projects/ProjectPage/tabs/EstimatesTab.tsx [Client Component SSR]
    ./apps/portal/components/projects/ProjectPage/ProjectMainTabs.tsx [Client Component SSR]
    ./apps/portal/components/projects/ProjectPage/ProjectPageShell.tsx [Client Component SSR]
    ./apps/portal/components/projects/ProjectPage/ProjectPageFrame.tsx [Client Component SSR]
    ./apps/portal/app/staff/projects/[projectId]/ProjectSnapshotPageClient.tsx [Client Component SSR]
    ./apps/portal/app/staff/projects/[projectId]/ProjectSnapshotPageClient.tsx [Server Component]
    ./apps/portal/app/staff/projects/[projectId]/page.tsx [Server Component] @ http://localhost:3001/_next/static/chunks/node_modules_next_dist_0u_w_5s._.js:1945
[  282994ms] [ERROR] ./apps/portal/lib/drawings/state/houseFormGeometryInput.ts:202:9
the name `legacyEave` is defined multiple times
  200 |   // overhang yet), so the legacy union footprint serves as both the
  201 |   // footprint and the eave polygon.
> 202 |   const legacyEave = input.legacyModel.eave;
      |         ^^^^^^^^^^
  203 |   const roofArtifacts = buildHouseRoofEnvelopeArtifacts({
  204 |     footprint: input.legacyModel.footprint,
  205 |     eavePolygon: input.legacyModel.footprint,

Ecmascript file had an error

Import traces:
  Client Component Browser:
    ./apps/portal/lib/drawings/state/houseFormGeometryInput.ts [Client Component Browser]
    ./apps/portal/lib/drawings/state/objectWorkbenchStatusModel.ts [Client Component Browser]
    ./apps/portal/lib/drawings/state/drawingWorkbenchStore.ts [Client Component Browser]
    ./apps/portal/components/projects/ProjectPage/tabs/EstimatesTab.tsx [Client Component Browser]
    ./apps/portal/components/projects/ProjectPage/ProjectMainTabs.tsx [Client Component Browser]
    ./apps/portal/components/projects/ProjectPage/ProjectPageShell.tsx [Client Component Browser]
    ./apps/portal/components/projects/ProjectPage/ProjectPageFrame.tsx [Client Component Browser]
    ./apps/portal/app/staff/projects/[projectId]/ProjectSnapshotPageClient.tsx [Client Component Browser]
    ./apps/portal/app/staff/projects/[projectId]/ProjectSnapshotPageClient.tsx [Server Component]
    ./apps/portal/app/staff/projects/[projectId]/page.tsx [Server Component]

  Client Component SSR:
    ./apps/portal/lib/drawings/state/houseFormGeometryInput.ts [Client Component SSR]
    ./apps/portal/lib/drawings/state/objectWorkbenchStatusModel.ts [Client Component SSR]
    ./apps/portal/lib/drawings/state/drawingWorkbenchStore.ts [Client Component SSR]
    ./apps/portal/components/projects/ProjectPage/tabs/EstimatesTab.tsx [Client Component SSR]
    ./apps/portal/components/projects/ProjectPage/ProjectMainTabs.tsx [Client Component SSR]
    ./apps/portal/components/projects/ProjectPage/ProjectPageShell.tsx [Client Component SSR]
    ./apps/portal/components/projects/ProjectPage/ProjectPageFrame.tsx [Client Component SSR]
    ./apps/portal/app/staff/projects/[projectId]/ProjectSnapshotPageClient.tsx [Client Component SSR]
    ./apps/portal/app/staff/projects/[projectId]/ProjectSnapshotPageClient.tsx [Server Component]
    ./apps/portal/app/staff/projects/[projectId]/page.tsx [Server Component] @ http://localhost:3001/_next/static/chunks/node_modules_next_dist_0u_w_5s._.js:1945
[  282994ms] [ERROR] ./packages/geometry/src/house/composition/composeRoofFromComposition.ts:242:9
cannot reassign to a variable declared with `const`
  240 |         roofPolygonIsSimple(offset)
  241 |       ) {
> 242 |         eavePolygon = offset;
      |         ^^^^^^^^^^^
  243 |       }
  244 |     }
  245 |

Ecmascript file had an error

Import traces:
  Client Component Browser:
    ./packages/geometry/src/house/composition/composeRoofFromComposition.ts [Client Component Browser]
    ./apps/portal/lib/drawings/state/houseFormGeometryInput.ts [Client Component Browser]
    ./apps/portal/lib/drawings/state/objectWorkbenchStatusModel.ts [Client Component Browser]
    ./apps/portal/lib/drawings/state/drawingWorkbenchStore.ts [Client Component Browser]
    ./apps/portal/app/staff/projects/[projectId]/design-workbench/DesignWorkbenchEstimateClient.tsx [Client Component Browser]
    ./apps/portal/app/staff/projects/[projectId]/design-workbench/DesignWorkbenchEstimateClient.tsx [Server Component]
    ./apps/portal/app/staff/projects/[projectId]/design-workbench/page.tsx [Server Component]

  Client Component SSR:
    ./packages/geometry/src/house/composition/composeRoofFromComposition.ts [Client Component SSR]
    ./apps/portal/lib/drawings/state/houseFormGeometryInput.ts [Client Component SSR]
    ./apps/portal/lib/drawings/state/objectWorkbenchStatusModel.ts [Client Component SSR]
    ./apps/portal/lib/drawings/state/drawingWorkbenchStore.ts [Client Component SSR]
    ./apps/portal/app/staff/projects/[projectId]/design-workbench/DesignWorkbenchEstimateClient.tsx [Client Component SSR]
    ./apps/portal/app/staff/projects/[projectId]/design-workbench/DesignWorkbenchEstimateClient.tsx [Server Component]
    ./apps/portal/app/staff/projects/[projectId]/design-workbench/page.tsx [Server Component]

  Server Component:
    ./packages/geometry/src/house/composition/composeRoofFromComposition.ts
    ./packages/geometry/src/house/composition/index.ts
    ./packages/geometry/src/index.ts
    ./apps/portal/lib/estimates/drawingEdits.ts
    ./apps/portal/lib/drawings/sanctuaryWorkbenchMultiObjectFixtures.ts
    ./apps/portal/lib/drawings/sanctuaryWorkbenchFixtures.ts
    ./apps/portal/app/staff/projects/[projectId]/design-workbench/page.tsx @ http://localhost:3001/_next/static/chunks/node_modules_next_dist_0u_w_5s._.js:1945
[  282994ms] [ERROR] ./packages/geometry/src/house/composition/composeRoofFromComposition.ts:289:11
the name `eavePolygon` is defined multiple times
  287 |     // eliminates the noise without losing meaningful detail and lets
  288 |     // the wavefront produce clean topology on real composites.
> 289 |     const eavePolygon: Point3[] = unionPolygon.map((p) => ({
      |           ^^^^^^^^^^^
  290 |       x: Math.round(p.x),
  291 |       y: Math.round(p.y),
  292 |       z: 0,

Ecmascript file had an error

Import traces:
  Client Component Browser:
    ./packages/geometry/src/house/composition/composeRoofFromComposition.ts [Client Component Browser]
    ./apps/portal/lib/drawings/state/houseFormGeometryInput.ts [Client Component Browser]
    ./apps/portal/lib/drawings/state/objectWorkbenchStatusModel.ts [Client Component Browser]
    ./apps/portal/lib/drawings/state/drawingWorkbenchStore.ts [Client Component Browser]
    ./apps/portal/app/staff/projects/[projectId]/design-workbench/DesignWorkbenchEstimateClient.tsx [Client Component Browser]
    ./apps/portal/app/staff/projects/[projectId]/design-workbench/DesignWorkbenchEstimateClient.tsx [Server Component]
    ./apps/portal/app/staff/projects/[projectId]/design-workbench/page.tsx [Server Component]

  Client Component SSR:
    ./packages/geometry/src/house/composition/composeRoofFromComposition.ts [Client Component SSR]
    ./apps/portal/lib/drawings/state/houseFormGeometryInput.ts [Client Component SSR]
    ./apps/portal/lib/drawings/state/objectWorkbenchStatusModel.ts [Client Component SSR]
    ./apps/portal/lib/drawings/state/drawingWorkbenchStore.ts [Client Component SSR]
    ./apps/portal/app/staff/projects/[projectId]/design-workbench/DesignWorkbenchEstimateClient.tsx [Client Component SSR]
    ./apps/portal/app/staff/projects/[projectId]/design-workbench/DesignWorkbenchEstimateClient.tsx [Server Component]
    ./apps/portal/app/staff/projects/[projectId]/design-workbench/page.tsx [Server Component]

  Server Component:
    ./packages/geometry/src/house/composition/composeRoofFromComposition.ts
    ./packages/geometry/src/house/composition/index.ts
    ./packages/geometry/src/index.ts
    ./apps/portal/lib/estimates/drawingEdits.ts
    ./apps/portal/lib/drawings/sanctuaryWorkbenchMultiObjectFixtures.ts
    ./apps/portal/lib/drawings/sanctuaryWorkbenchFixtures.ts
    ./apps/portal/app/staff/projects/[projectId]/design-workbench/page.tsx @ http://localhost:3001/_next/static/chunks/node_modules_next_dist_0u_w_5s._.js:1945
[  282995ms] [ERROR] ./apps/portal/lib/drawings/state/houseFormGeometryInput.ts:202:9
the name `legacyEave` is defined multiple times
  200 |   // overhang yet), so the legacy union footprint serves as both the
  201 |   // footprint and the eave polygon.
> 202 |   const legacyEave = input.legacyModel.eave;
      |         ^^^^^^^^^^
  203 |   const roofArtifacts = buildHouseRoofEnvelopeArtifacts({
  204 |     footprint: input.legacyModel.footprint,
  205 |     eavePolygon: input.legacyModel.footprint,

Ecmascript file had an error

Import traces:
  Client Component Browser:
    ./apps/portal/lib/drawings/state/houseFormGeometryInput.ts [Client Component Browser]
    ./apps/portal/lib/drawings/state/objectWorkbenchStatusModel.ts [Client Component Browser]
    ./apps/portal/lib/drawings/state/drawingWorkbenchStore.ts [Client Component Browser]
    ./apps/portal/app/staff/projects/[projectId]/design-workbench/DesignWorkbenchEstimateClient.tsx [Client Component Browser]
    ./apps/portal/app/staff/projects/[projectId]/design-workbench/DesignWorkbenchEstimateClient.tsx [Server Component]
    ./apps/portal/app/staff/projects/[projectId]/design-workbench/page.tsx [Server Component]

  Client Component SSR:
    ./apps/portal/lib/drawings/state/houseFormGeometryInput.ts [Client Component SSR]
    ./apps/portal/lib/drawings/state/objectWorkbenchStatusModel.ts [Client Component SSR]
    ./apps/portal/lib/drawings/state/drawingWorkbenchStore.ts [Client Component SSR]
    ./apps/portal/app/staff/projects/[projectId]/design-workbench/DesignWorkbenchEstimateClient.tsx [Client Component SSR]
    ./apps/portal/app/staff/projects/[projectId]/design-workbench/DesignWorkbenchEstimateClient.tsx [Server Component]
    ./apps/portal/app/staff/projects/[projectId]/design-workbench/page.tsx [Server Component] @ http://localhost:3001/_next/static/chunks/node_modules_next_dist_0u_w_5s._.js:1945
[  282995ms] [ERROR] ./packages/geometry/src/house/composition/composeRoofFromComposition.ts:242:9
cannot reassign to a variable declared with `const`
  240 |         roofPolygonIsSimple(offset)
  241 |       ) {
> 242 |         eavePolygon = offset;
      |         ^^^^^^^^^^^
  243 |       }
  244 |     }
  245 |

Ecmascript file had an error

Import traces:
  Client Component Browser:
    ./packages/geometry/src/house/composition/composeRoofFromComposition.ts [Client Component Browser]
    ./apps/portal/lib/drawings/state/houseFormGeometryInput.ts [Client Component Browser]
    ./apps/portal/lib/drawings/state/objectWorkbenchStatusModel.ts [Client Component Browser]
    ./apps/portal/lib/drawings/state/drawingWorkbenchStore.ts [Client Component Browser]
    ./apps/portal/app/staff/projects/[projectId]/design-workbench/DesignWorkbenchFixtureClient.tsx [Client Component Browser]
    ./apps/portal/app/staff/projects/[projectId]/design-workbench/DesignWorkbenchFixtureClient.tsx [Server Component]
    ./apps/portal/app/qa/design-workbench-fixture/page.tsx [Server Component]

  Client Component SSR:
    ./packages/geometry/src/house/composition/composeRoofFromComposition.ts [Client Component SSR]
    ./apps/portal/lib/drawings/state/houseFormGeometryInput.ts [Client Component SSR]
    ./apps/portal/lib/drawings/state/objectWorkbenchStatusModel.ts [Client Component SSR]
    ./apps/portal/lib/drawings/state/drawingWorkbenchStore.ts [Client Component SSR]
    ./apps/portal/app/staff/projects/[projectId]/design-workbench/DesignWorkbenchFixtureClient.tsx [Client Component SSR]
    ./apps/portal/app/staff/projects/[projectId]/design-workbench/DesignWorkbenchFixtureClient.tsx [Server Component]
    ./apps/portal/app/qa/design-workbench-fixture/page.tsx [Server Component]

  Server Component:
    ./packages/geometry/src/house/composition/composeRoofFromComposition.ts
    ./packages/geometry/src/house/composition/index.ts
    ./packages/geometry/src/index.ts
    ./apps/portal/lib/estimates/drawingEdits.ts
    ./apps/portal/lib/drawings/sanctuaryWorkbenchMultiObjectFixtures.ts
    ./apps/portal/lib/drawings/sanctuaryWorkbenchFixtures.ts
    ./apps/portal/app/qa/design-workbench-fixture/page.tsx @ http://localhost:3001/_next/static/chunks/node_modules_next_dist_0u_w_5s._.js:1945
[  282995ms] [ERROR] ./packages/geometry/src/house/composition/composeRoofFromComposition.ts:289:11
the name `eavePolygon` is defined multiple times
  287 |     // eliminates the noise without losing meaningful detail and lets
  288 |     // the wavefront produce clean topology on real composites.
> 289 |     const eavePolygon: Point3[] = unionPolygon.map((p) => ({
      |           ^^^^^^^^^^^
  290 |       x: Math.round(p.x),
  291 |       y: Math.round(p.y),
  292 |       z: 0,

Ecmascript file had an error

Import traces:
  Client Component Browser:
    ./packages/geometry/src/house/composition/composeRoofFromComposition.ts [Client Component Browser]
    ./apps/portal/lib/drawings/state/houseFormGeometryInput.ts [Client Component Browser]
    ./apps/portal/lib/drawings/state/objectWorkbenchStatusModel.ts [Client Component Browser]
    ./apps/portal/lib/drawings/state/drawingWorkbenchStore.ts [Client Component Browser]
    ./apps/portal/app/staff/projects/[projectId]/design-workbench/DesignWorkbenchFixtureClient.tsx [Client Component Browser]
    ./apps/portal/app/staff/projects/[projectId]/design-workbench/DesignWorkbenchFixtureClient.tsx [Server Component]
    ./apps/portal/app/qa/design-workbench-fixture/page.tsx [Server Component]

  Client Component SSR:
    ./packages/geometry/src/house/composition/composeRoofFromComposition.ts [Client Component SSR]
    ./apps/portal/lib/drawings/state/houseFormGeometryInput.ts [Client Component SSR]
    ./apps/portal/lib/drawings/state/objectWorkbenchStatusModel.ts [Client Component SSR]
    ./apps/portal/lib/drawings/state/drawingWorkbenchStore.ts [Client Component SSR]
    ./apps/portal/app/staff/projects/[projectId]/design-workbench/DesignWorkbenchFixtureClient.tsx [Client Component SSR]
    ./apps/portal/app/staff/projects/[projectId]/design-workbench/DesignWorkbenchFixtureClient.tsx [Server Component]
    ./apps/portal/app/qa/design-workbench-fixture/page.tsx [Server Component]

  Server Component:
    ./packages/geometry/src/house/composition/composeRoofFromComposition.ts
    ./packages/geometry/src/house/composition/index.ts
    ./packages/geometry/src/index.ts
    ./apps/portal/lib/estimates/drawingEdits.ts
    ./apps/portal/lib/drawings/sanctuaryWorkbenchMultiObjectFixtures.ts
    ./apps/portal/lib/drawings/sanctuaryWorkbenchFixtures.ts
    ./apps/portal/app/qa/design-workbench-fixture/page.tsx @ http://localhost:3001/_next/static/chunks/node_modules_next_dist_0u_w_5s._.js:1945
[  282995ms] [ERROR] ./apps/portal/lib/drawings/state/houseFormGeometryInput.ts:202:9
the name `legacyEave` is defined multiple times
  200 |   // overhang yet), so the legacy union footprint serves as both the
  201 |   // footprint and the eave polygon.
> 202 |   const legacyEave = input.legacyModel.eave;
      |         ^^^^^^^^^^
  203 |   const roofArtifacts = buildHouseRoofEnvelopeArtifacts({
  204 |     footprint: input.legacyModel.footprint,
  205 |     eavePolygon: input.legacyModel.footprint,

Ecmascript file had an error

Import traces:
  Client Component Browser:
    ./apps/portal/lib/drawings/state/houseFormGeometryInput.ts [Client Component Browser]
    ./apps/portal/lib/drawings/state/objectWorkbenchStatusModel.ts [Client Component Browser]
    ./apps/portal/lib/drawings/state/drawingWorkbenchStore.ts [Client Component Browser]
    ./apps/portal/app/staff/projects/[projectId]/design-workbench/DesignWorkbenchFixtureClient.tsx [Client Component Browser]
    ./apps/portal/app/staff/projects/[projectId]/design-workbench/DesignWorkbenchFixtureClient.tsx [Server Component]
    ./apps/portal/app/qa/design-workbench-fixture/page.tsx [Server Component]

  Client Component SSR:
    ./apps/portal/lib/drawings/state/houseFormGeometryInput.ts [Client Component SSR]
    ./apps/portal/lib/drawings/state/objectWorkbenchStatusModel.ts [Client Component SSR]
    ./apps/portal/lib/drawings/state/drawingWorkbenchStore.ts [Client Component SSR]
    ./apps/portal/app/staff/projects/[projectId]/design-workbench/DesignWorkbenchFixtureClient.tsx [Client Component SSR]
    ./apps/portal/app/staff/projects/[projectId]/design-workbench/DesignWorkbenchFixtureClient.tsx [Server Component]
    ./apps/portal/app/qa/design-workbench-fixture/page.tsx [Server Component] @ http://localhost:3001/_next/static/chunks/node_modules_next_dist_0u_w_5s._.js:1945
[  283031ms] [ERROR] ./packages/geometry/src/house/composition/composeRoofFromComposition.ts:242:9
cannot reassign to a variable declared with `const`
  240 |         roofPolygonIsSimple(offset)
  241 |       ) {
> 242 |         eavePolygon = offset;
      |         ^^^^^^^^^^^
  243 |       }
  244 |     }
  245 |

Ecmascript file had an error

Import traces:
  Client Component Browser:
    ./packages/geometry/src/house/composition/composeRoofFromComposition.ts [Client Component Browser]
    ./apps/portal/lib/drawings/state/houseFormGeometryInput.ts [Client Component Browser]
    ./apps/portal/lib/drawings/state/objectWorkbenchStatusModel.ts [Client Component Browser]
    ./apps/portal/lib/drawings/state/drawingWorkbenchStore.ts [Client Component Browser]
    ./apps/portal/components/projects/ProjectPage/tabs/EstimatesTab.tsx [Client Component Browser]
    ./apps/portal/components/projects/ProjectPage/ProjectMainTabs.tsx [Client Component Browser]
    ./apps/portal/components/projects/ProjectPage/ProjectPageShell.tsx [Client Component Browser]
    ./apps/portal/components/projects/ProjectPage/ProjectPageFrame.tsx [Client Component Browser]
    ./apps/portal/app/staff/projects/[projectId]/ProjectSnapshotPageClient.tsx [Client Component Browser]
    ./apps/portal/app/staff/projects/[projectId]/ProjectSnapshotPageClient.tsx [Server Component]
    ./apps/portal/app/staff/projects/[projectId]/page.tsx [Server Component]

  Client Component SSR:
    ./packages/geometry/src/house/composition/composeRoofFromComposition.ts [Client Component SSR]
    ./apps/portal/lib/drawings/state/houseFormGeometryInput.ts [Client Component SSR]
    ./apps/portal/lib/drawings/state/objectWorkbenchStatusModel.ts [Client Component SSR]
    ./apps/portal/lib/drawings/state/drawingWorkbenchStore.ts [Client Component SSR]
    ./apps/portal/components/projects/ProjectPage/tabs/EstimatesTab.tsx [Client Component SSR]
    ./apps/portal/components/projects/ProjectPage/ProjectMainTabs.tsx [Client Component SSR]
    ./apps/portal/components/projects/ProjectPage/ProjectPageShell.tsx [Client Component SSR]
    ./apps/portal/components/projects/ProjectPage/ProjectPageFrame.tsx [Client Component SSR]
    ./apps/portal/app/staff/projects/[projectId]/ProjectSnapshotPageClient.tsx [Client Component SSR]
    ./apps/portal/app/staff/projects/[projectId]/ProjectSnapshotPageClient.tsx [Server Component]
    ./apps/portal/app/staff/projects/[projectId]/page.tsx [Server Component] @ http://localhost:3001/_next/static/chunks/node_modules_next_dist_0u_w_5s._.js:1945
[  283031ms] [ERROR] ./packages/geometry/src/house/composition/composeRoofFromComposition.ts:289:11
the name `eavePolygon` is defined multiple times
  287 |     // eliminates the noise without losing meaningful detail and lets
  288 |     // the wavefront produce clean topology on real composites.
> 289 |     const eavePolygon: Point3[] = unionPolygon.map((p) => ({
      |           ^^^^^^^^^^^
  290 |       x: Math.round(p.x),
  291 |       y: Math.round(p.y),
  292 |       z: 0,

Ecmascript file had an error

Import traces:
  Client Component Browser:
    ./packages/geometry/src/house/composition/composeRoofFromComposition.ts [Client Component Browser]
    ./apps/portal/lib/drawings/state/houseFormGeometryInput.ts [Client Component Browser]
    ./apps/portal/lib/drawings/state/objectWorkbenchStatusModel.ts [Client Component Browser]
    ./apps/portal/lib/drawings/state/drawingWorkbenchStore.ts [Client Component Browser]
    ./apps/portal/components/projects/ProjectPage/tabs/EstimatesTab.tsx [Client Component Browser]
    ./apps/portal/components/projects/ProjectPage/ProjectMainTabs.tsx [Client Component Browser]
    ./apps/portal/components/projects/ProjectPage/ProjectPageShell.tsx [Client Component Browser]
    ./apps/portal/components/projects/ProjectPage/ProjectPageFrame.tsx [Client Component Browser]
    ./apps/portal/app/staff/projects/[projectId]/ProjectSnapshotPageClient.tsx [Client Component Browser]
    ./apps/portal/app/staff/projects/[projectId]/ProjectSnapshotPageClient.tsx [Server Component]
    ./apps/portal/app/staff/projects/[projectId]/page.tsx [Server Component]

  Client Component SSR:
    ./packages/geometry/src/house/composition/composeRoofFromComposition.ts [Client Component SSR]
    ./apps/portal/lib/drawings/state/houseFormGeometryInput.ts [Client Component SSR]
    ./apps/portal/lib/drawings/state/objectWorkbenchStatusModel.ts [Client Component SSR]
    ./apps/portal/lib/drawings/state/drawingWorkbenchStore.ts [Client Component SSR]
    ./apps/portal/components/projects/ProjectPage/tabs/EstimatesTab.tsx [Client Component SSR]
    ./apps/portal/components/projects/ProjectPage/ProjectMainTabs.tsx [Client Component SSR]
    ./apps/portal/components/projects/ProjectPage/ProjectPageShell.tsx [Client Component SSR]
    ./apps/portal/components/projects/ProjectPage/ProjectPageFrame.tsx [Client Component SSR]
    ./apps/portal/app/staff/projects/[projectId]/ProjectSnapshotPageClient.tsx [Client Component SSR]
    ./apps/portal/app/staff/projects/[projectId]/ProjectSnapshotPageClient.tsx [Server Component]
    ./apps/portal/app/staff/projects/[projectId]/page.tsx [Server Component] @ http://localhost:3001/_next/static/chunks/node_modules_next_dist_0u_w_5s._.js:1945
[  283031ms] [ERROR] ./apps/portal/lib/drawings/state/houseFormGeometryInput.ts:202:9
the name `legacyEave` is defined multiple times
  200 |   // overhang yet), so the legacy union footprint serves as both the
  201 |   // footprint and the eave polygon.
> 202 |   const legacyEave = input.legacyModel.eave;
      |         ^^^^^^^^^^
  203 |   const roofArtifacts = buildHouseRoofEnvelopeArtifacts({
  204 |     footprint: input.legacyModel.footprint,
  205 |     eavePolygon: input.legacyModel.footprint,

Ecmascript file had an error

Import traces:
  Client Component Browser:
    ./apps/portal/lib/drawings/state/houseFormGeometryInput.ts [Client Component Browser]
    ./apps/portal/lib/drawings/state/objectWorkbenchStatusModel.ts [Client Component Browser]
    ./apps/portal/lib/drawings/state/drawingWorkbenchStore.ts [Client Component Browser]
    ./apps/portal/components/projects/ProjectPage/tabs/EstimatesTab.tsx [Client Component Browser]
    ./apps/portal/components/projects/ProjectPage/ProjectMainTabs.tsx [Client Component Browser]
    ./apps/portal/components/projects/ProjectPage/ProjectPageShell.tsx [Client Component Browser]
    ./apps/portal/components/projects/ProjectPage/ProjectPageFrame.tsx [Client Component Browser]
    ./apps/portal/app/staff/projects/[projectId]/ProjectSnapshotPageClient.tsx [Client Component Browser]
    ./apps/portal/app/staff/projects/[projectId]/ProjectSnapshotPageClient.tsx [Server Component]
    ./apps/portal/app/staff/projects/[projectId]/page.tsx [Server Component]

  Client Component SSR:
    ./apps/portal/lib/drawings/state/houseFormGeometryInput.ts [Client Component SSR]
    ./apps/portal/lib/drawings/state/objectWorkbenchStatusModel.ts [Client Component SSR]
    ./apps/portal/lib/drawings/state/drawingWorkbenchStore.ts [Client Component SSR]
    ./apps/portal/components/projects/ProjectPage/tabs/EstimatesTab.tsx [Client Component SSR]
    ./apps/portal/components/projects/ProjectPage/ProjectMainTabs.tsx [Client Component SSR]
    ./apps/portal/components/projects/ProjectPage/ProjectPageShell.tsx [Client Component SSR]
    ./apps/portal/components/projects/ProjectPage/ProjectPageFrame.tsx [Client Component SSR]
    ./apps/portal/app/staff/projects/[projectId]/ProjectSnapshotPageClient.tsx [Client Component SSR]
    ./apps/portal/app/staff/projects/[projectId]/ProjectSnapshotPageClient.tsx [Server Component]
    ./apps/portal/app/staff/projects/[projectId]/page.tsx [Server Component] @ http://localhost:3001/_next/static/chunks/node_modules_next_dist_0u_w_5s._.js:1945
[  283093ms] [ERROR] ./packages/geometry/src/house/composition/composeRoofFromComposition.ts:242:9
cannot reassign to a variable declared with `const`
  240 |         roofPolygonIsSimple(offset)
  241 |       ) {
> 242 |         eavePolygon = offset;
      |         ^^^^^^^^^^^
  243 |       }
  244 |     }
  245 |

Ecmascript file had an error

Import traces:
  Client Component Browser:
    ./packages/geometry/src/house/composition/composeRoofFromComposition.ts [Client Component Browser]
    ./apps/portal/lib/drawings/state/houseFormGeometryInput.ts [Client Component Browser]
    ./apps/portal/lib/drawings/state/objectWorkbenchStatusModel.ts [Client Component Browser]
    ./apps/portal/lib/drawings/state/drawingWorkbenchStore.ts [Client Component Browser]
    ./apps/portal/components/projects/ProjectPage/tabs/EstimatesTab.tsx [Client Component Browser]
    ./apps/portal/components/projects/ProjectPage/ProjectMainTabs.tsx [Client Component Browser]
    ./apps/portal/components/projects/ProjectPage/ProjectPageShell.tsx [Client Component Browser]
    ./apps/portal/components/projects/ProjectPage/ProjectPageFrame.tsx [Client Component Browser]
    ./apps/portal/app/staff/projects/[projectId]/ProjectSnapshotPageClient.tsx [Client Component Browser]
    ./apps/portal/app/staff/projects/[projectId]/ProjectSnapshotPageClient.tsx [Server Component]
    ./apps/portal/app/staff/projects/[projectId]/page.tsx [Server Component]

  Client Component SSR:
    ./packages/geometry/src/house/composition/composeRoofFromComposition.ts [Client Component SSR]
    ./apps/portal/lib/drawings/state/houseFormGeometryInput.ts [Client Component SSR]
    ./apps/portal/lib/drawings/state/objectWorkbenchStatusModel.ts [Client Component SSR]
    ./apps/portal/lib/drawings/state/drawingWorkbenchStore.ts [Client Component SSR]
    ./apps/portal/components/projects/ProjectPage/tabs/EstimatesTab.tsx [Client Component SSR]
    ./apps/portal/components/projects/ProjectPage/ProjectMainTabs.tsx [Client Component SSR]
    ./apps/portal/components/projects/ProjectPage/ProjectPageShell.tsx [Client Component SSR]
    ./apps/portal/components/projects/ProjectPage/ProjectPageFrame.tsx [Client Component SSR]
    ./apps/portal/app/staff/projects/[projectId]/ProjectSnapshotPageClient.tsx [Client Component SSR]
    ./apps/portal/app/staff/projects/[projectId]/ProjectSnapshotPageClient.tsx [Server Component]
    ./apps/portal/app/staff/projects/[projectId]/page.tsx [Server Component] @ http://localhost:3001/_next/static/chunks/node_modules_next_dist_0u_w_5s._.js:1945
[  283093ms] [ERROR] ./packages/geometry/src/house/composition/composeRoofFromComposition.ts:289:11
the name `eavePolygon` is defined multiple times
  287 |     // eliminates the noise without losing meaningful detail and lets
  288 |     // the wavefront produce clean topology on real composites.
> 289 |     const eavePolygon: Point3[] = unionPolygon.map((p) => ({
      |           ^^^^^^^^^^^
  290 |       x: Math.round(p.x),
  291 |       y: Math.round(p.y),
  292 |       z: 0,

Ecmascript file had an error

Import traces:
  Client Component Browser:
    ./packages/geometry/src/house/composition/composeRoofFromComposition.ts [Client Component Browser]
    ./apps/portal/lib/drawings/state/houseFormGeometryInput.ts [Client Component Browser]
    ./apps/portal/lib/drawings/state/objectWorkbenchStatusModel.ts [Client Component Browser]
    ./apps/portal/lib/drawings/state/drawingWorkbenchStore.ts [Client Component Browser]
    ./apps/portal/components/projects/ProjectPage/tabs/EstimatesTab.tsx [Client Component Browser]
    ./apps/portal/components/projects/ProjectPage/ProjectMainTabs.tsx [Client Component Browser]
    ./apps/portal/components/projects/ProjectPage/ProjectPageShell.tsx [Client Component Browser]
    ./apps/portal/components/projects/ProjectPage/ProjectPageFrame.tsx [Client Component Browser]
    ./apps/portal/app/staff/projects/[projectId]/ProjectSnapshotPageClient.tsx [Client Component Browser]
    ./apps/portal/app/staff/projects/[projectId]/ProjectSnapshotPageClient.tsx [Server Component]
    ./apps/portal/app/staff/projects/[projectId]/page.tsx [Server Component]

  Client Component SSR:
    ./packages/geometry/src/house/composition/composeRoofFromComposition.ts [Client Component SSR]
    ./apps/portal/lib/drawings/state/houseFormGeometryInput.ts [Client Component SSR]
    ./apps/portal/lib/drawings/state/objectWorkbenchStatusModel.ts [Client Component SSR]
    ./apps/portal/lib/drawings/state/drawingWorkbenchStore.ts [Client Component SSR]
    ./apps/portal/components/projects/ProjectPage/tabs/EstimatesTab.tsx [Client Component SSR]
    ./apps/portal/components/projects/ProjectPage/ProjectMainTabs.tsx [Client Component SSR]
    ./apps/portal/components/projects/ProjectPage/ProjectPageShell.tsx [Client Component SSR]
    ./apps/portal/components/projects/ProjectPage/ProjectPageFrame.tsx [Client Component SSR]
    ./apps/portal/app/staff/projects/[projectId]/ProjectSnapshotPageClient.tsx [Client Component SSR]
    ./apps/portal/app/staff/projects/[projectId]/ProjectSnapshotPageClient.tsx [Server Component]
    ./apps/portal/app/staff/projects/[projectId]/page.tsx [Server Component] @ http://localhost:3001/_next/static/chunks/node_modules_next_dist_0u_w_5s._.js:1945
[  283093ms] [ERROR] ./apps/portal/lib/drawings/state/houseFormGeometryInput.ts:202:9
the name `legacyEave` is defined multiple times
  200 |   // overhang yet), so the legacy union footprint serves as both the
  201 |   // footprint and the eave polygon.
> 202 |   const legacyEave = input.legacyModel.eave;
      |         ^^^^^^^^^^
  203 |   const roofArtifacts = buildHouseRoofEnvelopeArtifacts({
  204 |     footprint: input.legacyModel.footprint,
  205 |     eavePolygon: input.legacyModel.footprint,

Ecmascript file had an error

Import traces:
  Client Component Browser:
    ./apps/portal/lib/drawings/state/houseFormGeometryInput.ts [Client Component Browser]
    ./apps/portal/lib/drawings/state/objectWorkbenchStatusModel.ts [Client Component Browser]
    ./apps/portal/lib/drawings/state/drawingWorkbenchStore.ts [Client Component Browser]
    ./apps/portal/components/projects/ProjectPage/tabs/EstimatesTab.tsx [Client Component Browser]
    ./apps/portal/components/projects/ProjectPage/ProjectMainTabs.tsx [Client Component Browser]
    ./apps/portal/components/projects/ProjectPage/ProjectPageShell.tsx [Client Component Browser]
    ./apps/portal/components/projects/ProjectPage/ProjectPageFrame.tsx [Client Component Browser]
    ./apps/portal/app/staff/projects/[projectId]/ProjectSnapshotPageClient.tsx [Client Component Browser]
    ./apps/portal/app/staff/projects/[projectId]/ProjectSnapshotPageClient.tsx [Server Component]
    ./apps/portal/app/staff/projects/[projectId]/page.tsx [Server Component]

  Client Component SSR:
    ./apps/portal/lib/drawings/state/houseFormGeometryInput.ts [Client Component SSR]
    ./apps/portal/lib/drawings/state/objectWorkbenchStatusModel.ts [Client Component SSR]
    ./apps/portal/lib/drawings/state/drawingWorkbenchStore.ts [Client Component SSR]
    ./apps/portal/components/projects/ProjectPage/tabs/EstimatesTab.tsx [Client Component SSR]
    ./apps/portal/components/projects/ProjectPage/ProjectMainTabs.tsx [Client Component SSR]
    ./apps/portal/components/projects/ProjectPage/ProjectPageShell.tsx [Client Component SSR]
    ./apps/portal/components/projects/ProjectPage/ProjectPageFrame.tsx [Client Component SSR]
    ./apps/portal/app/staff/projects/[projectId]/ProjectSnapshotPageClient.tsx [Client Component SSR]
    ./apps/portal/app/staff/projects/[projectId]/ProjectSnapshotPageClient.tsx [Server Component]
    ./apps/portal/app/staff/projects/[projectId]/page.tsx [Server Component] @ http://localhost:3001/_next/static/chunks/node_modules_next_dist_0u_w_5s._.js:1945
[  283201ms] [ERROR] ./packages/geometry/src/house/composition/composeRoofFromComposition.ts:242:9
cannot reassign to a variable declared with `const`
  240 |         roofPolygonIsSimple(offset)
  241 |       ) {
> 242 |         eavePolygon = offset;
      |         ^^^^^^^^^^^
  243 |       }
  244 |     }
  245 |

Ecmascript file had an error

Import traces:
  Client Component Browser:
    ./packages/geometry/src/house/composition/composeRoofFromComposition.ts [Client Component Browser]
    ./apps/portal/lib/drawings/state/houseFormGeometryInput.ts [Client Component Browser]
    ./apps/portal/lib/drawings/state/objectWorkbenchStatusModel.ts [Client Component Browser]
    ./apps/portal/lib/drawings/state/drawingWorkbenchStore.ts [Client Component Browser]
    ./apps/portal/components/projects/ProjectPage/tabs/EstimatesTab.tsx [Client Component Browser]
    ./apps/portal/components/projects/ProjectPage/ProjectMainTabs.tsx [Client Component Browser]
    ./apps/portal/components/projects/ProjectPage/ProjectPageShell.tsx [Client Component Browser]
    ./apps/portal/components/projects/ProjectPage/ProjectPageFrame.tsx [Client Component Browser]
    ./apps/portal/app/staff/projects/[projectId]/ProjectSnapshotPageClient.tsx [Client Component Browser]
    ./apps/portal/app/staff/projects/[projectId]/ProjectSnapshotPageClient.tsx [Server Component]
    ./apps/portal/app/staff/projects/[projectId]/page.tsx [Server Component]

  Client Component SSR:
    ./packages/geometry/src/house/composition/composeRoofFromComposition.ts [Client Component SSR]
    ./apps/portal/lib/drawings/state/houseFormGeometryInput.ts [Client Component SSR]
    ./apps/portal/lib/drawings/state/objectWorkbenchStatusModel.ts [Client Component SSR]
    ./apps/portal/lib/drawings/state/drawingWorkbenchStore.ts [Client Component SSR]
    ./apps/portal/components/projects/ProjectPage/tabs/EstimatesTab.tsx [Client Component SSR]
    ./apps/portal/components/projects/ProjectPage/ProjectMainTabs.tsx [Client Component SSR]
    ./apps/portal/components/projects/ProjectPage/ProjectPageShell.tsx [Client Component SSR]
    ./apps/portal/components/projects/ProjectPage/ProjectPageFrame.tsx [Client Component SSR]
    ./apps/portal/app/staff/projects/[projectId]/ProjectSnapshotPageClient.tsx [Client Component SSR]
    ./apps/portal/app/staff/projects/[projectId]/ProjectSnapshotPageClient.tsx [Server Component]
    ./apps/portal/app/staff/projects/[projectId]/page.tsx [Server Component] @ http://localhost:3001/_next/static/chunks/node_modules_next_dist_0u_w_5s._.js:1945
[  283201ms] [ERROR] ./packages/geometry/src/house/composition/composeRoofFromComposition.ts:289:11
the name `eavePolygon` is defined multiple times
  287 |     // eliminates the noise without losing meaningful detail and lets
  288 |     // the wavefront produce clean topology on real composites.
> 289 |     const eavePolygon: Point3[] = unionPolygon.map((p) => ({
      |           ^^^^^^^^^^^
  290 |       x: Math.round(p.x),
  291 |       y: Math.round(p.y),
  292 |       z: 0,

Ecmascript file had an error

Import traces:
  Client Component Browser:
    ./packages/geometry/src/house/composition/composeRoofFromComposition.ts [Client Component Browser]
    ./apps/portal/lib/drawings/state/houseFormGeometryInput.ts [Client Component Browser]
    ./apps/portal/lib/drawings/state/objectWorkbenchStatusModel.ts [Client Component Browser]
    ./apps/portal/lib/drawings/state/drawingWorkbenchStore.ts [Client Component Browser]
    ./apps/portal/components/projects/ProjectPage/tabs/EstimatesTab.tsx [Client Component Browser]
    ./apps/portal/components/projects/ProjectPage/ProjectMainTabs.tsx [Client Component Browser]
    ./apps/portal/components/projects/ProjectPage/ProjectPageShell.tsx [Client Component Browser]
    ./apps/portal/components/projects/ProjectPage/ProjectPageFrame.tsx [Client Component Browser]
    ./apps/portal/app/staff/projects/[projectId]/ProjectSnapshotPageClient.tsx [Client Component Browser]
    ./apps/portal/app/staff/projects/[projectId]/ProjectSnapshotPageClient.tsx [Server Component]
    ./apps/portal/app/staff/projects/[projectId]/page.tsx [Server Component]

  Client Component SSR:
    ./packages/geometry/src/house/composition/composeRoofFromComposition.ts [Client Component SSR]
    ./apps/portal/lib/drawings/state/houseFormGeometryInput.ts [Client Component SSR]
    ./apps/portal/lib/drawings/state/objectWorkbenchStatusModel.ts [Client Component SSR]
    ./apps/portal/lib/drawings/state/drawingWorkbenchStore.ts [Client Component SSR]
    ./apps/portal/components/projects/ProjectPage/tabs/EstimatesTab.tsx [Client Component SSR]
    ./apps/portal/components/projects/ProjectPage/ProjectMainTabs.tsx [Client Component SSR]
    ./apps/portal/components/projects/ProjectPage/ProjectPageShell.tsx [Client Component SSR]
    ./apps/portal/components/projects/ProjectPage/ProjectPageFrame.tsx [Client Component SSR]
    ./apps/portal/app/staff/projects/[projectId]/ProjectSnapshotPageClient.tsx [Client Component SSR]
    ./apps/portal/app/staff/projects/[projectId]/ProjectSnapshotPageClient.tsx [Server Component]
    ./apps/portal/app/staff/projects/[projectId]/page.tsx [Server Component] @ http://localhost:3001/_next/static/chunks/node_modules_next_dist_0u_w_5s._.js:1945
[  283201ms] [ERROR] ./apps/portal/lib/drawings/state/houseFormGeometryInput.ts:202:9
the name `legacyEave` is defined multiple times
  200 |   // overhang yet), so the legacy union footprint serves as both the
  201 |   // footprint and the eave polygon.
> 202 |   const legacyEave = input.legacyModel.eave;
      |         ^^^^^^^^^^
  203 |   const roofArtifacts = buildHouseRoofEnvelopeArtifacts({
  204 |     footprint: input.legacyModel.footprint,
  205 |     eavePolygon: input.legacyModel.footprint,

Ecmascript file had an error

Import traces:
  Client Component Browser:
    ./apps/portal/lib/drawings/state/houseFormGeometryInput.ts [Client Component Browser]
    ./apps/portal/lib/drawings/state/objectWorkbenchStatusModel.ts [Client Component Browser]
    ./apps/portal/lib/drawings/state/drawingWorkbenchStore.ts [Client Component Browser]
    ./apps/portal/components/projects/ProjectPage/tabs/EstimatesTab.tsx [Client Component Browser]
    ./apps/portal/components/projects/ProjectPage/ProjectMainTabs.tsx [Client Component Browser]
    ./apps/portal/components/projects/ProjectPage/ProjectPageShell.tsx [Client Component Browser]
    ./apps/portal/components/projects/ProjectPage/ProjectPageFrame.tsx [Client Component Browser]
    ./apps/portal/app/staff/projects/[projectId]/ProjectSnapshotPageClient.tsx [Client Component Browser]
    ./apps/portal/app/staff/projects/[projectId]/ProjectSnapshotPageClient.tsx [Server Component]
    ./apps/portal/app/staff/projects/[projectId]/page.tsx [Server Component]

  Client Component SSR:
    ./apps/portal/lib/drawings/state/houseFormGeometryInput.ts [Client Component SSR]
    ./apps/portal/lib/drawings/state/objectWorkbenchStatusModel.ts [Client Component SSR]
    ./apps/portal/lib/drawings/state/drawingWorkbenchStore.ts [Client Component SSR]
    ./apps/portal/components/projects/ProjectPage/tabs/EstimatesTab.tsx [Client Component SSR]
    ./apps/portal/components/projects/ProjectPage/ProjectMainTabs.tsx [Client Component SSR]
    ./apps/portal/components/projects/ProjectPage/ProjectPageShell.tsx [Client Component SSR]
    ./apps/portal/components/projects/ProjectPage/ProjectPageFrame.tsx [Client Component SSR]
    ./apps/portal/app/staff/projects/[projectId]/ProjectSnapshotPageClient.tsx [Client Component SSR]
    ./apps/portal/app/staff/projects/[projectId]/ProjectSnapshotPageClient.tsx [Server Component]
    ./apps/portal/app/staff/projects/[projectId]/page.tsx [Server Component] @ http://localhost:3001/_next/static/chunks/node_modules_next_dist_0u_w_5s._.js:1945
[  283263ms] [ERROR] ./packages/geometry/src/house/composition/composeRoofFromComposition.ts:242:9
cannot reassign to a variable declared with `const`
  240 |         roofPolygonIsSimple(offset)
  241 |       ) {
> 242 |         eavePolygon = offset;
      |         ^^^^^^^^^^^
  243 |       }
  244 |     }
  245 |

Ecmascript file had an error

Import traces:
  Client Component Browser:
    ./packages/geometry/src/house/composition/composeRoofFromComposition.ts [Client Component Browser]
    ./apps/portal/lib/drawings/state/houseFormGeometryInput.ts [Client Component Browser]
    ./apps/portal/lib/drawings/state/objectWorkbenchStatusModel.ts [Client Component Browser]
    ./apps/portal/lib/drawings/state/drawingWorkbenchStore.ts [Client Component Browser]
    ./apps/portal/components/projects/ProjectPage/tabs/EstimatesTab.tsx [Client Component Browser]
    ./apps/portal/components/projects/ProjectPage/ProjectMainTabs.tsx [Client Component Browser]
    ./apps/portal/components/projects/ProjectPage/ProjectPageShell.tsx [Client Component Browser]
    ./apps/portal/components/projects/ProjectPage/ProjectPageFrame.tsx [Client Component Browser]
    ./apps/portal/app/staff/projects/[projectId]/ProjectSnapshotPageClient.tsx [Client Component Browser]
    ./apps/portal/app/staff/projects/[projectId]/ProjectSnapshotPageClient.tsx [Server Component]
    ./apps/portal/app/staff/projects/[projectId]/page.tsx [Server Component]

  Client Component SSR:
    ./packages/geometry/src/house/composition/composeRoofFromComposition.ts [Client Component SSR]
    ./apps/portal/lib/drawings/state/houseFormGeometryInput.ts [Client Component SSR]
    ./apps/portal/lib/drawings/state/objectWorkbenchStatusModel.ts [Client Component SSR]
    ./apps/portal/lib/drawings/state/drawingWorkbenchStore.ts [Client Component SSR]
    ./apps/portal/components/projects/ProjectPage/tabs/EstimatesTab.tsx [Client Component SSR]
    ./apps/portal/components/projects/ProjectPage/ProjectMainTabs.tsx [Client Component SSR]
    ./apps/portal/components/projects/ProjectPage/ProjectPageShell.tsx [Client Component SSR]
    ./apps/portal/components/projects/ProjectPage/ProjectPageFrame.tsx [Client Component SSR]
    ./apps/portal/app/staff/projects/[projectId]/ProjectSnapshotPageClient.tsx [Client Component SSR]
    ./apps/portal/app/staff/projects/[projectId]/ProjectSnapshotPageClient.tsx [Server Component]
    ./apps/portal/app/staff/projects/[projectId]/page.tsx [Server Component] @ http://localhost:3001/_next/static/chunks/node_modules_next_dist_0u_w_5s._.js:1945
[  283263ms] [ERROR] ./packages/geometry/src/house/composition/composeRoofFromComposition.ts:289:11
the name `eavePolygon` is defined multiple times
  287 |     // eliminates the noise without losing meaningful detail and lets
  288 |     // the wavefront produce clean topology on real composites.
> 289 |     const eavePolygon: Point3[] = unionPolygon.map((p) => ({
      |           ^^^^^^^^^^^
  290 |       x: Math.round(p.x),
  291 |       y: Math.round(p.y),
  292 |       z: 0,

Ecmascript file had an error

Import traces:
  Client Component Browser:
    ./packages/geometry/src/house/composition/composeRoofFromComposition.ts [Client Component Browser]
    ./apps/portal/lib/drawings/state/houseFormGeometryInput.ts [Client Component Browser]
    ./apps/portal/lib/drawings/state/objectWorkbenchStatusModel.ts [Client Component Browser]
    ./apps/portal/lib/drawings/state/drawingWorkbenchStore.ts [Client Component Browser]
    ./apps/portal/components/projects/ProjectPage/tabs/EstimatesTab.tsx [Client Component Browser]
    ./apps/portal/components/projects/ProjectPage/ProjectMainTabs.tsx [Client Component Browser]
    ./apps/portal/components/projects/ProjectPage/ProjectPageShell.tsx [Client Component Browser]
    ./apps/portal/components/projects/ProjectPage/ProjectPageFrame.tsx [Client Component Browser]
    ./apps/portal/app/staff/projects/[projectId]/ProjectSnapshotPageClient.tsx [Client Component Browser]
    ./apps/portal/app/staff/projects/[projectId]/ProjectSnapshotPageClient.tsx [Server Component]
    ./apps/portal/app/staff/projects/[projectId]/page.tsx [Server Component]

  Client Component SSR:
    ./packages/geometry/src/house/composition/composeRoofFromComposition.ts [Client Component SSR]
    ./apps/portal/lib/drawings/state/houseFormGeometryInput.ts [Client Component SSR]
    ./apps/portal/lib/drawings/state/objectWorkbenchStatusModel.ts [Client Component SSR]
    ./apps/portal/lib/drawings/state/drawingWorkbenchStore.ts [Client Component SSR]
    ./apps/portal/components/projects/ProjectPage/tabs/EstimatesTab.tsx [Client Component SSR]
    ./apps/portal/components/projects/ProjectPage/ProjectMainTabs.tsx [Client Component SSR]
    ./apps/portal/components/projects/ProjectPage/ProjectPageShell.tsx [Client Component SSR]
    ./apps/portal/components/projects/ProjectPage/ProjectPageFrame.tsx [Client Component SSR]
    ./apps/portal/app/staff/projects/[projectId]/ProjectSnapshotPageClient.tsx [Client Component SSR]
    ./apps/portal/app/staff/projects/[projectId]/ProjectSnapshotPageClient.tsx [Server Component]
    ./apps/portal/app/staff/projects/[projectId]/page.tsx [Server Component] @ http://localhost:3001/_next/static/chunks/node_modules_next_dist_0u_w_5s._.js:1945
[  283263ms] [ERROR] ./apps/portal/lib/drawings/state/houseFormGeometryInput.ts:202:9
the name `legacyEave` is defined multiple times
  200 |   // overhang yet), so the legacy union footprint serves as both the
  201 |   // footprint and the eave polygon.
> 202 |   const legacyEave = input.legacyModel.eave;
      |         ^^^^^^^^^^
  203 |   const roofArtifacts = buildHouseRoofEnvelopeArtifacts({
  204 |     footprint: input.legacyModel.footprint,
  205 |     eavePolygon: input.legacyModel.footprint,

Ecmascript file had an error

Import traces:
  Client Component Browser:
    ./apps/portal/lib/drawings/state/houseFormGeometryInput.ts [Client Component Browser]
    ./apps/portal/lib/drawings/state/objectWorkbenchStatusModel.ts [Client Component Browser]
    ./apps/portal/lib/drawings/state/drawingWorkbenchStore.ts [Client Component Browser]
    ./apps/portal/components/projects/ProjectPage/tabs/EstimatesTab.tsx [Client Component Browser]
    ./apps/portal/components/projects/ProjectPage/ProjectMainTabs.tsx [Client Component Browser]
    ./apps/portal/components/projects/ProjectPage/ProjectPageShell.tsx [Client Component Browser]
    ./apps/portal/components/projects/ProjectPage/ProjectPageFrame.tsx [Client Component Browser]
    ./apps/portal/app/staff/projects/[projectId]/ProjectSnapshotPageClient.tsx [Client Component Browser]
    ./apps/portal/app/staff/projects/[projectId]/ProjectSnapshotPageClient.tsx [Server Component]
    ./apps/portal/app/staff/projects/[projectId]/page.tsx [Server Component]

  Client Component SSR:
    ./apps/portal/lib/drawings/state/houseFormGeometryInput.ts [Client Component SSR]
    ./apps/portal/lib/drawings/state/objectWorkbenchStatusModel.ts [Client Component SSR]
    ./apps/portal/lib/drawings/state/drawingWorkbenchStore.ts [Client Component SSR]
    ./apps/portal/components/projects/ProjectPage/tabs/EstimatesTab.tsx [Client Component SSR]
    ./apps/portal/components/projects/ProjectPage/ProjectMainTabs.tsx [Client Component SSR]
    ./apps/portal/components/projects/ProjectPage/ProjectPageShell.tsx [Client Component SSR]
    ./apps/portal/components/projects/ProjectPage/ProjectPageFrame.tsx [Client Component SSR]
    ./apps/portal/app/staff/projects/[projectId]/ProjectSnapshotPageClient.tsx [Client Component SSR]
    ./apps/portal/app/staff/projects/[projectId]/ProjectSnapshotPageClient.tsx [Server Component]
    ./apps/portal/app/staff/projects/[projectId]/page.tsx [Server Component] @ http://localhost:3001/_next/static/chunks/node_modules_next_dist_0u_w_5s._.js:1945
[  283325ms] [LOG] [Fast Refresh] rebuilding @ http://localhost:3001/_next/static/chunks/node_modules_next_dist_0u_w_5s._.js:1226
[  296855ms] [LOG] [Fast Refresh] rebuilding @ http://localhost:3001/_next/static/chunks/node_modules_next_dist_0u_w_5s._.js:1226
[  297496ms] [ERROR] ./packages/geometry/src/house/composition/composeRoofFromComposition.ts:242:9
cannot reassign to a variable declared with `const`
  240 |         roofPolygonIsSimple(offset)
  241 |       ) {
> 242 |         eavePolygon = offset;
      |         ^^^^^^^^^^^
  243 |       }
  244 |     }
  245 |

Ecmascript file had an error

Import traces:
  Client Component Browser:
    ./packages/geometry/src/house/composition/composeRoofFromComposition.ts [Client Component Browser]
    ./apps/portal/lib/drawings/state/houseFormGeometryInput.ts [Client Component Browser]
    ./apps/portal/lib/drawings/state/objectWorkbenchStatusModel.ts [Client Component Browser]
    ./apps/portal/lib/drawings/state/drawingWorkbenchStore.ts [Client Component Browser]
    ./apps/portal/components/projects/ProjectPage/tabs/EstimatesTab.tsx [Client Component Browser]
    ./apps/portal/components/projects/ProjectPage/ProjectMainTabs.tsx [Client Component Browser]
    ./apps/portal/components/projects/ProjectPage/ProjectPageShell.tsx [Client Component Browser]
    ./apps/portal/components/projects/ProjectPage/ProjectPageFrame.tsx [Client Component Browser]
    ./apps/portal/app/staff/projects/[projectId]/ProjectSnapshotPageClient.tsx [Client Component Browser]
    ./apps/portal/app/staff/projects/[projectId]/ProjectSnapshotPageClient.tsx [Server Component]
    ./apps/portal/app/staff/projects/[projectId]/page.tsx [Server Component]

  Client Component SSR:
    ./packages/geometry/src/house/composition/composeRoofFromComposition.ts [Client Component SSR]
    ./apps/portal/lib/drawings/state/houseFormGeometryInput.ts [Client Component SSR]
    ./apps/portal/lib/drawings/state/objectWorkbenchStatusModel.ts [Client Component SSR]
    ./apps/portal/lib/drawings/state/drawingWorkbenchStore.ts [Client Component SSR]
    ./apps/portal/components/projects/ProjectPage/tabs/EstimatesTab.tsx [Client Component SSR]
    ./apps/portal/components/projects/ProjectPage/ProjectMainTabs.tsx [Client Component SSR]
    ./apps/portal/components/projects/ProjectPage/ProjectPageShell.tsx [Client Component SSR]
    ./apps/portal/components/projects/ProjectPage/ProjectPageFrame.tsx [Client Component SSR]
    ./apps/portal/app/staff/projects/[projectId]/ProjectSnapshotPageClient.tsx [Client Component SSR]
    ./apps/portal/app/staff/projects/[projectId]/ProjectSnapshotPageClient.tsx [Server Component]
    ./apps/portal/app/staff/projects/[projectId]/page.tsx [Server Component] @ http://localhost:3001/_next/static/chunks/node_modules_next_dist_0u_w_5s._.js:1945
[  297496ms] [ERROR] ./packages/geometry/src/house/composition/composeRoofFromComposition.ts:289:11
the name `eavePolygon` is defined multiple times
  287 |     // eliminates the noise without losing meaningful detail and lets
  288 |     // the wavefront produce clean topology on real composites.
> 289 |     const eavePolygon: Point3[] = unionPolygon.map((p) => ({
      |           ^^^^^^^^^^^
  290 |       x: Math.round(p.x),
  291 |       y: Math.round(p.y),
  292 |       z: 0,

Ecmascript file had an error

Import traces:
  Client Component Browser:
    ./packages/geometry/src/house/composition/composeRoofFromComposition.ts [Client Component Browser]
    ./apps/portal/lib/drawings/state/houseFormGeometryInput.ts [Client Component Browser]
    ./apps/portal/lib/drawings/state/objectWorkbenchStatusModel.ts [Client Component Browser]
    ./apps/portal/lib/drawings/state/drawingWorkbenchStore.ts [Client Component Browser]
    ./apps/portal/components/projects/ProjectPage/tabs/EstimatesTab.tsx [Client Component Browser]
    ./apps/portal/components/projects/ProjectPage/ProjectMainTabs.tsx [Client Component Browser]
    ./apps/portal/components/projects/ProjectPage/ProjectPageShell.tsx [Client Component Browser]
    ./apps/portal/components/projects/ProjectPage/ProjectPageFrame.tsx [Client Component Browser]
    ./apps/portal/app/staff/projects/[projectId]/ProjectSnapshotPageClient.tsx [Client Component Browser]
    ./apps/portal/app/staff/projects/[projectId]/ProjectSnapshotPageClient.tsx [Server Component]
    ./apps/portal/app/staff/projects/[projectId]/page.tsx [Server Component]

  Client Component SSR:
    ./packages/geometry/src/house/composition/composeRoofFromComposition.ts [Client Component SSR]
    ./apps/portal/lib/drawings/state/houseFormGeometryInput.ts [Client Component SSR]
    ./apps/portal/lib/drawings/state/objectWorkbenchStatusModel.ts [Client Component SSR]
    ./apps/portal/lib/drawings/state/drawingWorkbenchStore.ts [Client Component SSR]
    ./apps/portal/components/projects/ProjectPage/tabs/EstimatesTab.tsx [Client Component SSR]
    ./apps/portal/components/projects/ProjectPage/ProjectMainTabs.tsx [Client Component SSR]
    ./apps/portal/components/projects/ProjectPage/ProjectPageShell.tsx [Client Component SSR]
    ./apps/portal/components/projects/ProjectPage/ProjectPageFrame.tsx [Client Component SSR]
    ./apps/portal/app/staff/projects/[projectId]/ProjectSnapshotPageClient.tsx [Client Component SSR]
    ./apps/portal/app/staff/projects/[projectId]/ProjectSnapshotPageClient.tsx [Server Component]
    ./apps/portal/app/staff/projects/[projectId]/page.tsx [Server Component] @ http://localhost:3001/_next/static/chunks/node_modules_next_dist_0u_w_5s._.js:1945
[  297496ms] [ERROR] ./apps/portal/lib/drawings/state/houseFormGeometryInput.ts:209:9
the name `legacyEave` is defined multiple times
  207 |   // overhang yet), so the legacy union footprint serves as both the
  208 |   // footprint and the eave polygon.
> 209 |   const legacyEave = input.legacyModel.eave;
      |         ^^^^^^^^^^
  210 |   const roofArtifacts = buildHouseRoofEnvelopeArtifacts({
  211 |     footprint: input.legacyModel.footprint,
  212 |     eavePolygon: input.legacyModel.footprint,

Ecmascript file had an error

Import traces:
  Client Component Browser:
    ./apps/portal/lib/drawings/state/houseFormGeometryInput.ts [Client Component Browser]
    ./apps/portal/lib/drawings/state/objectWorkbenchStatusModel.ts [Client Component Browser]
    ./apps/portal/lib/drawings/state/drawingWorkbenchStore.ts [Client Component Browser]
    ./apps/portal/components/projects/ProjectPage/tabs/EstimatesTab.tsx [Client Component Browser]
    ./apps/portal/components/projects/ProjectPage/ProjectMainTabs.tsx [Client Component Browser]
    ./apps/portal/components/projects/ProjectPage/ProjectPageShell.tsx [Client Component Browser]
    ./apps/portal/components/projects/ProjectPage/ProjectPageFrame.tsx [Client Component Browser]
    ./apps/portal/app/staff/projects/[projectId]/ProjectSnapshotPageClient.tsx [Client Component Browser]
    ./apps/portal/app/staff/projects/[projectId]/ProjectSnapshotPageClient.tsx [Server Component]
    ./apps/portal/app/staff/projects/[projectId]/page.tsx [Server Component]

  Client Component SSR:
    ./apps/portal/lib/drawings/state/houseFormGeometryInput.ts [Client Component SSR]
    ./apps/portal/lib/drawings/state/objectWorkbenchStatusModel.ts [Client Component SSR]
    ./apps/portal/lib/drawings/state/drawingWorkbenchStore.ts [Client Component SSR]
    ./apps/portal/components/projects/ProjectPage/tabs/EstimatesTab.tsx [Client Component SSR]
    ./apps/portal/components/projects/ProjectPage/ProjectMainTabs.tsx [Client Component SSR]
    ./apps/portal/components/projects/ProjectPage/ProjectPageShell.tsx [Client Component SSR]
    ./apps/portal/components/projects/ProjectPage/ProjectPageFrame.tsx [Client Component SSR]
    ./apps/portal/app/staff/projects/[projectId]/ProjectSnapshotPageClient.tsx [Client Component SSR]
    ./apps/portal/app/staff/projects/[projectId]/ProjectSnapshotPageClient.tsx [Server Component]
    ./apps/portal/app/staff/projects/[projectId]/page.tsx [Server Component] @ http://localhost:3001/_next/static/chunks/node_modules_next_dist_0u_w_5s._.js:1945
[  298253ms] [ERROR] Failed to load resource: the server responded with a status of 500 (Internal Server Error) @ http://localhost:3001/staff/projects/proj_cf4afb59-b72c-4b11-b39f-9e04f4684163/design-workbench:0
[  298273ms] [INFO] %cDownload the React DevTools for a better development experience: https://react.dev/link/react-devtools font-weight:bold @ http://localhost:3001/_next/static/chunks/node_modules_react-dom_0bruynb._.js:14107
[  298282ms] [ERROR] Refused to execute script from 'http://localhost:3001/_next/static/development/_clientMiddlewareManifest.js' because its MIME type ('application/json') is not executable, and strict MIME type checking is enabled. @ http://localhost:3001/staff/projects/proj_cf4afb59-b72c-4b11-b39f-9e04f4684163/design-workbench:0
[  298283ms] Error: ./packages/geometry/src/house/composition/composeRoofFromComposition.ts:242:9
cannot reassign to a variable declared with `const`
  240 |         roofPolygonIsSimple(offset)
  241 |       ) {
> 242 |         eavePolygon = offset;
      |         ^^^^^^^^^^^
  243 |       }
  244 |     }
  245 |

Ecmascript file had an error

Import traces:
  Client Component Browser:
    ./packages/geometry/src/house/composition/composeRoofFromComposition.ts [Client Component Browser]
    ./apps/portal/lib/drawings/state/houseFormGeometryInput.ts [Client Component Browser]
    ./apps/portal/lib/drawings/state/objectWorkbenchStatusModel.ts [Client Component Browser]
    ./apps/portal/lib/drawings/state/drawingWorkbenchStore.ts [Client Component Browser]
    ./apps/portal/components/projects/ProjectPage/tabs/EstimatesTab.tsx [Client Component Browser]
    ./apps/portal/components/projects/ProjectPage/ProjectMainTabs.tsx [Client Component Browser]
    ./apps/portal/components/projects/ProjectPage/ProjectPageShell.tsx [Client Component Browser]
    ./apps/portal/components/projects/ProjectPage/ProjectPageFrame.tsx [Client Component Browser]
    ./apps/portal/app/staff/projects/[projectId]/ProjectSnapshotPageClient.tsx [Client Component Browser]
    ./apps/portal/app/staff/projects/[projectId]/ProjectSnapshotPageClient.tsx [Server Component]
    ./apps/portal/app/staff/projects/[projectId]/page.tsx [Server Component]

  Client Component SSR:
    ./packages/geometry/src/house/composition/composeRoofFromComposition.ts [Client Component SSR]
    ./apps/portal/lib/drawings/state/houseFormGeometryInput.ts [Client Component SSR]
    ./apps/portal/lib/drawings/state/objectWorkbenchStatusModel.ts [Client Component SSR]
    ./apps/portal/lib/drawings/state/drawingWorkbenchStore.ts [Client Component SSR]
    ./apps/portal/components/projects/ProjectPage/tabs/EstimatesTab.tsx [Client Component SSR]
    ./apps/portal/components/projects/ProjectPage/ProjectMainTabs.tsx [Client Component SSR]
    ./apps/portal/components/projects/ProjectPage/ProjectPageShell.tsx [Client Component SSR]
    ./apps/portal/components/projects/ProjectPage/ProjectPageFrame.tsx [Client Component SSR]
    ./apps/portal/app/staff/projects/[projectId]/ProjectSnapshotPageClient.tsx [Client Component SSR]
    ./apps/portal/app/staff/projects/[projectId]/ProjectSnapshotPageClient.tsx [Server Component]
    ./apps/portal/app/staff/projects/[projectId]/page.tsx [Server Component]


    at <unknown> (Error: ./packages/geometry/src/house/composition/composeRoofFromComposition.ts:242:9)
    at Object.getCompilationErrors (file://C:\Users\Jorda\OneDrive\Documents\GitHub\sanctuary\node_modules\next\dist\server\dev\hot-reloader-turbopack.js:1186:59)
    at DevBundlerService.getCompilationError (file://C:\Users\Jorda\OneDrive\Documents\GitHub\sanctuary\node_modules\next\dist\server\lib\dev-bundler-service.js:44:55)
    at DevServer.getCompilationError (file://C:\Users\Jorda\OneDrive\Documents\GitHub\sanctuary\node_modules\next\dist\server\dev\next-dev-server.js:719:42)
    at DevServer.findPageComponents (file://C:\Users\Jorda\OneDrive\Documents\GitHub\sanctuary\node_modules\next\dist\server\dev\next-dev-server.js:689:43)
    at async DevServer.renderErrorToResponseImpl (file://C:\Users\Jorda\OneDrive\Documents\GitHub\sanctuary\node_modules\next\dist\server\base-server.js:1745:26)
[  298284ms] [LOG] [HMR] connected @ http://localhost:3001/_next/static/chunks/node_modules_next_dist_0u_w_5s._.js:1226
[  298286ms] [ERROR] ./packages/geometry/src/house/composition/composeRoofFromComposition.ts:242:9
cannot reassign to a variable declared with `const`
  240 |         roofPolygonIsSimple(offset)
  241 |       ) {
> 242 |         eavePolygon = offset;
      |         ^^^^^^^^^^^
  243 |       }
  244 |     }
  245 |

Ecmascript file had an error

Import traces:
  Client Component Browser:
    ./packages/geometry/src/house/composition/composeRoofFromComposition.ts [Client Component Browser]
    ./apps/portal/lib/drawings/state/houseFormGeometryInput.ts [Client Component Browser]
    ./apps/portal/lib/drawings/state/objectWorkbenchStatusModel.ts [Client Component Browser]
    ./apps/portal/lib/drawings/state/drawingWorkbenchStore.ts [Client Component Browser]
    ./apps/portal/components/projects/ProjectPage/tabs/EstimatesTab.tsx [Client Component Browser]
    ./apps/portal/components/projects/ProjectPage/ProjectMainTabs.tsx [Client Component Browser]
    ./apps/portal/components/projects/ProjectPage/ProjectPageShell.tsx [Client Component Browser]
    ./apps/portal/components/projects/ProjectPage/ProjectPageFrame.tsx [Client Component Browser]
    ./apps/portal/app/staff/projects/[projectId]/ProjectSnapshotPageClient.tsx [Client Component Browser]
    ./apps/portal/app/staff/projects/[projectId]/ProjectSnapshotPageClient.tsx [Server Component]
    ./apps/portal/app/staff/projects/[projectId]/page.tsx [Server Component]

  Client Component SSR:
    ./packages/geometry/src/house/composition/composeRoofFromComposition.ts [Client Component SSR]
    ./apps/portal/lib/drawings/state/houseFormGeometryInput.ts [Client Component SSR]
    ./apps/portal/lib/drawings/state/objectWorkbenchStatusModel.ts [Client Component SSR]
    ./apps/portal/lib/drawings/state/drawingWorkbenchStore.ts [Client Component SSR]
    ./apps/portal/components/projects/ProjectPage/tabs/EstimatesTab.tsx [Client Component SSR]
    ./apps/portal/components/projects/ProjectPage/ProjectMainTabs.tsx [Client Component SSR]
    ./apps/portal/components/projects/ProjectPage/ProjectPageShell.tsx [Client Component SSR]
    ./apps/portal/components/projects/ProjectPage/ProjectPageFrame.tsx [Client Component SSR]
    ./apps/portal/app/staff/projects/[projectId]/ProjectSnapshotPageClient.tsx [Client Component SSR]
    ./apps/portal/app/staff/projects/[projectId]/ProjectSnapshotPageClient.tsx [Server Component]
    ./apps/portal/app/staff/projects/[projectId]/page.tsx [Server Component] @ http://localhost:3001/_next/static/chunks/node_modules_next_dist_0u_w_5s._.js:1945
[  298286ms] [ERROR] ./packages/geometry/src/house/composition/composeRoofFromComposition.ts:289:11
the name `eavePolygon` is defined multiple times
  287 |     // eliminates the noise without losing meaningful detail and lets
  288 |     // the wavefront produce clean topology on real composites.
> 289 |     const eavePolygon: Point3[] = unionPolygon.map((p) => ({
      |           ^^^^^^^^^^^
  290 |       x: Math.round(p.x),
  291 |       y: Math.round(p.y),
  292 |       z: 0,

Ecmascript file had an error

Import traces:
  Client Component Browser:
    ./packages/geometry/src/house/composition/composeRoofFromComposition.ts [Client Component Browser]
    ./apps/portal/lib/drawings/state/houseFormGeometryInput.ts [Client Component Browser]
    ./apps/portal/lib/drawings/state/objectWorkbenchStatusModel.ts [Client Component Browser]
    ./apps/portal/lib/drawings/state/drawingWorkbenchStore.ts [Client Component Browser]
    ./apps/portal/components/projects/ProjectPage/tabs/EstimatesTab.tsx [Client Component Browser]
    ./apps/portal/components/projects/ProjectPage/ProjectMainTabs.tsx [Client Component Browser]
    ./apps/portal/components/projects/ProjectPage/ProjectPageShell.tsx [Client Component Browser]
    ./apps/portal/components/projects/ProjectPage/ProjectPageFrame.tsx [Client Component Browser]
    ./apps/portal/app/staff/projects/[projectId]/ProjectSnapshotPageClient.tsx [Client Component Browser]
    ./apps/portal/app/staff/projects/[projectId]/ProjectSnapshotPageClient.tsx [Server Component]
    ./apps/portal/app/staff/projects/[projectId]/page.tsx [Server Component]

  Client Component SSR:
    ./packages/geometry/src/house/composition/composeRoofFromComposition.ts [Client Component SSR]
    ./apps/portal/lib/drawings/state/houseFormGeometryInput.ts [Client Component SSR]
    ./apps/portal/lib/drawings/state/objectWorkbenchStatusModel.ts [Client Component SSR]
    ./apps/portal/lib/drawings/state/drawingWorkbenchStore.ts [Client Component SSR]
    ./apps/portal/components/projects/ProjectPage/tabs/EstimatesTab.tsx [Client Component SSR]
    ./apps/portal/components/projects/ProjectPage/ProjectMainTabs.tsx [Client Component SSR]
    ./apps/portal/components/projects/ProjectPage/ProjectPageShell.tsx [Client Component SSR]
    ./apps/portal/components/projects/ProjectPage/ProjectPageFrame.tsx [Client Component SSR]
    ./apps/portal/app/staff/projects/[projectId]/ProjectSnapshotPageClient.tsx [Client Component SSR]
    ./apps/portal/app/staff/projects/[projectId]/ProjectSnapshotPageClient.tsx [Server Component]
    ./apps/portal/app/staff/projects/[projectId]/page.tsx [Server Component] @ http://localhost:3001/_next/static/chunks/node_modules_next_dist_0u_w_5s._.js:1945
[  298286ms] [ERROR] ./apps/portal/lib/drawings/state/houseFormGeometryInput.ts:209:9
the name `legacyEave` is defined multiple times
  207 |   // overhang yet), so the legacy union footprint serves as both the
  208 |   // footprint and the eave polygon.
> 209 |   const legacyEave = input.legacyModel.eave;
      |         ^^^^^^^^^^
  210 |   const roofArtifacts = buildHouseRoofEnvelopeArtifacts({
  211 |     footprint: input.legacyModel.footprint,
  212 |     eavePolygon: input.legacyModel.footprint,

Ecmascript file had an error

Import traces:
  Client Component Browser:
    ./apps/portal/lib/drawings/state/houseFormGeometryInput.ts [Client Component Browser]
    ./apps/portal/lib/drawings/state/objectWorkbenchStatusModel.ts [Client Component Browser]
    ./apps/portal/lib/drawings/state/drawingWorkbenchStore.ts [Client Component Browser]
    ./apps/portal/components/projects/ProjectPage/tabs/EstimatesTab.tsx [Client Component Browser]
    ./apps/portal/components/projects/ProjectPage/ProjectMainTabs.tsx [Client Component Browser]
    ./apps/portal/components/projects/ProjectPage/ProjectPageShell.tsx [Client Component Browser]
    ./apps/portal/components/projects/ProjectPage/ProjectPageFrame.tsx [Client Component Browser]
    ./apps/portal/app/staff/projects/[projectId]/ProjectSnapshotPageClient.tsx [Client Component Browser]
    ./apps/portal/app/staff/projects/[projectId]/ProjectSnapshotPageClient.tsx [Server Component]
    ./apps/portal/app/staff/projects/[projectId]/page.tsx [Server Component]

  Client Component SSR:
    ./apps/portal/lib/drawings/state/houseFormGeometryInput.ts [Client Component SSR]
    ./apps/portal/lib/drawings/state/objectWorkbenchStatusModel.ts [Client Component SSR]
    ./apps/portal/lib/drawings/state/drawingWorkbenchStore.ts [Client Component SSR]
    ./apps/portal/components/projects/ProjectPage/tabs/EstimatesTab.tsx [Client Component SSR]
    ./apps/portal/components/projects/ProjectPage/ProjectMainTabs.tsx [Client Component SSR]
    ./apps/portal/components/projects/ProjectPage/ProjectPageShell.tsx [Client Component SSR]
    ./apps/portal/components/projects/ProjectPage/ProjectPageFrame.tsx [Client Component SSR]
    ./apps/portal/app/staff/projects/[projectId]/ProjectSnapshotPageClient.tsx [Client Component SSR]
    ./apps/portal/app/staff/projects/[projectId]/ProjectSnapshotPageClient.tsx [Server Component]
    ./apps/portal/app/staff/projects/[projectId]/page.tsx [Server Component] @ http://localhost:3001/_next/static/chunks/node_modules_next_dist_0u_w_5s._.js:1945
[  298286ms] [ERROR] ./packages/geometry/src/house/composition/composeRoofFromComposition.ts:242:9
cannot reassign to a variable declared with `const`
  240 |         roofPolygonIsSimple(offset)
  241 |       ) {
> 242 |         eavePolygon = offset;
      |         ^^^^^^^^^^^
  243 |       }
  244 |     }
  245 |

Ecmascript file had an error

Import traces:
  Client Component Browser:
    ./packages/geometry/src/house/composition/composeRoofFromComposition.ts [Client Component Browser]
    ./apps/portal/lib/drawings/state/houseFormGeometryInput.ts [Client Component Browser]
    ./apps/portal/lib/drawings/state/objectWorkbenchStatusModel.ts [Client Component Browser]
    ./apps/portal/lib/drawings/state/drawingWorkbenchStore.ts [Client Component Browser]
    ./apps/portal/app/staff/projects/[projectId]/design-workbench/DesignWorkbenchEstimateClient.tsx [Client Component Browser]
    ./apps/portal/app/staff/projects/[projectId]/design-workbench/DesignWorkbenchEstimateClient.tsx [Server Component]
    ./apps/portal/app/staff/projects/[projectId]/design-workbench/page.tsx [Server Component]

  Client Component SSR:
    ./packages/geometry/src/house/composition/composeRoofFromComposition.ts [Client Component SSR]
    ./apps/portal/lib/drawings/state/houseFormGeometryInput.ts [Client Component SSR]
    ./apps/portal/lib/drawings/state/objectWorkbenchStatusModel.ts [Client Component SSR]
    ./apps/portal/lib/drawings/state/drawingWorkbenchStore.ts [Client Component SSR]
    ./apps/portal/app/staff/projects/[projectId]/design-workbench/DesignWorkbenchEstimateClient.tsx [Client Component SSR]
    ./apps/portal/app/staff/projects/[projectId]/design-workbench/DesignWorkbenchEstimateClient.tsx [Server Component]
    ./apps/portal/app/staff/projects/[projectId]/design-workbench/page.tsx [Server Component]

  Server Component:
    ./packages/geometry/src/house/composition/composeRoofFromComposition.ts
    ./packages/geometry/src/house/composition/index.ts
    ./packages/geometry/src/index.ts
    ./apps/portal/lib/estimates/drawingEdits.ts
    ./apps/portal/lib/drawings/sanctuaryWorkbenchMultiObjectFixtures.ts
    ./apps/portal/lib/drawings/sanctuaryWorkbenchFixtures.ts
    ./apps/portal/app/staff/projects/[projectId]/design-workbench/page.tsx @ http://localhost:3001/_next/static/chunks/node_modules_next_dist_0u_w_5s._.js:1945
[  298286ms] [ERROR] ./packages/geometry/src/house/composition/composeRoofFromComposition.ts:289:11
the name `eavePolygon` is defined multiple times
  287 |     // eliminates the noise without losing meaningful detail and lets
  288 |     // the wavefront produce clean topology on real composites.
> 289 |     const eavePolygon: Point3[] = unionPolygon.map((p) => ({
      |           ^^^^^^^^^^^
  290 |       x: Math.round(p.x),
  291 |       y: Math.round(p.y),
  292 |       z: 0,

Ecmascript file had an error

Import traces:
  Client Component Browser:
    ./packages/geometry/src/house/composition/composeRoofFromComposition.ts [Client Component Browser]
    ./apps/portal/lib/drawings/state/houseFormGeometryInput.ts [Client Component Browser]
    ./apps/portal/lib/drawings/state/objectWorkbenchStatusModel.ts [Client Component Browser]
    ./apps/portal/lib/drawings/state/drawingWorkbenchStore.ts [Client Component Browser]
    ./apps/portal/app/staff/projects/[projectId]/design-workbench/DesignWorkbenchEstimateClient.tsx [Client Component Browser]
    ./apps/portal/app/staff/projects/[projectId]/design-workbench/DesignWorkbenchEstimateClient.tsx [Server Component]
    ./apps/portal/app/staff/projects/[projectId]/design-workbench/page.tsx [Server Component]

  Client Component SSR:
    ./packages/geometry/src/house/composition/composeRoofFromComposition.ts [Client Component SSR]
    ./apps/portal/lib/drawings/state/houseFormGeometryInput.ts [Client Component SSR]
    ./apps/portal/lib/drawings/state/objectWorkbenchStatusModel.ts [Client Component SSR]
    ./apps/portal/lib/drawings/state/drawingWorkbenchStore.ts [Client Component SSR]
    ./apps/portal/app/staff/projects/[projectId]/design-workbench/DesignWorkbenchEstimateClient.tsx [Client Component SSR]
    ./apps/portal/app/staff/projects/[projectId]/design-workbench/DesignWorkbenchEstimateClient.tsx [Server Component]
    ./apps/portal/app/staff/projects/[projectId]/design-workbench/page.tsx [Server Component]

  Server Component:
    ./packages/geometry/src/house/composition/composeRoofFromComposition.ts
    ./packages/geometry/src/house/composition/index.ts
    ./packages/geometry/src/index.ts
    ./apps/portal/lib/estimates/drawingEdits.ts
    ./apps/portal/lib/drawings/sanctuaryWorkbenchMultiObjectFixtures.ts
    ./apps/portal/lib/drawings/sanctuaryWorkbenchFixtures.ts
    ./apps/portal/app/staff/projects/[projectId]/design-workbench/page.tsx @ http://localhost:3001/_next/static/chunks/node_modules_next_dist_0u_w_5s._.js:1945
[  298287ms] [ERROR] ./apps/portal/lib/drawings/state/houseFormGeometryInput.ts:209:9
the name `legacyEave` is defined multiple times
  207 |   // overhang yet), so the legacy union footprint serves as both the
  208 |   // footprint and the eave polygon.
> 209 |   const legacyEave = input.legacyModel.eave;
      |         ^^^^^^^^^^
  210 |   const roofArtifacts = buildHouseRoofEnvelopeArtifacts({
  211 |     footprint: input.legacyModel.footprint,
  212 |     eavePolygon: input.legacyModel.footprint,

Ecmascript file had an error

Import traces:
  Client Component Browser:
    ./apps/portal/lib/drawings/state/houseFormGeometryInput.ts [Client Component Browser]
    ./apps/portal/lib/drawings/state/objectWorkbenchStatusModel.ts [Client Component Browser]
    ./apps/portal/lib/drawings/state/drawingWorkbenchStore.ts [Client Component Browser]
    ./apps/portal/app/staff/projects/[projectId]/design-workbench/DesignWorkbenchEstimateClient.tsx [Client Component Browser]
    ./apps/portal/app/staff/projects/[projectId]/design-workbench/DesignWorkbenchEstimateClient.tsx [Server Component]
    ./apps/portal/app/staff/projects/[projectId]/design-workbench/page.tsx [Server Component]

  Client Component SSR:
    ./apps/portal/lib/drawings/state/houseFormGeometryInput.ts [Client Component SSR]
    ./apps/portal/lib/drawings/state/objectWorkbenchStatusModel.ts [Client Component SSR]
    ./apps/portal/lib/drawings/state/drawingWorkbenchStore.ts [Client Component SSR]
    ./apps/portal/app/staff/projects/[projectId]/design-workbench/DesignWorkbenchEstimateClient.tsx [Client Component SSR]
    ./apps/portal/app/staff/projects/[projectId]/design-workbench/DesignWorkbenchEstimateClient.tsx [Server Component]
    ./apps/portal/app/staff/projects/[projectId]/design-workbench/page.tsx [Server Component] @ http://localhost:3001/_next/static/chunks/node_modules_next_dist_0u_w_5s._.js:1945
[  298287ms] [ERROR] ./packages/geometry/src/house/composition/composeRoofFromComposition.ts:242:9
cannot reassign to a variable declared with `const`
  240 |         roofPolygonIsSimple(offset)
  241 |       ) {
> 242 |         eavePolygon = offset;
      |         ^^^^^^^^^^^
  243 |       }
  244 |     }
  245 |

Ecmascript file had an error

Import traces:
  Client Component Browser:
    ./packages/geometry/src/house/composition/composeRoofFromComposition.ts [Client Component Browser]
    ./apps/portal/lib/drawings/state/houseFormGeometryInput.ts [Client Component Browser]
    ./apps/portal/lib/drawings/state/objectWorkbenchStatusModel.ts [Client Component Browser]
    ./apps/portal/lib/drawings/state/drawingWorkbenchStore.ts [Client Component Browser]
    ./apps/portal/app/staff/projects/[projectId]/design-workbench/DesignWorkbenchFixtureClient.tsx [Client Component Browser]
    ./apps/portal/app/staff/projects/[projectId]/design-workbench/DesignWorkbenchFixtureClient.tsx [Server Component]
    ./apps/portal/app/qa/design-workbench-fixture/page.tsx [Server Component]

  Client Component SSR:
    ./packages/geometry/src/house/composition/composeRoofFromComposition.ts [Client Component SSR]
    ./apps/portal/lib/drawings/state/houseFormGeometryInput.ts [Client Component SSR]
    ./apps/portal/lib/drawings/state/objectWorkbenchStatusModel.ts [Client Component SSR]
    ./apps/portal/lib/drawings/state/drawingWorkbenchStore.ts [Client Component SSR]
    ./apps/portal/app/staff/projects/[projectId]/design-workbench/DesignWorkbenchFixtureClient.tsx [Client Component SSR]
    ./apps/portal/app/staff/projects/[projectId]/design-workbench/DesignWorkbenchFixtureClient.tsx [Server Component]
    ./apps/portal/app/qa/design-workbench-fixture/page.tsx [Server Component]

  Server Component:
    ./packages/geometry/src/house/composition/composeRoofFromComposition.ts
    ./packages/geometry/src/house/composition/index.ts
    ./packages/geometry/src/index.ts
    ./apps/portal/lib/estimates/drawingEdits.ts
    ./apps/portal/lib/drawings/sanctuaryWorkbenchMultiObjectFixtures.ts
    ./apps/portal/lib/drawings/sanctuaryWorkbenchFixtures.ts
    ./apps/portal/app/qa/design-workbench-fixture/page.tsx @ http://localhost:3001/_next/static/chunks/node_modules_next_dist_0u_w_5s._.js:1945
[  298287ms] [ERROR] ./packages/geometry/src/house/composition/composeRoofFromComposition.ts:289:11
the name `eavePolygon` is defined multiple times
  287 |     // eliminates the noise without losing meaningful detail and lets
  288 |     // the wavefront produce clean topology on real composites.
> 289 |     const eavePolygon: Point3[] = unionPolygon.map((p) => ({
      |           ^^^^^^^^^^^
  290 |       x: Math.round(p.x),
  291 |       y: Math.round(p.y),
  292 |       z: 0,

Ecmascript file had an error

Import traces:
  Client Component Browser:
    ./packages/geometry/src/house/composition/composeRoofFromComposition.ts [Client Component Browser]
    ./apps/portal/lib/drawings/state/houseFormGeometryInput.ts [Client Component Browser]
    ./apps/portal/lib/drawings/state/objectWorkbenchStatusModel.ts [Client Component Browser]
    ./apps/portal/lib/drawings/state/drawingWorkbenchStore.ts [Client Component Browser]
    ./apps/portal/app/staff/projects/[projectId]/design-workbench/DesignWorkbenchFixtureClient.tsx [Client Component Browser]
    ./apps/portal/app/staff/projects/[projectId]/design-workbench/DesignWorkbenchFixtureClient.tsx [Server Component]
    ./apps/portal/app/qa/design-workbench-fixture/page.tsx [Server Component]

  Client Component SSR:
    ./packages/geometry/src/house/composition/composeRoofFromComposition.ts [Client Component SSR]
    ./apps/portal/lib/drawings/state/houseFormGeometryInput.ts [Client Component SSR]
    ./apps/portal/lib/drawings/state/objectWorkbenchStatusModel.ts [Client Component SSR]
    ./apps/portal/lib/drawings/state/drawingWorkbenchStore.ts [Client Component SSR]
    ./apps/portal/app/staff/projects/[projectId]/design-workbench/DesignWorkbenchFixtureClient.tsx [Client Component SSR]
    ./apps/portal/app/staff/projects/[projectId]/design-workbench/DesignWorkbenchFixtureClient.tsx [Server Component]
    ./apps/portal/app/qa/design-workbench-fixture/page.tsx [Server Component]

  Server Component:
    ./packages/geometry/src/house/composition/composeRoofFromComposition.ts
    ./packages/geometry/src/house/composition/index.ts
    ./packages/geometry/src/index.ts
    ./apps/portal/lib/estimates/drawingEdits.ts
    ./apps/portal/lib/drawings/sanctuaryWorkbenchMultiObjectFixtures.ts
    ./apps/portal/lib/drawings/sanctuaryWorkbenchFixtures.ts
    ./apps/portal/app/qa/design-workbench-fixture/page.tsx @ http://localhost:3001/_next/static/chunks/node_modules_next_dist_0u_w_5s._.js:1945
[  298287ms] [ERROR] ./apps/portal/lib/drawings/state/houseFormGeometryInput.ts:209:9
the name `legacyEave` is defined multiple times
  207 |   // overhang yet), so the legacy union footprint serves as both the
  208 |   // footprint and the eave polygon.
> 209 |   const legacyEave = input.legacyModel.eave;
      |         ^^^^^^^^^^
  210 |   const roofArtifacts = buildHouseRoofEnvelopeArtifacts({
  211 |     footprint: input.legacyModel.footprint,
  212 |     eavePolygon: input.legacyModel.footprint,

Ecmascript file had an error

Import traces:
  Client Component Browser:
    ./apps/portal/lib/drawings/state/houseFormGeometryInput.ts [Client Component Browser]
    ./apps/portal/lib/drawings/state/objectWorkbenchStatusModel.ts [Client Component Browser]
    ./apps/portal/lib/drawings/state/drawingWorkbenchStore.ts [Client Component Browser]
    ./apps/portal/app/staff/projects/[projectId]/design-workbench/DesignWorkbenchFixtureClient.tsx [Client Component Browser]
    ./apps/portal/app/staff/projects/[projectId]/design-workbench/DesignWorkbenchFixtureClient.tsx [Server Component]
    ./apps/portal/app/qa/design-workbench-fixture/page.tsx [Server Component]

  Client Component SSR:
    ./apps/portal/lib/drawings/state/houseFormGeometryInput.ts [Client Component SSR]
    ./apps/portal/lib/drawings/state/objectWorkbenchStatusModel.ts [Client Component SSR]
    ./apps/portal/lib/drawings/state/drawingWorkbenchStore.ts [Client Component SSR]
    ./apps/portal/app/staff/projects/[projectId]/design-workbench/DesignWorkbenchFixtureClient.tsx [Client Component SSR]
    ./apps/portal/app/staff/projects/[projectId]/design-workbench/DesignWorkbenchFixtureClient.tsx [Server Component]
    ./apps/portal/app/qa/design-workbench-fixture/page.tsx [Server Component] @ http://localhost:3001/_next/static/chunks/node_modules_next_dist_0u_w_5s._.js:1945
[  298379ms] [ERROR] ./packages/geometry/src/house/composition/composeRoofFromComposition.ts:242:9
cannot reassign to a variable declared with `const`
  240 |         roofPolygonIsSimple(offset)
  241 |       ) {
> 242 |         eavePolygon = offset;
      |         ^^^^^^^^^^^
  243 |       }
  244 |     }
  245 |

Ecmascript file had an error

Import traces:
  Client Component Browser:
    ./packages/geometry/src/house/composition/composeRoofFromComposition.ts [Client Component Browser]
    ./apps/portal/lib/drawings/state/houseFormGeometryInput.ts [Client Component Browser]
    ./apps/portal/lib/drawings/state/objectWorkbenchStatusModel.ts [Client Component Browser]
    ./apps/portal/lib/drawings/state/drawingWorkbenchStore.ts [Client Component Browser]
    ./apps/portal/components/projects/ProjectPage/tabs/EstimatesTab.tsx [Client Component Browser]
    ./apps/portal/components/projects/ProjectPage/ProjectMainTabs.tsx [Client Component Browser]
    ./apps/portal/components/projects/ProjectPage/ProjectPageShell.tsx [Client Component Browser]
    ./apps/portal/components/projects/ProjectPage/ProjectPageFrame.tsx [Client Component Browser]
    ./apps/portal/app/staff/projects/[projectId]/ProjectSnapshotPageClient.tsx [Client Component Browser]
    ./apps/portal/app/staff/projects/[projectId]/ProjectSnapshotPageClient.tsx [Server Component]
    ./apps/portal/app/staff/projects/[projectId]/page.tsx [Server Component]

  Client Component SSR:
    ./packages/geometry/src/house/composition/composeRoofFromComposition.ts [Client Component SSR]
    ./apps/portal/lib/drawings/state/houseFormGeometryInput.ts [Client Component SSR]
    ./apps/portal/lib/drawings/state/objectWorkbenchStatusModel.ts [Client Component SSR]
    ./apps/portal/lib/drawings/state/drawingWorkbenchStore.ts [Client Component SSR]
    ./apps/portal/components/projects/ProjectPage/tabs/EstimatesTab.tsx [Client Component SSR]
    ./apps/portal/components/projects/ProjectPage/ProjectMainTabs.tsx [Client Component SSR]
    ./apps/portal/components/projects/ProjectPage/ProjectPageShell.tsx [Client Component SSR]
    ./apps/portal/components/projects/ProjectPage/ProjectPageFrame.tsx [Client Component SSR]
    ./apps/portal/app/staff/projects/[projectId]/ProjectSnapshotPageClient.tsx [Client Component SSR]
    ./apps/portal/app/staff/projects/[projectId]/ProjectSnapshotPageClient.tsx [Server Component]
    ./apps/portal/app/staff/projects/[projectId]/page.tsx [Server Component] @ http://localhost:3001/_next/static/chunks/node_modules_next_dist_0u_w_5s._.js:1945
[  298379ms] [ERROR] ./packages/geometry/src/house/composition/composeRoofFromComposition.ts:289:11
the name `eavePolygon` is defined multiple times
  287 |     // eliminates the noise without losing meaningful detail and lets
  288 |     // the wavefront produce clean topology on real composites.
> 289 |     const eavePolygon: Point3[] = unionPolygon.map((p) => ({
      |           ^^^^^^^^^^^
  290 |       x: Math.round(p.x),
  291 |       y: Math.round(p.y),
  292 |       z: 0,

Ecmascript file had an error

Import traces:
  Client Component Browser:
    ./packages/geometry/src/house/composition/composeRoofFromComposition.ts [Client Component Browser]
    ./apps/portal/lib/drawings/state/houseFormGeometryInput.ts [Client Component Browser]
    ./apps/portal/lib/drawings/state/objectWorkbenchStatusModel.ts [Client Component Browser]
    ./apps/portal/lib/drawings/state/drawingWorkbenchStore.ts [Client Component Browser]
    ./apps/portal/components/projects/ProjectPage/tabs/EstimatesTab.tsx [Client Component Browser]
    ./apps/portal/components/projects/ProjectPage/ProjectMainTabs.tsx [Client Component Browser]
    ./apps/portal/components/projects/ProjectPage/ProjectPageShell.tsx [Client Component Browser]
    ./apps/portal/components/projects/ProjectPage/ProjectPageFrame.tsx [Client Component Browser]
    ./apps/portal/app/staff/projects/[projectId]/ProjectSnapshotPageClient.tsx [Client Component Browser]
    ./apps/portal/app/staff/projects/[projectId]/ProjectSnapshotPageClient.tsx [Server Component]
    ./apps/portal/app/staff/projects/[projectId]/page.tsx [Server Component]

  Client Component SSR:
    ./packages/geometry/src/house/composition/composeRoofFromComposition.ts [Client Component SSR]
    ./apps/portal/lib/drawings/state/houseFormGeometryInput.ts [Client Component SSR]
    ./apps/portal/lib/drawings/state/objectWorkbenchStatusModel.ts [Client Component SSR]
    ./apps/portal/lib/drawings/state/drawingWorkbenchStore.ts [Client Component SSR]
    ./apps/portal/components/projects/ProjectPage/tabs/EstimatesTab.tsx [Client Component SSR]
    ./apps/portal/components/projects/ProjectPage/ProjectMainTabs.tsx [Client Component SSR]
    ./apps/portal/components/projects/ProjectPage/ProjectPageShell.tsx [Client Component SSR]
    ./apps/portal/components/projects/ProjectPage/ProjectPageFrame.tsx [Client Component SSR]
    ./apps/portal/app/staff/projects/[projectId]/ProjectSnapshotPageClient.tsx [Client Component SSR]
    ./apps/portal/app/staff/projects/[projectId]/ProjectSnapshotPageClient.tsx [Server Component]
    ./apps/portal/app/staff/projects/[projectId]/page.tsx [Server Component] @ http://localhost:3001/_next/static/chunks/node_modules_next_dist_0u_w_5s._.js:1945
[  298379ms] [ERROR] ./apps/portal/lib/drawings/state/houseFormGeometryInput.ts:209:9
the name `legacyEave` is defined multiple times
  207 |   // overhang yet), so the legacy union footprint serves as both the
  208 |   // footprint and the eave polygon.
> 209 |   const legacyEave = input.legacyModel.eave;
      |         ^^^^^^^^^^
  210 |   const roofArtifacts = buildHouseRoofEnvelopeArtifacts({
  211 |     footprint: input.legacyModel.footprint,
  212 |     eavePolygon: input.legacyModel.footprint,

Ecmascript file had an error

Import traces:
  Client Component Browser:
    ./apps/portal/lib/drawings/state/houseFormGeometryInput.ts [Client Component Browser]
    ./apps/portal/lib/drawings/state/objectWorkbenchStatusModel.ts [Client Component Browser]
    ./apps/portal/lib/drawings/state/drawingWorkbenchStore.ts [Client Component Browser]
    ./apps/portal/components/projects/ProjectPage/tabs/EstimatesTab.tsx [Client Component Browser]
    ./apps/portal/components/projects/ProjectPage/ProjectMainTabs.tsx [Client Component Browser]
    ./apps/portal/components/projects/ProjectPage/ProjectPageShell.tsx [Client Component Browser]
    ./apps/portal/components/projects/ProjectPage/ProjectPageFrame.tsx [Client Component Browser]
    ./apps/portal/app/staff/projects/[projectId]/ProjectSnapshotPageClient.tsx [Client Component Browser]
    ./apps/portal/app/staff/projects/[projectId]/ProjectSnapshotPageClient.tsx [Server Component]
    ./apps/portal/app/staff/projects/[projectId]/page.tsx [Server Component]

  Client Component SSR:
    ./apps/portal/lib/drawings/state/houseFormGeometryInput.ts [Client Component SSR]
    ./apps/portal/lib/drawings/state/objectWorkbenchStatusModel.ts [Client Component SSR]
    ./apps/portal/lib/drawings/state/drawingWorkbenchStore.ts [Client Component SSR]
    ./apps/portal/components/projects/ProjectPage/tabs/EstimatesTab.tsx [Client Component SSR]
    ./apps/portal/components/projects/ProjectPage/ProjectMainTabs.tsx [Client Component SSR]
    ./apps/portal/components/projects/ProjectPage/ProjectPageShell.tsx [Client Component SSR]
    ./apps/portal/components/projects/ProjectPage/ProjectPageFrame.tsx [Client Component SSR]
    ./apps/portal/app/staff/projects/[projectId]/ProjectSnapshotPageClient.tsx [Client Component SSR]
    ./apps/portal/app/staff/projects/[projectId]/ProjectSnapshotPageClient.tsx [Server Component]
    ./apps/portal/app/staff/projects/[projectId]/page.tsx [Server Component] @ http://localhost:3001/_next/static/chunks/node_modules_next_dist_0u_w_5s._.js:1945
[  298393ms] [LOG] [Fast Refresh] rebuilding @ http://localhost:3001/_next/static/chunks/node_modules_next_dist_0u_w_5s._.js:1226
[  309429ms] [ERROR] ./packages/geometry/src/house/composition/composeRoofFromComposition.ts:242:9
cannot reassign to a variable declared with `const`
  240 |         roofPolygonIsSimple(offset)
  241 |       ) {
> 242 |         eavePolygon = offset;
      |         ^^^^^^^^^^^
  243 |       }
  244 |     }
  245 |

Ecmascript file had an error

Import traces:
  Client Component Browser:
    ./packages/geometry/src/house/composition/composeRoofFromComposition.ts [Client Component Browser]
    ./apps/portal/lib/drawings/state/houseFormGeometryInput.ts [Client Component Browser]
    ./apps/portal/lib/drawings/state/objectWorkbenchStatusModel.ts [Client Component Browser]
    ./apps/portal/lib/drawings/state/drawingWorkbenchStore.ts [Client Component Browser]
    ./apps/portal/components/projects/ProjectPage/tabs/EstimatesTab.tsx [Client Component Browser]
    ./apps/portal/components/projects/ProjectPage/ProjectMainTabs.tsx [Client Component Browser]
    ./apps/portal/components/projects/ProjectPage/ProjectPageShell.tsx [Client Component Browser]
    ./apps/portal/components/projects/ProjectPage/ProjectPageFrame.tsx [Client Component Browser]
    ./apps/portal/app/staff/projects/[projectId]/ProjectSnapshotPageClient.tsx [Client Component Browser]
    ./apps/portal/app/staff/projects/[projectId]/ProjectSnapshotPageClient.tsx [Server Component]
    ./apps/portal/app/staff/projects/[projectId]/page.tsx [Server Component]

  Client Component SSR:
    ./packages/geometry/src/house/composition/composeRoofFromComposition.ts [Client Component SSR]
    ./apps/portal/lib/drawings/state/houseFormGeometryInput.ts [Client Component SSR]
    ./apps/portal/lib/drawings/state/objectWorkbenchStatusModel.ts [Client Component SSR]
    ./apps/portal/lib/drawings/state/drawingWorkbenchStore.ts [Client Component SSR]
    ./apps/portal/components/projects/ProjectPage/tabs/EstimatesTab.tsx [Client Component SSR]
    ./apps/portal/components/projects/ProjectPage/ProjectMainTabs.tsx [Client Component SSR]
    ./apps/portal/components/projects/ProjectPage/ProjectPageShell.tsx [Client Component SSR]
    ./apps/portal/components/projects/ProjectPage/ProjectPageFrame.tsx [Client Component SSR]
    ./apps/portal/app/staff/projects/[projectId]/ProjectSnapshotPageClient.tsx [Client Component SSR]
    ./apps/portal/app/staff/projects/[projectId]/ProjectSnapshotPageClient.tsx [Server Component]
    ./apps/portal/app/staff/projects/[projectId]/page.tsx [Server Component] @ http://localhost:3001/_next/static/chunks/node_modules_next_dist_0u_w_5s._.js:1945
[  309429ms] [ERROR] ./packages/geometry/src/house/composition/composeRoofFromComposition.ts:289:11
the name `eavePolygon` is defined multiple times
  287 |     // eliminates the noise without losing meaningful detail and lets
  288 |     // the wavefront produce clean topology on real composites.
> 289 |     const eavePolygon: Point3[] = unionPolygon.map((p) => ({
      |           ^^^^^^^^^^^
  290 |       x: Math.round(p.x),
  291 |       y: Math.round(p.y),
  292 |       z: 0,

Ecmascript file had an error

Import traces:
  Client Component Browser:
    ./packages/geometry/src/house/composition/composeRoofFromComposition.ts [Client Component Browser]
    ./apps/portal/lib/drawings/state/houseFormGeometryInput.ts [Client Component Browser]
    ./apps/portal/lib/drawings/state/objectWorkbenchStatusModel.ts [Client Component Browser]
    ./apps/portal/lib/drawings/state/drawingWorkbenchStore.ts [Client Component Browser]
    ./apps/portal/components/projects/ProjectPage/tabs/EstimatesTab.tsx [Client Component Browser]
    ./apps/portal/components/projects/ProjectPage/ProjectMainTabs.tsx [Client Component Browser]
    ./apps/portal/components/projects/ProjectPage/ProjectPageShell.tsx [Client Component Browser]
    ./apps/portal/components/projects/ProjectPage/ProjectPageFrame.tsx [Client Component Browser]
    ./apps/portal/app/staff/projects/[projectId]/ProjectSnapshotPageClient.tsx [Client Component Browser]
    ./apps/portal/app/staff/projects/[projectId]/ProjectSnapshotPageClient.tsx [Server Component]
    ./apps/portal/app/staff/projects/[projectId]/page.tsx [Server Component]

  Client Component SSR:
    ./packages/geometry/src/house/composition/composeRoofFromComposition.ts [Client Component SSR]
    ./apps/portal/lib/drawings/state/houseFormGeometryInput.ts [Client Component SSR]
    ./apps/portal/lib/drawings/state/objectWorkbenchStatusModel.ts [Client Component SSR]
    ./apps/portal/lib/drawings/state/drawingWorkbenchStore.ts [Client Component SSR]
    ./apps/portal/components/projects/ProjectPage/tabs/EstimatesTab.tsx [Client Component SSR]
    ./apps/portal/components/projects/ProjectPage/ProjectMainTabs.tsx [Client Component SSR]
    ./apps/portal/components/projects/ProjectPage/ProjectPageShell.tsx [Client Component SSR]
    ./apps/portal/components/projects/ProjectPage/ProjectPageFrame.tsx [Client Component SSR]
    ./apps/portal/app/staff/projects/[projectId]/ProjectSnapshotPageClient.tsx [Client Component SSR]
    ./apps/portal/app/staff/projects/[projectId]/ProjectSnapshotPageClient.tsx [Server Component]
    ./apps/portal/app/staff/projects/[projectId]/page.tsx [Server Component] @ http://localhost:3001/_next/static/chunks/node_modules_next_dist_0u_w_5s._.js:1945
[  309429ms] [ERROR] ./apps/portal/lib/drawings/state/houseFormGeometryInput.ts:209:9
the name `legacyEave` is defined multiple times
  207 |   // overhang yet), so the legacy union footprint serves as both the
  208 |   // footprint and the eave polygon.
> 209 |   const legacyEave = input.legacyModel.eave;
      |         ^^^^^^^^^^
  210 |   const roofArtifacts = buildHouseRoofEnvelopeArtifacts({
  211 |     footprint: input.legacyModel.footprint,
  212 |     eavePolygon: input.legacyModel.footprint,

Ecmascript file had an error

Import traces:
  Client Component Browser:
    ./apps/portal/lib/drawings/state/houseFormGeometryInput.ts [Client Component Browser]
    ./apps/portal/lib/drawings/state/objectWorkbenchStatusModel.ts [Client Component Browser]
    ./apps/portal/lib/drawings/state/drawingWorkbenchStore.ts [Client Component Browser]
    ./apps/portal/components/projects/ProjectPage/tabs/EstimatesTab.tsx [Client Component Browser]
    ./apps/portal/components/projects/ProjectPage/ProjectMainTabs.tsx [Client Component Browser]
    ./apps/portal/components/projects/ProjectPage/ProjectPageShell.tsx [Client Component Browser]
    ./apps/portal/components/projects/ProjectPage/ProjectPageFrame.tsx [Client Component Browser]
    ./apps/portal/app/staff/projects/[projectId]/ProjectSnapshotPageClient.tsx [Client Component Browser]
    ./apps/portal/app/staff/projects/[projectId]/ProjectSnapshotPageClient.tsx [Server Component]
    ./apps/portal/app/staff/projects/[projectId]/page.tsx [Server Component]

  Client Component SSR:
    ./apps/portal/lib/drawings/state/houseFormGeometryInput.ts [Client Component SSR]
    ./apps/portal/lib/drawings/state/objectWorkbenchStatusModel.ts [Client Component SSR]
    ./apps/portal/lib/drawings/state/drawingWorkbenchStore.ts [Client Component SSR]
    ./apps/portal/components/projects/ProjectPage/tabs/EstimatesTab.tsx [Client Component SSR]
    ./apps/portal/components/projects/ProjectPage/ProjectMainTabs.tsx [Client Component SSR]
    ./apps/portal/components/projects/ProjectPage/ProjectPageShell.tsx [Client Component SSR]
    ./apps/portal/components/projects/ProjectPage/ProjectPageFrame.tsx [Client Component SSR]
    ./apps/portal/app/staff/projects/[projectId]/ProjectSnapshotPageClient.tsx [Client Component SSR]
    ./apps/portal/app/staff/projects/[projectId]/ProjectSnapshotPageClient.tsx [Server Component]
    ./apps/portal/app/staff/projects/[projectId]/page.tsx [Server Component] @ http://localhost:3001/_next/static/chunks/node_modules_next_dist_0u_w_5s._.js:1945
[  309537ms] [LOG] [Fast Refresh] rebuilding @ http://localhost:3001/_next/static/chunks/node_modules_next_dist_0u_w_5s._.js:1226
[  310136ms] [ERROR] ./packages/geometry/src/house/composition/composeRoofFromComposition.ts:242:9
cannot reassign to a variable declared with `const`
  240 |         roofPolygonIsSimple(offset)
  241 |       ) {
> 242 |         eavePolygon = offset;
      |         ^^^^^^^^^^^
  243 |       }
  244 |     }
  245 |

Ecmascript file had an error

Import traces:
  Client Component Browser:
    ./packages/geometry/src/house/composition/composeRoofFromComposition.ts [Client Component Browser]
    ./apps/portal/lib/drawings/state/houseFormGeometryInput.ts [Client Component Browser]
    ./apps/portal/lib/drawings/state/objectWorkbenchStatusModel.ts [Client Component Browser]
    ./apps/portal/lib/drawings/state/drawingWorkbenchStore.ts [Client Component Browser]
    ./apps/portal/components/projects/ProjectPage/tabs/EstimatesTab.tsx [Client Component Browser]
    ./apps/portal/components/projects/ProjectPage/ProjectMainTabs.tsx [Client Component Browser]
    ./apps/portal/components/projects/ProjectPage/ProjectPageShell.tsx [Client Component Browser]
    ./apps/portal/components/projects/ProjectPage/ProjectPageFrame.tsx [Client Component Browser]
    ./apps/portal/app/staff/projects/[projectId]/ProjectSnapshotPageClient.tsx [Client Component Browser]
    ./apps/portal/app/staff/projects/[projectId]/ProjectSnapshotPageClient.tsx [Server Component]
    ./apps/portal/app/staff/projects/[projectId]/page.tsx [Server Component]

  Client Component SSR:
    ./packages/geometry/src/house/composition/composeRoofFromComposition.ts [Client Component SSR]
    ./apps/portal/lib/drawings/state/houseFormGeometryInput.ts [Client Component SSR]
    ./apps/portal/lib/drawings/state/objectWorkbenchStatusModel.ts [Client Component SSR]
    ./apps/portal/lib/drawings/state/drawingWorkbenchStore.ts [Client Component SSR]
    ./apps/portal/components/projects/ProjectPage/tabs/EstimatesTab.tsx [Client Component SSR]
    ./apps/portal/components/projects/ProjectPage/ProjectMainTabs.tsx [Client Component SSR]
    ./apps/portal/components/projects/ProjectPage/ProjectPageShell.tsx [Client Component SSR]
    ./apps/portal/components/projects/ProjectPage/ProjectPageFrame.tsx [Client Component SSR]
    ./apps/portal/app/staff/projects/[projectId]/ProjectSnapshotPageClient.tsx [Client Component SSR]
    ./apps/portal/app/staff/projects/[projectId]/ProjectSnapshotPageClient.tsx [Server Component]
    ./apps/portal/app/staff/projects/[projectId]/page.tsx [Server Component] @ http://localhost:3001/_next/static/chunks/node_modules_next_dist_0u_w_5s._.js:1945
[  310136ms] [ERROR] ./packages/geometry/src/house/composition/composeRoofFromComposition.ts:289:11
the name `eavePolygon` is defined multiple times
  287 |     // eliminates the noise without losing meaningful detail and lets
  288 |     // the wavefront produce clean topology on real composites.
> 289 |     const eavePolygon: Point3[] = unionPolygon.map((p) => ({
      |           ^^^^^^^^^^^
  290 |       x: Math.round(p.x),
  291 |       y: Math.round(p.y),
  292 |       z: 0,

Ecmascript file had an error

Import traces:
  Client Component Browser:
    ./packages/geometry/src/house/composition/composeRoofFromComposition.ts [Client Component Browser]
    ./apps/portal/lib/drawings/state/houseFormGeometryInput.ts [Client Component Browser]
    ./apps/portal/lib/drawings/state/objectWorkbenchStatusModel.ts [Client Component Browser]
    ./apps/portal/lib/drawings/state/drawingWorkbenchStore.ts [Client Component Browser]
    ./apps/portal/components/projects/ProjectPage/tabs/EstimatesTab.tsx [Client Component Browser]
    ./apps/portal/components/projects/ProjectPage/ProjectMainTabs.tsx [Client Component Browser]
    ./apps/portal/components/projects/ProjectPage/ProjectPageShell.tsx [Client Component Browser]
    ./apps/portal/components/projects/ProjectPage/ProjectPageFrame.tsx [Client Component Browser]
    ./apps/portal/app/staff/projects/[projectId]/ProjectSnapshotPageClient.tsx [Client Component Browser]
    ./apps/portal/app/staff/projects/[projectId]/ProjectSnapshotPageClient.tsx [Server Component]
    ./apps/portal/app/staff/projects/[projectId]/page.tsx [Server Component]

  Client Component SSR:
    ./packages/geometry/src/house/composition/composeRoofFromComposition.ts [Client Component SSR]
    ./apps/portal/lib/drawings/state/houseFormGeometryInput.ts [Client Component SSR]
    ./apps/portal/lib/drawings/state/objectWorkbenchStatusModel.ts [Client Component SSR]
    ./apps/portal/lib/drawings/state/drawingWorkbenchStore.ts [Client Component SSR]
    ./apps/portal/components/projects/ProjectPage/tabs/EstimatesTab.tsx [Client Component SSR]
    ./apps/portal/components/projects/ProjectPage/ProjectMainTabs.tsx [Client Component SSR]
    ./apps/portal/components/projects/ProjectPage/ProjectPageShell.tsx [Client Component SSR]
    ./apps/portal/components/projects/ProjectPage/ProjectPageFrame.tsx [Client Component SSR]
    ./apps/portal/app/staff/projects/[projectId]/ProjectSnapshotPageClient.tsx [Client Component SSR]
    ./apps/portal/app/staff/projects/[projectId]/ProjectSnapshotPageClient.tsx [Server Component]
    ./apps/portal/app/staff/projects/[projectId]/page.tsx [Server Component] @ http://localhost:3001/_next/static/chunks/node_modules_next_dist_0u_w_5s._.js:1945
[  310772ms] [ERROR] Failed to load resource: the server responded with a status of 500 (Internal Server Error) @ http://localhost:3001/staff/projects/proj_cf4afb59-b72c-4b11-b39f-9e04f4684163/design-workbench:0
[  310789ms] [INFO] %cDownload the React DevTools for a better development experience: https://react.dev/link/react-devtools font-weight:bold @ http://localhost:3001/_next/static/chunks/node_modules_react-dom_0bruynb._.js:14107
[  310796ms] [ERROR] Refused to execute script from 'http://localhost:3001/_next/static/development/_clientMiddlewareManifest.js' because its MIME type ('application/json') is not executable, and strict MIME type checking is enabled. @ http://localhost:3001/staff/projects/proj_cf4afb59-b72c-4b11-b39f-9e04f4684163/design-workbench:0
[  310797ms] Error: ./packages/geometry/src/house/composition/composeRoofFromComposition.ts:242:9
cannot reassign to a variable declared with `const`
  240 |         roofPolygonIsSimple(offset)
  241 |       ) {
> 242 |         eavePolygon = offset;
      |         ^^^^^^^^^^^
  243 |       }
  244 |     }
  245 |

Ecmascript file had an error

Import traces:
  Client Component Browser:
    ./packages/geometry/src/house/composition/composeRoofFromComposition.ts [Client Component Browser]
    ./apps/portal/lib/drawings/state/houseFormGeometryInput.ts [Client Component Browser]
    ./apps/portal/lib/drawings/state/objectWorkbenchStatusModel.ts [Client Component Browser]
    ./apps/portal/lib/drawings/state/drawingWorkbenchStore.ts [Client Component Browser]
    ./apps/portal/components/projects/ProjectPage/tabs/EstimatesTab.tsx [Client Component Browser]
    ./apps/portal/components/projects/ProjectPage/ProjectMainTabs.tsx [Client Component Browser]
    ./apps/portal/components/projects/ProjectPage/ProjectPageShell.tsx [Client Component Browser]
    ./apps/portal/components/projects/ProjectPage/ProjectPageFrame.tsx [Client Component Browser]
    ./apps/portal/app/staff/projects/[projectId]/ProjectSnapshotPageClient.tsx [Client Component Browser]
    ./apps/portal/app/staff/projects/[projectId]/ProjectSnapshotPageClient.tsx [Server Component]
    ./apps/portal/app/staff/projects/[projectId]/page.tsx [Server Component]

  Client Component SSR:
    ./packages/geometry/src/house/composition/composeRoofFromComposition.ts [Client Component SSR]
    ./apps/portal/lib/drawings/state/houseFormGeometryInput.ts [Client Component SSR]
    ./apps/portal/lib/drawings/state/objectWorkbenchStatusModel.ts [Client Component SSR]
    ./apps/portal/lib/drawings/state/drawingWorkbenchStore.ts [Client Component SSR]
    ./apps/portal/components/projects/ProjectPage/tabs/EstimatesTab.tsx [Client Component SSR]
    ./apps/portal/components/projects/ProjectPage/ProjectMainTabs.tsx [Client Component SSR]
    ./apps/portal/components/projects/ProjectPage/ProjectPageShell.tsx [Client Component SSR]
    ./apps/portal/components/projects/ProjectPage/ProjectPageFrame.tsx [Client Component SSR]
    ./apps/portal/app/staff/projects/[projectId]/ProjectSnapshotPageClient.tsx [Client Component SSR]
    ./apps/portal/app/staff/projects/[projectId]/ProjectSnapshotPageClient.tsx [Server Component]
    ./apps/portal/app/staff/projects/[projectId]/page.tsx [Server Component]


    at <unknown> (Error: ./packages/geometry/src/house/composition/composeRoofFromComposition.ts:242:9)
    at Object.getCompilationErrors (file://C:\Users\Jorda\OneDrive\Documents\GitHub\sanctuary\node_modules\next\dist\server\dev\hot-reloader-turbopack.js:1186:59)
    at DevBundlerService.getCompilationError (file://C:\Users\Jorda\OneDrive\Documents\GitHub\sanctuary\node_modules\next\dist\server\lib\dev-bundler-service.js:44:55)
    at DevServer.getCompilationError (file://C:\Users\Jorda\OneDrive\Documents\GitHub\sanctuary\node_modules\next\dist\server\dev\next-dev-server.js:719:42)
    at DevServer.findPageComponents (file://C:\Users\Jorda\OneDrive\Documents\GitHub\sanctuary\node_modules\next\dist\server\dev\next-dev-server.js:689:43)
    at async DevServer.renderErrorToResponseImpl (file://C:\Users\Jorda\OneDrive\Documents\GitHub\sanctuary\node_modules\next\dist\server\base-server.js:1745:26)
[  310798ms] [LOG] [HMR] connected @ http://localhost:3001/_next/static/chunks/node_modules_next_dist_0u_w_5s._.js:1226
[  310800ms] [ERROR] ./packages/geometry/src/house/composition/composeRoofFromComposition.ts:242:9
cannot reassign to a variable declared with `const`
  240 |         roofPolygonIsSimple(offset)
  241 |       ) {
> 242 |         eavePolygon = offset;
      |         ^^^^^^^^^^^
  243 |       }
  244 |     }
  245 |

Ecmascript file had an error

Import traces:
  Client Component Browser:
    ./packages/geometry/src/house/composition/composeRoofFromComposition.ts [Client Component Browser]
    ./apps/portal/lib/drawings/state/houseFormGeometryInput.ts [Client Component Browser]
    ./apps/portal/lib/drawings/state/objectWorkbenchStatusModel.ts [Client Component Browser]
    ./apps/portal/lib/drawings/state/drawingWorkbenchStore.ts [Client Component Browser]
    ./apps/portal/components/projects/ProjectPage/tabs/EstimatesTab.tsx [Client Component Browser]
    ./apps/portal/components/projects/ProjectPage/ProjectMainTabs.tsx [Client Component Browser]
    ./apps/portal/components/projects/ProjectPage/ProjectPageShell.tsx [Client Component Browser]
    ./apps/portal/components/projects/ProjectPage/ProjectPageFrame.tsx [Client Component Browser]
    ./apps/portal/app/staff/projects/[projectId]/ProjectSnapshotPageClient.tsx [Client Component Browser]
    ./apps/portal/app/staff/projects/[projectId]/ProjectSnapshotPageClient.tsx [Server Component]
    ./apps/portal/app/staff/projects/[projectId]/page.tsx [Server Component]

  Client Component SSR:
    ./packages/geometry/src/house/composition/composeRoofFromComposition.ts [Client Component SSR]
    ./apps/portal/lib/drawings/state/houseFormGeometryInput.ts [Client Component SSR]
    ./apps/portal/lib/drawings/state/objectWorkbenchStatusModel.ts [Client Component SSR]
    ./apps/portal/lib/drawings/state/drawingWorkbenchStore.ts [Client Component SSR]
    ./apps/portal/components/projects/ProjectPage/tabs/EstimatesTab.tsx [Client Component SSR]
    ./apps/portal/components/projects/ProjectPage/ProjectMainTabs.tsx [Client Component SSR]
    ./apps/portal/components/projects/ProjectPage/ProjectPageShell.tsx [Client Component SSR]
    ./apps/portal/components/projects/ProjectPage/ProjectPageFrame.tsx [Client Component SSR]
    ./apps/portal/app/staff/projects/[projectId]/ProjectSnapshotPageClient.tsx [Client Component SSR]
    ./apps/portal/app/staff/projects/[projectId]/ProjectSnapshotPageClient.tsx [Server Component]
    ./apps/portal/app/staff/projects/[projectId]/page.tsx [Server Component] @ http://localhost:3001/_next/static/chunks/node_modules_next_dist_0u_w_5s._.js:1945
[  310800ms] [ERROR] ./packages/geometry/src/house/composition/composeRoofFromComposition.ts:289:11
the name `eavePolygon` is defined multiple times
  287 |     // eliminates the noise without losing meaningful detail and lets
  288 |     // the wavefront produce clean topology on real composites.
> 289 |     const eavePolygon: Point3[] = unionPolygon.map((p) => ({
      |           ^^^^^^^^^^^
  290 |       x: Math.round(p.x),
  291 |       y: Math.round(p.y),
  292 |       z: 0,

Ecmascript file had an error

Import traces:
  Client Component Browser:
    ./packages/geometry/src/house/composition/composeRoofFromComposition.ts [Client Component Browser]
    ./apps/portal/lib/drawings/state/houseFormGeometryInput.ts [Client Component Browser]
    ./apps/portal/lib/drawings/state/objectWorkbenchStatusModel.ts [Client Component Browser]
    ./apps/portal/lib/drawings/state/drawingWorkbenchStore.ts [Client Component Browser]
    ./apps/portal/components/projects/ProjectPage/tabs/EstimatesTab.tsx [Client Component Browser]
    ./apps/portal/components/projects/ProjectPage/ProjectMainTabs.tsx [Client Component Browser]
    ./apps/portal/components/projects/ProjectPage/ProjectPageShell.tsx [Client Component Browser]
    ./apps/portal/components/projects/ProjectPage/ProjectPageFrame.tsx [Client Component Browser]
    ./apps/portal/app/staff/projects/[projectId]/ProjectSnapshotPageClient.tsx [Client Component Browser]
    ./apps/portal/app/staff/projects/[projectId]/ProjectSnapshotPageClient.tsx [Server Component]
    ./apps/portal/app/staff/projects/[projectId]/page.tsx [Server Component]

  Client Component SSR:
    ./packages/geometry/src/house/composition/composeRoofFromComposition.ts [Client Component SSR]
    ./apps/portal/lib/drawings/state/houseFormGeometryInput.ts [Client Component SSR]
    ./apps/portal/lib/drawings/state/objectWorkbenchStatusModel.ts [Client Component SSR]
    ./apps/portal/lib/drawings/state/drawingWorkbenchStore.ts [Client Component SSR]
    ./apps/portal/components/projects/ProjectPage/tabs/EstimatesTab.tsx [Client Component SSR]
    ./apps/portal/components/projects/ProjectPage/ProjectMainTabs.tsx [Client Component SSR]
    ./apps/portal/components/projects/ProjectPage/ProjectPageShell.tsx [Client Component SSR]
    ./apps/portal/components/projects/ProjectPage/ProjectPageFrame.tsx [Client Component SSR]
    ./apps/portal/app/staff/projects/[projectId]/ProjectSnapshotPageClient.tsx [Client Component SSR]
    ./apps/portal/app/staff/projects/[projectId]/ProjectSnapshotPageClient.tsx [Server Component]
    ./apps/portal/app/staff/projects/[projectId]/page.tsx [Server Component] @ http://localhost:3001/_next/static/chunks/node_modules_next_dist_0u_w_5s._.js:1945
[  310800ms] [ERROR] ./packages/geometry/src/house/composition/composeRoofFromComposition.ts:242:9
cannot reassign to a variable declared with `const`
  240 |         roofPolygonIsSimple(offset)
  241 |       ) {
> 242 |         eavePolygon = offset;
      |         ^^^^^^^^^^^
  243 |       }
  244 |     }
  245 |

Ecmascript file had an error

Import traces:
  Client Component Browser:
    ./packages/geometry/src/house/composition/composeRoofFromComposition.ts [Client Component Browser]
    ./apps/portal/lib/drawings/state/houseFormGeometryInput.ts [Client Component Browser]
    ./apps/portal/lib/drawings/state/objectWorkbenchStatusModel.ts [Client Component Browser]
    ./apps/portal/lib/drawings/state/drawingWorkbenchStore.ts [Client Component Browser]
    ./apps/portal/app/staff/projects/[projectId]/design-workbench/DesignWorkbenchEstimateClient.tsx [Client Component Browser]
    ./apps/portal/app/staff/projects/[projectId]/design-workbench/DesignWorkbenchEstimateClient.tsx [Server Component]
    ./apps/portal/app/staff/projects/[projectId]/design-workbench/page.tsx [Server Component]

  Client Component SSR:
    ./packages/geometry/src/house/composition/composeRoofFromComposition.ts [Client Component SSR]
    ./apps/portal/lib/drawings/state/houseFormGeometryInput.ts [Client Component SSR]
    ./apps/portal/lib/drawings/state/objectWorkbenchStatusModel.ts [Client Component SSR]
    ./apps/portal/lib/drawings/state/drawingWorkbenchStore.ts [Client Component SSR]
    ./apps/portal/app/staff/projects/[projectId]/design-workbench/DesignWorkbenchEstimateClient.tsx [Client Component SSR]
    ./apps/portal/app/staff/projects/[projectId]/design-workbench/DesignWorkbenchEstimateClient.tsx [Server Component]
    ./apps/portal/app/staff/projects/[projectId]/design-workbench/page.tsx [Server Component]

  Server Component:
    ./packages/geometry/src/house/composition/composeRoofFromComposition.ts
    ./packages/geometry/src/house/composition/index.ts
    ./packages/geometry/src/index.ts
    ./apps/portal/lib/estimates/drawingEdits.ts
    ./apps/portal/lib/drawings/sanctuaryWorkbenchMultiObjectFixtures.ts
    ./apps/portal/lib/drawings/sanctuaryWorkbenchFixtures.ts
    ./apps/portal/app/staff/projects/[projectId]/design-workbench/page.tsx @ http://localhost:3001/_next/static/chunks/node_modules_next_dist_0u_w_5s._.js:1945
[  310800ms] [ERROR] ./packages/geometry/src/house/composition/composeRoofFromComposition.ts:289:11
the name `eavePolygon` is defined multiple times
  287 |     // eliminates the noise without losing meaningful detail and lets
  288 |     // the wavefront produce clean topology on real composites.
> 289 |     const eavePolygon: Point3[] = unionPolygon.map((p) => ({
      |           ^^^^^^^^^^^
  290 |       x: Math.round(p.x),
  291 |       y: Math.round(p.y),
  292 |       z: 0,

Ecmascript file had an error

Import traces:
  Client Component Browser:
    ./packages/geometry/src/house/composition/composeRoofFromComposition.ts [Client Component Browser]
    ./apps/portal/lib/drawings/state/houseFormGeometryInput.ts [Client Component Browser]
    ./apps/portal/lib/drawings/state/objectWorkbenchStatusModel.ts [Client Component Browser]
    ./apps/portal/lib/drawings/state/drawingWorkbenchStore.ts [Client Component Browser]
    ./apps/portal/app/staff/projects/[projectId]/design-workbench/DesignWorkbenchEstimateClient.tsx [Client Component Browser]
    ./apps/portal/app/staff/projects/[projectId]/design-workbench/DesignWorkbenchEstimateClient.tsx [Server Component]
    ./apps/portal/app/staff/projects/[projectId]/design-workbench/page.tsx [Server Component]

  Client Component SSR:
    ./packages/geometry/src/house/composition/composeRoofFromComposition.ts [Client Component SSR]
    ./apps/portal/lib/drawings/state/houseFormGeometryInput.ts [Client Component SSR]
    ./apps/portal/lib/drawings/state/objectWorkbenchStatusModel.ts [Client Component SSR]
    ./apps/portal/lib/drawings/state/drawingWorkbenchStore.ts [Client Component SSR]
    ./apps/portal/app/staff/projects/[projectId]/design-workbench/DesignWorkbenchEstimateClient.tsx [Client Component SSR]
    ./apps/portal/app/staff/projects/[projectId]/design-workbench/DesignWorkbenchEstimateClient.tsx [Server Component]
    ./apps/portal/app/staff/projects/[projectId]/design-workbench/page.tsx [Server Component]

  Server Component:
    ./packages/geometry/src/house/composition/composeRoofFromComposition.ts
    ./packages/geometry/src/house/composition/index.ts
    ./packages/geometry/src/index.ts
    ./apps/portal/lib/estimates/drawingEdits.ts
    ./apps/portal/lib/drawings/sanctuaryWorkbenchMultiObjectFixtures.ts
    ./apps/portal/lib/drawings/sanctuaryWorkbenchFixtures.ts
    ./apps/portal/app/staff/projects/[projectId]/design-workbench/page.tsx @ http://localhost:3001/_next/static/chunks/node_modules_next_dist_0u_w_5s._.js:1945
[  310800ms] [ERROR] ./packages/geometry/src/house/composition/composeRoofFromComposition.ts:242:9
cannot reassign to a variable declared with `const`
  240 |         roofPolygonIsSimple(offset)
  241 |       ) {
> 242 |         eavePolygon = offset;
      |         ^^^^^^^^^^^
  243 |       }
  244 |     }
  245 |

Ecmascript file had an error

Import traces:
  Client Component Browser:
    ./packages/geometry/src/house/composition/composeRoofFromComposition.ts [Client Component Browser]
    ./apps/portal/lib/drawings/state/houseFormGeometryInput.ts [Client Component Browser]
    ./apps/portal/lib/drawings/state/objectWorkbenchStatusModel.ts [Client Component Browser]
    ./apps/portal/lib/drawings/state/drawingWorkbenchStore.ts [Client Component Browser]
    ./apps/portal/app/staff/projects/[projectId]/design-workbench/DesignWorkbenchFixtureClient.tsx [Client Component Browser]
    ./apps/portal/app/staff/projects/[projectId]/design-workbench/DesignWorkbenchFixtureClient.tsx [Server Component]
    ./apps/portal/app/qa/design-workbench-fixture/page.tsx [Server Component]

  Client Component SSR:
    ./packages/geometry/src/house/composition/composeRoofFromComposition.ts [Client Component SSR]
    ./apps/portal/lib/drawings/state/houseFormGeometryInput.ts [Client Component SSR]
    ./apps/portal/lib/drawings/state/objectWorkbenchStatusModel.ts [Client Component SSR]
    ./apps/portal/lib/drawings/state/drawingWorkbenchStore.ts [Client Component SSR]
    ./apps/portal/app/staff/projects/[projectId]/design-workbench/DesignWorkbenchFixtureClient.tsx [Client Component SSR]
    ./apps/portal/app/staff/projects/[projectId]/design-workbench/DesignWorkbenchFixtureClient.tsx [Server Component]
    ./apps/portal/app/qa/design-workbench-fixture/page.tsx [Server Component]

  Server Component:
    ./packages/geometry/src/house/composition/composeRoofFromComposition.ts
    ./packages/geometry/src/house/composition/index.ts
    ./packages/geometry/src/index.ts
    ./apps/portal/lib/estimates/drawingEdits.ts
    ./apps/portal/lib/drawings/sanctuaryWorkbenchMultiObjectFixtures.ts
    ./apps/portal/lib/drawings/sanctuaryWorkbenchFixtures.ts
    ./apps/portal/app/qa/design-workbench-fixture/page.tsx @ http://localhost:3001/_next/static/chunks/node_modules_next_dist_0u_w_5s._.js:1945
[  310800ms] [ERROR] ./packages/geometry/src/house/composition/composeRoofFromComposition.ts:289:11
the name `eavePolygon` is defined multiple times
  287 |     // eliminates the noise without losing meaningful detail and lets
  288 |     // the wavefront produce clean topology on real composites.
> 289 |     const eavePolygon: Point3[] = unionPolygon.map((p) => ({
      |           ^^^^^^^^^^^
  290 |       x: Math.round(p.x),
  291 |       y: Math.round(p.y),
  292 |       z: 0,

Ecmascript file had an error

Import traces:
  Client Component Browser:
    ./packages/geometry/src/house/composition/composeRoofFromComposition.ts [Client Component Browser]
    ./apps/portal/lib/drawings/state/houseFormGeometryInput.ts [Client Component Browser]
    ./apps/portal/lib/drawings/state/objectWorkbenchStatusModel.ts [Client Component Browser]
    ./apps/portal/lib/drawings/state/drawingWorkbenchStore.ts [Client Component Browser]
    ./apps/portal/app/staff/projects/[projectId]/design-workbench/DesignWorkbenchFixtureClient.tsx [Client Component Browser]
    ./apps/portal/app/staff/projects/[projectId]/design-workbench/DesignWorkbenchFixtureClient.tsx [Server Component]
    ./apps/portal/app/qa/design-workbench-fixture/page.tsx [Server Component]

  Client Component SSR:
    ./packages/geometry/src/house/composition/composeRoofFromComposition.ts [Client Component SSR]
    ./apps/portal/lib/drawings/state/houseFormGeometryInput.ts [Client Component SSR]
    ./apps/portal/lib/drawings/state/objectWorkbenchStatusModel.ts [Client Component SSR]
    ./apps/portal/lib/drawings/state/drawingWorkbenchStore.ts [Client Component SSR]
    ./apps/portal/app/staff/projects/[projectId]/design-workbench/DesignWorkbenchFixtureClient.tsx [Client Component SSR]
    ./apps/portal/app/staff/projects/[projectId]/design-workbench/DesignWorkbenchFixtureClient.tsx [Server Component]
    ./apps/portal/app/qa/design-workbench-fixture/page.tsx [Server Component]

  Server Component:
    ./packages/geometry/src/house/composition/composeRoofFromComposition.ts
    ./packages/geometry/src/house/composition/index.ts
    ./packages/geometry/src/index.ts
    ./apps/portal/lib/estimates/drawingEdits.ts
    ./apps/portal/lib/drawings/sanctuaryWorkbenchMultiObjectFixtures.ts
    ./apps/portal/lib/drawings/sanctuaryWorkbenchFixtures.ts
    ./apps/portal/app/qa/design-workbench-fixture/page.tsx @ http://localhost:3001/_next/static/chunks/node_modules_next_dist_0u_w_5s._.js:1945
[  310802ms] [ERROR] ./packages/geometry/src/house/composition/composeRoofFromComposition.ts:242:9
cannot reassign to a variable declared with `const`
  240 |         roofPolygonIsSimple(offset)
  241 |       ) {
> 242 |         eavePolygon = offset;
      |         ^^^^^^^^^^^
  243 |       }
  244 |     }
  245 |

Ecmascript file had an error

Import traces:
  Client Component Browser:
    ./packages/geometry/src/house/composition/composeRoofFromComposition.ts [Client Component Browser]
    ./apps/portal/lib/drawings/state/houseFormGeometryInput.ts [Client Component Browser]
    ./apps/portal/lib/drawings/state/objectWorkbenchStatusModel.ts [Client Component Browser]
    ./apps/portal/lib/drawings/state/drawingWorkbenchStore.ts [Client Component Browser]
    ./apps/portal/components/projects/ProjectPage/tabs/EstimatesTab.tsx [Client Component Browser]
    ./apps/portal/components/projects/ProjectPage/ProjectMainTabs.tsx [Client Component Browser]
    ./apps/portal/components/projects/ProjectPage/ProjectPageShell.tsx [Client Component Browser]
    ./apps/portal/components/projects/ProjectPage/ProjectPageFrame.tsx [Client Component Browser]
    ./apps/portal/app/staff/projects/[projectId]/ProjectSnapshotPageClient.tsx [Client Component Browser]
    ./apps/portal/app/staff/projects/[projectId]/ProjectSnapshotPageClient.tsx [Server Component]
    ./apps/portal/app/staff/projects/[projectId]/page.tsx [Server Component]

  Client Component SSR:
    ./packages/geometry/src/house/composition/composeRoofFromComposition.ts [Client Component SSR]
    ./apps/portal/lib/drawings/state/houseFormGeometryInput.ts [Client Component SSR]
    ./apps/portal/lib/drawings/state/objectWorkbenchStatusModel.ts [Client Component SSR]
    ./apps/portal/lib/drawings/state/drawingWorkbenchStore.ts [Client Component SSR]
    ./apps/portal/components/projects/ProjectPage/tabs/EstimatesTab.tsx [Client Component SSR]
    ./apps/portal/components/projects/ProjectPage/ProjectMainTabs.tsx [Client Component SSR]
    ./apps/portal/components/projects/ProjectPage/ProjectPageShell.tsx [Client Component SSR]
    ./apps/portal/components/projects/ProjectPage/ProjectPageFrame.tsx [Client Component SSR]
    ./apps/portal/app/staff/projects/[projectId]/ProjectSnapshotPageClient.tsx [Client Component SSR]
    ./apps/portal/app/staff/projects/[projectId]/ProjectSnapshotPageClient.tsx [Server Component]
    ./apps/portal/app/staff/projects/[projectId]/page.tsx [Server Component] @ http://localhost:3001/_next/static/chunks/node_modules_next_dist_0u_w_5s._.js:1945
[  310802ms] [ERROR] ./packages/geometry/src/house/composition/composeRoofFromComposition.ts:289:11
the name `eavePolygon` is defined multiple times
  287 |     // eliminates the noise without losing meaningful detail and lets
  288 |     // the wavefront produce clean topology on real composites.
> 289 |     const eavePolygon: Point3[] = unionPolygon.map((p) => ({
      |           ^^^^^^^^^^^
  290 |       x: Math.round(p.x),
  291 |       y: Math.round(p.y),
  292 |       z: 0,

Ecmascript file had an error

Import traces:
  Client Component Browser:
    ./packages/geometry/src/house/composition/composeRoofFromComposition.ts [Client Component Browser]
    ./apps/portal/lib/drawings/state/houseFormGeometryInput.ts [Client Component Browser]
    ./apps/portal/lib/drawings/state/objectWorkbenchStatusModel.ts [Client Component Browser]
    ./apps/portal/lib/drawings/state/drawingWorkbenchStore.ts [Client Component Browser]
    ./apps/portal/components/projects/ProjectPage/tabs/EstimatesTab.tsx [Client Component Browser]
    ./apps/portal/components/projects/ProjectPage/ProjectMainTabs.tsx [Client Component Browser]
    ./apps/portal/components/projects/ProjectPage/ProjectPageShell.tsx [Client Component Browser]
    ./apps/portal/components/projects/ProjectPage/ProjectPageFrame.tsx [Client Component Browser]
    ./apps/portal/app/staff/projects/[projectId]/ProjectSnapshotPageClient.tsx [Client Component Browser]
    ./apps/portal/app/staff/projects/[projectId]/ProjectSnapshotPageClient.tsx [Server Component]
    ./apps/portal/app/staff/projects/[projectId]/page.tsx [Server Component]

  Client Component SSR:
    ./packages/geometry/src/house/composition/composeRoofFromComposition.ts [Client Component SSR]
    ./apps/portal/lib/drawings/state/houseFormGeometryInput.ts [Client Component SSR]
    ./apps/portal/lib/drawings/state/objectWorkbenchStatusModel.ts [Client Component SSR]
    ./apps/portal/lib/drawings/state/drawingWorkbenchStore.ts [Client Component SSR]
    ./apps/portal/components/projects/ProjectPage/tabs/EstimatesTab.tsx [Client Component SSR]
    ./apps/portal/components/projects/ProjectPage/ProjectMainTabs.tsx [Client Component SSR]
    ./apps/portal/components/projects/ProjectPage/ProjectPageShell.tsx [Client Component SSR]
    ./apps/portal/components/projects/ProjectPage/ProjectPageFrame.tsx [Client Component SSR]
    ./apps/portal/app/staff/projects/[projectId]/ProjectSnapshotPageClient.tsx [Client Component SSR]
    ./apps/portal/app/staff/projects/[projectId]/ProjectSnapshotPageClient.tsx [Server Component]
    ./apps/portal/app/staff/projects/[projectId]/page.tsx [Server Component] @ http://localhost:3001/_next/static/chunks/node_modules_next_dist_0u_w_5s._.js:1945
[  310834ms] [ERROR] ./packages/geometry/src/house/composition/composeRoofFromComposition.ts:242:9
cannot reassign to a variable declared with `const`
  240 |         roofPolygonIsSimple(offset)
  241 |       ) {
> 242 |         eavePolygon = offset;
      |         ^^^^^^^^^^^
  243 |       }
  244 |     }
  245 |

Ecmascript file had an error

Import traces:
  Client Component Browser:
    ./packages/geometry/src/house/composition/composeRoofFromComposition.ts [Client Component Browser]
    ./apps/portal/lib/drawings/state/houseFormGeometryInput.ts [Client Component Browser]
    ./apps/portal/lib/drawings/state/objectWorkbenchStatusModel.ts [Client Component Browser]
    ./apps/portal/lib/drawings/state/drawingWorkbenchStore.ts [Client Component Browser]
    ./apps/portal/components/projects/ProjectPage/tabs/EstimatesTab.tsx [Client Component Browser]
    ./apps/portal/components/projects/ProjectPage/ProjectMainTabs.tsx [Client Component Browser]
    ./apps/portal/components/projects/ProjectPage/ProjectPageShell.tsx [Client Component Browser]
    ./apps/portal/components/projects/ProjectPage/ProjectPageFrame.tsx [Client Component Browser]
    ./apps/portal/app/staff/projects/[projectId]/ProjectSnapshotPageClient.tsx [Client Component Browser]
    ./apps/portal/app/staff/projects/[projectId]/ProjectSnapshotPageClient.tsx [Server Component]
    ./apps/portal/app/staff/projects/[projectId]/page.tsx [Server Component]

  Client Component SSR:
    ./packages/geometry/src/house/composition/composeRoofFromComposition.ts [Client Component SSR]
    ./apps/portal/lib/drawings/state/houseFormGeometryInput.ts [Client Component SSR]
    ./apps/portal/lib/drawings/state/objectWorkbenchStatusModel.ts [Client Component SSR]
    ./apps/portal/lib/drawings/state/drawingWorkbenchStore.ts [Client Component SSR]
    ./apps/portal/components/projects/ProjectPage/tabs/EstimatesTab.tsx [Client Component SSR]
    ./apps/portal/components/projects/ProjectPage/ProjectMainTabs.tsx [Client Component SSR]
    ./apps/portal/components/projects/ProjectPage/ProjectPageShell.tsx [Client Component SSR]
    ./apps/portal/components/projects/ProjectPage/ProjectPageFrame.tsx [Client Component SSR]
    ./apps/portal/app/staff/projects/[projectId]/ProjectSnapshotPageClient.tsx [Client Component SSR]
    ./apps/portal/app/staff/projects/[projectId]/ProjectSnapshotPageClient.tsx [Server Component]
    ./apps/portal/app/staff/projects/[projectId]/page.tsx [Server Component] @ http://localhost:3001/_next/static/chunks/node_modules_next_dist_0u_w_5s._.js:1945
[  310834ms] [ERROR] ./packages/geometry/src/house/composition/composeRoofFromComposition.ts:289:11
the name `eavePolygon` is defined multiple times
  287 |     // eliminates the noise without losing meaningful detail and lets
  288 |     // the wavefront produce clean topology on real composites.
> 289 |     const eavePolygon: Point3[] = unionPolygon.map((p) => ({
      |           ^^^^^^^^^^^
  290 |       x: Math.round(p.x),
  291 |       y: Math.round(p.y),
  292 |       z: 0,

Ecmascript file had an error

Import traces:
  Client Component Browser:
    ./packages/geometry/src/house/composition/composeRoofFromComposition.ts [Client Component Browser]
    ./apps/portal/lib/drawings/state/houseFormGeometryInput.ts [Client Component Browser]
    ./apps/portal/lib/drawings/state/objectWorkbenchStatusModel.ts [Client Component Browser]
    ./apps/portal/lib/drawings/state/drawingWorkbenchStore.ts [Client Component Browser]
    ./apps/portal/components/projects/ProjectPage/tabs/EstimatesTab.tsx [Client Component Browser]
    ./apps/portal/components/projects/ProjectPage/ProjectMainTabs.tsx [Client Component Browser]
    ./apps/portal/components/projects/ProjectPage/ProjectPageShell.tsx [Client Component Browser]
    ./apps/portal/components/projects/ProjectPage/ProjectPageFrame.tsx [Client Component Browser]
    ./apps/portal/app/staff/projects/[projectId]/ProjectSnapshotPageClient.tsx [Client Component Browser]
    ./apps/portal/app/staff/projects/[projectId]/ProjectSnapshotPageClient.tsx [Server Component]
    ./apps/portal/app/staff/projects/[projectId]/page.tsx [Server Component]

  Client Component SSR:
    ./packages/geometry/src/house/composition/composeRoofFromComposition.ts [Client Component SSR]
    ./apps/portal/lib/drawings/state/houseFormGeometryInput.ts [Client Component SSR]
    ./apps/portal/lib/drawings/state/objectWorkbenchStatusModel.ts [Client Component SSR]
    ./apps/portal/lib/drawings/state/drawingWorkbenchStore.ts [Client Component SSR]
    ./apps/portal/components/projects/ProjectPage/tabs/EstimatesTab.tsx [Client Component SSR]
    ./apps/portal/components/projects/ProjectPage/ProjectMainTabs.tsx [Client Component SSR]
    ./apps/portal/components/projects/ProjectPage/ProjectPageShell.tsx [Client Component SSR]
    ./apps/portal/components/projects/ProjectPage/ProjectPageFrame.tsx [Client Component SSR]
    ./apps/portal/app/staff/projects/[projectId]/ProjectSnapshotPageClient.tsx [Client Component SSR]
    ./apps/portal/app/staff/projects/[projectId]/ProjectSnapshotPageClient.tsx [Server Component]
    ./apps/portal/app/staff/projects/[projectId]/page.tsx [Server Component] @ http://localhost:3001/_next/static/chunks/node_modules_next_dist_0u_w_5s._.js:1945
[  310929ms] [ERROR] ./packages/geometry/src/house/composition/composeRoofFromComposition.ts:242:9
cannot reassign to a variable declared with `const`
  240 |         roofPolygonIsSimple(offset)
  241 |       ) {
> 242 |         eavePolygon = offset;
      |         ^^^^^^^^^^^
  243 |       }
  244 |     }
  245 |

Ecmascript file had an error

Import traces:
  Client Component Browser:
    ./packages/geometry/src/house/composition/composeRoofFromComposition.ts [Client Component Browser]
    ./apps/portal/lib/drawings/state/houseFormGeometryInput.ts [Client Component Browser]
    ./apps/portal/lib/drawings/state/objectWorkbenchStatusModel.ts [Client Component Browser]
    ./apps/portal/lib/drawings/state/drawingWorkbenchStore.ts [Client Component Browser]
    ./apps/portal/components/projects/ProjectPage/tabs/EstimatesTab.tsx [Client Component Browser]
    ./apps/portal/components/projects/ProjectPage/ProjectMainTabs.tsx [Client Component Browser]
    ./apps/portal/components/projects/ProjectPage/ProjectPageShell.tsx [Client Component Browser]
    ./apps/portal/components/projects/ProjectPage/ProjectPageFrame.tsx [Client Component Browser]
    ./apps/portal/app/staff/projects/[projectId]/ProjectSnapshotPageClient.tsx [Client Component Browser]
    ./apps/portal/app/staff/projects/[projectId]/ProjectSnapshotPageClient.tsx [Server Component]
    ./apps/portal/app/staff/projects/[projectId]/page.tsx [Server Component]

  Client Component SSR:
    ./packages/geometry/src/house/composition/composeRoofFromComposition.ts [Client Component SSR]
    ./apps/portal/lib/drawings/state/houseFormGeometryInput.ts [Client Component SSR]
    ./apps/portal/lib/drawings/state/objectWorkbenchStatusModel.ts [Client Component SSR]
    ./apps/portal/lib/drawings/state/drawingWorkbenchStore.ts [Client Component SSR]
    ./apps/portal/components/projects/ProjectPage/tabs/EstimatesTab.tsx [Client Component SSR]
    ./apps/portal/components/projects/ProjectPage/ProjectMainTabs.tsx [Client Component SSR]
    ./apps/portal/components/projects/ProjectPage/ProjectPageShell.tsx [Client Component SSR]
    ./apps/portal/components/projects/ProjectPage/ProjectPageFrame.tsx [Client Component SSR]
    ./apps/portal/app/staff/projects/[projectId]/ProjectSnapshotPageClient.tsx [Client Component SSR]
    ./apps/portal/app/staff/projects/[projectId]/ProjectSnapshotPageClient.tsx [Server Component]
    ./apps/portal/app/staff/projects/[projectId]/page.tsx [Server Component] @ http://localhost:3001/_next/static/chunks/node_modules_next_dist_0u_w_5s._.js:1945
[  310930ms] [ERROR] ./packages/geometry/src/house/composition/composeRoofFromComposition.ts:289:11
the name `eavePolygon` is defined multiple times
  287 |     // eliminates the noise without losing meaningful detail and lets
  288 |     // the wavefront produce clean topology on real composites.
> 289 |     const eavePolygon: Point3[] = unionPolygon.map((p) => ({
      |           ^^^^^^^^^^^
  290 |       x: Math.round(p.x),
  291 |       y: Math.round(p.y),
  292 |       z: 0,

Ecmascript file had an error

Import traces:
  Client Component Browser:
    ./packages/geometry/src/house/composition/composeRoofFromComposition.ts [Client Component Browser]
    ./apps/portal/lib/drawings/state/houseFormGeometryInput.ts [Client Component Browser]
    ./apps/portal/lib/drawings/state/objectWorkbenchStatusModel.ts [Client Component Browser]
    ./apps/portal/lib/drawings/state/drawingWorkbenchStore.ts [Client Component Browser]
    ./apps/portal/components/projects/ProjectPage/tabs/EstimatesTab.tsx [Client Component Browser]
    ./apps/portal/components/projects/ProjectPage/ProjectMainTabs.tsx [Client Component Browser]
    ./apps/portal/components/projects/ProjectPage/ProjectPageShell.tsx [Client Component Browser]
    ./apps/portal/components/projects/ProjectPage/ProjectPageFrame.tsx [Client Component Browser]
    ./apps/portal/app/staff/projects/[projectId]/ProjectSnapshotPageClient.tsx [Client Component Browser]
    ./apps/portal/app/staff/projects/[projectId]/ProjectSnapshotPageClient.tsx [Server Component]
    ./apps/portal/app/staff/projects/[projectId]/page.tsx [Server Component]

  Client Component SSR:
    ./packages/geometry/src/house/composition/composeRoofFromComposition.ts [Client Component SSR]
    ./apps/portal/lib/drawings/state/houseFormGeometryInput.ts [Client Component SSR]
    ./apps/portal/lib/drawings/state/objectWorkbenchStatusModel.ts [Client Component SSR]
    ./apps/portal/lib/drawings/state/drawingWorkbenchStore.ts [Client Component SSR]
    ./apps/portal/components/projects/ProjectPage/tabs/EstimatesTab.tsx [Client Component SSR]
    ./apps/portal/components/projects/ProjectPage/ProjectMainTabs.tsx [Client Component SSR]
    ./apps/portal/components/projects/ProjectPage/ProjectPageShell.tsx [Client Component SSR]
    ./apps/portal/components/projects/ProjectPage/ProjectPageFrame.tsx [Client Component SSR]
    ./apps/portal/app/staff/projects/[projectId]/ProjectSnapshotPageClient.tsx [Client Component SSR]
    ./apps/portal/app/staff/projects/[projectId]/ProjectSnapshotPageClient.tsx [Server Component]
    ./apps/portal/app/staff/projects/[projectId]/page.tsx [Server Component] @ http://localhost:3001/_next/static/chunks/node_modules_next_dist_0u_w_5s._.js:1945
[  310991ms] [LOG] [Fast Refresh] rebuilding @ http://localhost:3001/_next/static/chunks/node_modules_next_dist_0u_w_5s._.js:1226
[  325241ms] [ERROR] ./packages/geometry/src/house/composition/composeRoofFromComposition.ts:242:9
cannot reassign to a variable declared with `const`
  240 |         roofPolygonIsSimple(offset)
  241 |       ) {
> 242 |         eavePolygon = offset;
      |         ^^^^^^^^^^^
  243 |       }
  244 |     }
  245 |

Ecmascript file had an error

Import traces:
  Client Component Browser:
    ./packages/geometry/src/house/composition/composeRoofFromComposition.ts [Client Component Browser]
    ./apps/portal/lib/drawings/state/houseFormGeometryInput.ts [Client Component Browser]
    ./apps/portal/lib/drawings/state/objectWorkbenchStatusModel.ts [Client Component Browser]
    ./apps/portal/lib/drawings/state/drawingWorkbenchStore.ts [Client Component Browser]
    ./apps/portal/components/projects/ProjectPage/tabs/EstimatesTab.tsx [Client Component Browser]
    ./apps/portal/components/projects/ProjectPage/ProjectMainTabs.tsx [Client Component Browser]
    ./apps/portal/components/projects/ProjectPage/ProjectPageShell.tsx [Client Component Browser]
    ./apps/portal/components/projects/ProjectPage/ProjectPageFrame.tsx [Client Component Browser]
    ./apps/portal/app/staff/projects/[projectId]/ProjectSnapshotPageClient.tsx [Client Component Browser]
    ./apps/portal/app/staff/projects/[projectId]/ProjectSnapshotPageClient.tsx [Server Component]
    ./apps/portal/app/staff/projects/[projectId]/page.tsx [Server Component]

  Client Component SSR:
    ./packages/geometry/src/house/composition/composeRoofFromComposition.ts [Client Component SSR]
    ./apps/portal/lib/drawings/state/houseFormGeometryInput.ts [Client Component SSR]
    ./apps/portal/lib/drawings/state/objectWorkbenchStatusModel.ts [Client Component SSR]
    ./apps/portal/lib/drawings/state/drawingWorkbenchStore.ts [Client Component SSR]
    ./apps/portal/components/projects/ProjectPage/tabs/EstimatesTab.tsx [Client Component SSR]
    ./apps/portal/components/projects/ProjectPage/ProjectMainTabs.tsx [Client Component SSR]
    ./apps/portal/components/projects/ProjectPage/ProjectPageShell.tsx [Client Component SSR]
    ./apps/portal/components/projects/ProjectPage/ProjectPageFrame.tsx [Client Component SSR]
    ./apps/portal/app/staff/projects/[projectId]/ProjectSnapshotPageClient.tsx [Client Component SSR]
    ./apps/portal/app/staff/projects/[projectId]/ProjectSnapshotPageClient.tsx [Server Component]
    ./apps/portal/app/staff/projects/[projectId]/page.tsx [Server Component] @ http://localhost:3001/_next/static/chunks/node_modules_next_dist_0u_w_5s._.js:1945
[  325241ms] [ERROR] ./packages/geometry/src/house/composition/composeRoofFromComposition.ts:289:11
the name `eavePolygon` is defined multiple times
  287 |     // eliminates the noise without losing meaningful detail and lets
  288 |     // the wavefront produce clean topology on real composites.
> 289 |     const eavePolygon: Point3[] = unionPolygon.map((p) => ({
      |           ^^^^^^^^^^^
  290 |       x: Math.round(p.x),
  291 |       y: Math.round(p.y),
  292 |       z: 0,

Ecmascript file had an error

Import traces:
  Client Component Browser:
    ./packages/geometry/src/house/composition/composeRoofFromComposition.ts [Client Component Browser]
    ./apps/portal/lib/drawings/state/houseFormGeometryInput.ts [Client Component Browser]
    ./apps/portal/lib/drawings/state/objectWorkbenchStatusModel.ts [Client Component Browser]
    ./apps/portal/lib/drawings/state/drawingWorkbenchStore.ts [Client Component Browser]
    ./apps/portal/components/projects/ProjectPage/tabs/EstimatesTab.tsx [Client Component Browser]
    ./apps/portal/components/projects/ProjectPage/ProjectMainTabs.tsx [Client Component Browser]
    ./apps/portal/components/projects/ProjectPage/ProjectPageShell.tsx [Client Component Browser]
    ./apps/portal/components/projects/ProjectPage/ProjectPageFrame.tsx [Client Component Browser]
    ./apps/portal/app/staff/projects/[projectId]/ProjectSnapshotPageClient.tsx [Client Component Browser]
    ./apps/portal/app/staff/projects/[projectId]/ProjectSnapshotPageClient.tsx [Server Component]
    ./apps/portal/app/staff/projects/[projectId]/page.tsx [Server Component]

  Client Component SSR:
    ./packages/geometry/src/house/composition/composeRoofFromComposition.ts [Client Component SSR]
    ./apps/portal/lib/drawings/state/houseFormGeometryInput.ts [Client Component SSR]
    ./apps/portal/lib/drawings/state/objectWorkbenchStatusModel.ts [Client Component SSR]
    ./apps/portal/lib/drawings/state/drawingWorkbenchStore.ts [Client Component SSR]
    ./apps/portal/components/projects/ProjectPage/tabs/EstimatesTab.tsx [Client Component SSR]
    ./apps/portal/components/projects/ProjectPage/ProjectMainTabs.tsx [Client Component SSR]
    ./apps/portal/components/projects/ProjectPage/ProjectPageShell.tsx [Client Component SSR]
    ./apps/portal/components/projects/ProjectPage/ProjectPageFrame.tsx [Client Component SSR]
    ./apps/portal/app/staff/projects/[projectId]/ProjectSnapshotPageClient.tsx [Client Component SSR]
    ./apps/portal/app/staff/projects/[projectId]/ProjectSnapshotPageClient.tsx [Server Component]
    ./apps/portal/app/staff/projects/[projectId]/page.tsx [Server Component] @ http://localhost:3001/_next/static/chunks/node_modules_next_dist_0u_w_5s._.js:1945
[  325303ms] [LOG] [Fast Refresh] rebuilding @ http://localhost:3001/_next/static/chunks/node_modules_next_dist_0u_w_5s._.js:1226
[  331966ms] [ERROR] ./packages/geometry/src/house/composition/composeRoofFromComposition.ts:242:9
cannot reassign to a variable declared with `const`
  240 |         roofPolygonIsSimple(offset)
  241 |       ) {
> 242 |         eavePolygon = offset;
      |         ^^^^^^^^^^^
  243 |       }
  244 |     }
  245 |

Ecmascript file had an error

Import traces:
  Client Component Browser:
    ./packages/geometry/src/house/composition/composeRoofFromComposition.ts [Client Component Browser]
    ./apps/portal/lib/drawings/state/houseFormGeometryInput.ts [Client Component Browser]
    ./apps/portal/lib/drawings/state/objectWorkbenchStatusModel.ts [Client Component Browser]
    ./apps/portal/lib/drawings/state/drawingWorkbenchStore.ts [Client Component Browser]
    ./apps/portal/components/projects/ProjectPage/tabs/EstimatesTab.tsx [Client Component Browser]
    ./apps/portal/components/projects/ProjectPage/ProjectMainTabs.tsx [Client Component Browser]
    ./apps/portal/components/projects/ProjectPage/ProjectPageShell.tsx [Client Component Browser]
    ./apps/portal/components/projects/ProjectPage/ProjectPageFrame.tsx [Client Component Browser]
    ./apps/portal/app/staff/projects/[projectId]/ProjectSnapshotPageClient.tsx [Client Component Browser]
    ./apps/portal/app/staff/projects/[projectId]/ProjectSnapshotPageClient.tsx [Server Component]
    ./apps/portal/app/staff/projects/[projectId]/page.tsx [Server Component]

  Client Component SSR:
    ./packages/geometry/src/house/composition/composeRoofFromComposition.ts [Client Component SSR]
    ./apps/portal/lib/drawings/state/houseFormGeometryInput.ts [Client Component SSR]
    ./apps/portal/lib/drawings/state/objectWorkbenchStatusModel.ts [Client Component SSR]
    ./apps/portal/lib/drawings/state/drawingWorkbenchStore.ts [Client Component SSR]
    ./apps/portal/components/projects/ProjectPage/tabs/EstimatesTab.tsx [Client Component SSR]
    ./apps/portal/components/projects/ProjectPage/ProjectMainTabs.tsx [Client Component SSR]
    ./apps/portal/components/projects/ProjectPage/ProjectPageShell.tsx [Client Component SSR]
    ./apps/portal/components/projects/ProjectPage/ProjectPageFrame.tsx [Client Component SSR]
    ./apps/portal/app/staff/projects/[projectId]/ProjectSnapshotPageClient.tsx [Client Component SSR]
    ./apps/portal/app/staff/projects/[projectId]/ProjectSnapshotPageClient.tsx [Server Component]
    ./apps/portal/app/staff/projects/[projectId]/page.tsx [Server Component] @ http://localhost:3001/_next/static/chunks/node_modules_next_dist_0u_w_5s._.js:1945
[  331966ms] [ERROR] ./packages/geometry/src/house/composition/composeRoofFromComposition.ts:289:11
the name `eavePolygon` is defined multiple times
  287 |     // eliminates the noise without losing meaningful detail and lets
  288 |     // the wavefront produce clean topology on real composites.
> 289 |     const eavePolygon: Point3[] = unionPolygon.map((p) => ({
      |           ^^^^^^^^^^^
  290 |       x: Math.round(p.x),
  291 |       y: Math.round(p.y),
  292 |       z: 0,

Ecmascript file had an error

Import traces:
  Client Component Browser:
    ./packages/geometry/src/house/composition/composeRoofFromComposition.ts [Client Component Browser]
    ./apps/portal/lib/drawings/state/houseFormGeometryInput.ts [Client Component Browser]
    ./apps/portal/lib/drawings/state/objectWorkbenchStatusModel.ts [Client Component Browser]
    ./apps/portal/lib/drawings/state/drawingWorkbenchStore.ts [Client Component Browser]
    ./apps/portal/components/projects/ProjectPage/tabs/EstimatesTab.tsx [Client Component Browser]
    ./apps/portal/components/projects/ProjectPage/ProjectMainTabs.tsx [Client Component Browser]
    ./apps/portal/components/projects/ProjectPage/ProjectPageShell.tsx [Client Component Browser]
    ./apps/portal/components/projects/ProjectPage/ProjectPageFrame.tsx [Client Component Browser]
    ./apps/portal/app/staff/projects/[projectId]/ProjectSnapshotPageClient.tsx [Client Component Browser]
    ./apps/portal/app/staff/projects/[projectId]/ProjectSnapshotPageClient.tsx [Server Component]
    ./apps/portal/app/staff/projects/[projectId]/page.tsx [Server Component]

  Client Component SSR:
    ./packages/geometry/src/house/composition/composeRoofFromComposition.ts [Client Component SSR]
    ./apps/portal/lib/drawings/state/houseFormGeometryInput.ts [Client Component SSR]
    ./apps/portal/lib/drawings/state/objectWorkbenchStatusModel.ts [Client Component SSR]
    ./apps/portal/lib/drawings/state/drawingWorkbenchStore.ts [Client Component SSR]
    ./apps/portal/components/projects/ProjectPage/tabs/EstimatesTab.tsx [Client Component SSR]
    ./apps/portal/components/projects/ProjectPage/ProjectMainTabs.tsx [Client Component SSR]
    ./apps/portal/components/projects/ProjectPage/ProjectPageShell.tsx [Client Component SSR]
    ./apps/portal/components/projects/ProjectPage/ProjectPageFrame.tsx [Client Component SSR]
    ./apps/portal/app/staff/projects/[projectId]/ProjectSnapshotPageClient.tsx [Client Component SSR]
    ./apps/portal/app/staff/projects/[projectId]/ProjectSnapshotPageClient.tsx [Server Component]
    ./apps/portal/app/staff/projects/[projectId]/page.tsx [Server Component] @ http://localhost:3001/_next/static/chunks/node_modules_next_dist_0u_w_5s._.js:1945
[  332028ms] [LOG] [Fast Refresh] rebuilding @ http://localhost:3001/_next/static/chunks/node_modules_next_dist_0u_w_5s._.js:1226
[  346781ms] [ERROR] ./packages/geometry/src/house/composition/composeRoofFromComposition.ts:242:9
cannot reassign to a variable declared with `const`
  240 |         roofPolygonIsSimple(offset)
  241 |       ) {
> 242 |         eavePolygon = offset;
      |         ^^^^^^^^^^^
  243 |       }
  244 |     }
  245 |

Ecmascript file had an error

Import traces:
  Client Component Browser:
    ./packages/geometry/src/house/composition/composeRoofFromComposition.ts [Client Component Browser]
    ./apps/portal/lib/drawings/state/houseFormGeometryInput.ts [Client Component Browser]
    ./apps/portal/lib/drawings/state/objectWorkbenchStatusModel.ts [Client Component Browser]
    ./apps/portal/lib/drawings/state/drawingWorkbenchStore.ts [Client Component Browser]
    ./apps/portal/components/projects/ProjectPage/tabs/EstimatesTab.tsx [Client Component Browser]
    ./apps/portal/components/projects/ProjectPage/ProjectMainTabs.tsx [Client Component Browser]
    ./apps/portal/components/projects/ProjectPage/ProjectPageShell.tsx [Client Component Browser]
    ./apps/portal/components/projects/ProjectPage/ProjectPageFrame.tsx [Client Component Browser]
    ./apps/portal/app/staff/projects/[projectId]/ProjectSnapshotPageClient.tsx [Client Component Browser]
    ./apps/portal/app/staff/projects/[projectId]/ProjectSnapshotPageClient.tsx [Server Component]
    ./apps/portal/app/staff/projects/[projectId]/page.tsx [Server Component]

  Client Component SSR:
    ./packages/geometry/src/house/composition/composeRoofFromComposition.ts [Client Component SSR]
    ./apps/portal/lib/drawings/state/houseFormGeometryInput.ts [Client Component SSR]
    ./apps/portal/lib/drawings/state/objectWorkbenchStatusModel.ts [Client Component SSR]
    ./apps/portal/lib/drawings/state/drawingWorkbenchStore.ts [Client Component SSR]
    ./apps/portal/components/projects/ProjectPage/tabs/EstimatesTab.tsx [Client Component SSR]
    ./apps/portal/components/projects/ProjectPage/ProjectMainTabs.tsx [Client Component SSR]
    ./apps/portal/components/projects/ProjectPage/ProjectPageShell.tsx [Client Component SSR]
    ./apps/portal/components/projects/ProjectPage/ProjectPageFrame.tsx [Client Component SSR]
    ./apps/portal/app/staff/projects/[projectId]/ProjectSnapshotPageClient.tsx [Client Component SSR]
    ./apps/portal/app/staff/projects/[projectId]/ProjectSnapshotPageClient.tsx [Server Component]
    ./apps/portal/app/staff/projects/[projectId]/page.tsx [Server Component] @ http://localhost:3001/_next/static/chunks/node_modules_next_dist_0u_w_5s._.js:1945
[  346781ms] [ERROR] ./packages/geometry/src/house/composition/composeRoofFromComposition.ts:289:11
the name `eavePolygon` is defined multiple times
  287 |     // eliminates the noise without losing meaningful detail and lets
  288 |     // the wavefront produce clean topology on real composites.
> 289 |     const eavePolygon: Point3[] = unionPolygon.map((p) => ({
      |           ^^^^^^^^^^^
  290 |       x: Math.round(p.x),
  291 |       y: Math.round(p.y),
  292 |       z: 0,

Ecmascript file had an error

Import traces:
  Client Component Browser:
    ./packages/geometry/src/house/composition/composeRoofFromComposition.ts [Client Component Browser]
    ./apps/portal/lib/drawings/state/houseFormGeometryInput.ts [Client Component Browser]
    ./apps/portal/lib/drawings/state/objectWorkbenchStatusModel.ts [Client Component Browser]
    ./apps/portal/lib/drawings/state/drawingWorkbenchStore.ts [Client Component Browser]
    ./apps/portal/components/projects/ProjectPage/tabs/EstimatesTab.tsx [Client Component Browser]
    ./apps/portal/components/projects/ProjectPage/ProjectMainTabs.tsx [Client Component Browser]
    ./apps/portal/components/projects/ProjectPage/ProjectPageShell.tsx [Client Component Browser]
    ./apps/portal/components/projects/ProjectPage/ProjectPageFrame.tsx [Client Component Browser]
    ./apps/portal/app/staff/projects/[projectId]/ProjectSnapshotPageClient.tsx [Client Component Browser]
    ./apps/portal/app/staff/projects/[projectId]/ProjectSnapshotPageClient.tsx [Server Component]
    ./apps/portal/app/staff/projects/[projectId]/page.tsx [Server Component]

  Client Component SSR:
    ./packages/geometry/src/house/composition/composeRoofFromComposition.ts [Client Component SSR]
    ./apps/portal/lib/drawings/state/houseFormGeometryInput.ts [Client Component SSR]
    ./apps/portal/lib/drawings/state/objectWorkbenchStatusModel.ts [Client Component SSR]
    ./apps/portal/lib/drawings/state/drawingWorkbenchStore.ts [Client Component SSR]
    ./apps/portal/components/projects/ProjectPage/tabs/EstimatesTab.tsx [Client Component SSR]
    ./apps/portal/components/projects/ProjectPage/ProjectMainTabs.tsx [Client Component SSR]
    ./apps/portal/components/projects/ProjectPage/ProjectPageShell.tsx [Client Component SSR]
    ./apps/portal/components/projects/ProjectPage/ProjectPageFrame.tsx [Client Component SSR]
    ./apps/portal/app/staff/projects/[projectId]/ProjectSnapshotPageClient.tsx [Client Component SSR]
    ./apps/portal/app/staff/projects/[projectId]/ProjectSnapshotPageClient.tsx [Server Component]
    ./apps/portal/app/staff/projects/[projectId]/page.tsx [Server Component] @ http://localhost:3001/_next/static/chunks/node_modules_next_dist_0u_w_5s._.js:1945
[  346843ms] [LOG] [Fast Refresh] rebuilding @ http://localhost:3001/_next/static/chunks/node_modules_next_dist_0u_w_5s._.js:1226
[  347244ms] [LOG] [Fast Refresh] rebuilding @ http://localhost:3001/_next/static/chunks/node_modules_next_dist_0u_w_5s._.js:1226
[  347579ms] [LOG] [Fast Refresh] done in 355ms @ http://localhost:3001/_next/static/chunks/node_modules_next_dist_0u_w_5s._.js:1226
[  348686ms] [LOG] [Fast Refresh] rebuilding @ http://localhost:3001/_next/static/chunks/node_modules_next_dist_0u_w_5s._.js:1226
[  349337ms] [LOG] [Fast Refresh] done in 758ms @ http://localhost:3001/_next/static/chunks/node_modules_next_dist_0u_w_5s._.js:1226
[  350259ms] [INFO] %cDownload the React DevTools for a better development experience: https://react.dev/link/react-devtools font-weight:bold @ http://localhost:3001/_next/static/chunks/node_modules_next_dist_115brz8._.js:2431
[  350319ms] [LOG] [HMR] connected @ http://localhost:3001/_next/static/chunks/node_modules_next_dist_115brz8._.js:2431
[  353950ms] [ERROR] %o

%s ReferenceError: Cannot access 'eavePolygon' before initialization
    at composeRoofFromComposition (http://localhost:3001/_next/static/chunks/packages_geometry_src_house_06i7807._.js:9109:22)
    at swapRoofFromComposition (http://localhost:3001/_next/static/chunks/apps_portal_lib_0r27x~s._.js:3812:237)
    at buildHouseFormGeometryInputForForm (http://localhost:3001/_next/static/chunks/apps_portal_lib_0r27x~s._.js:4054:43)
    at buildHouseFormGeometryInput (http://localhost:3001/_next/static/chunks/apps_portal_lib_0r27x~s._.js:4133:12)
    at buildProjectHouseGeometryRegistry (http://localhost:3001/_next/static/chunks/apps_portal_lib_0r27x~s._.js:4162:234)
    at buildWorkbenchSolvedModel (http://localhost:3001/_next/static/chunks/apps_portal_lib_0r27x~s._.js:5908:251)
    at buildDrawingWorkbenchStore (http://localhost:3001/_next/static/chunks/apps_portal_lib_0r27x~s._.js:7437:224)
    at DesignWorkbenchEstimateClient.useMemo[store] (http://localhost:3001/_next/static/chunks/apps_portal_app_staff_projects_%5BprojectId%5D_design-workbench_03a16h3._.js:3866:262)
    at mountMemo (http://localhost:3001/_next/static/chunks/node_modules_next_dist_compiled_react-dom_058-ah~._.js:5393:25)
    at Object.useMemo (http://localhost:3001/_next/static/chunks/node_modules_next_dist_compiled_react-dom_058-ah~._.js:15213:24)
    at http://localhost:3001/_next/static/chunks/node_modules_next_dist_compiled_0rpq4pf._.js:1742:36
    at DesignWorkbenchEstimateClient (http://localhost:3001/_next/static/chunks/apps_portal_app_staff_projects_%5BprojectId%5D_design-workbench_03a16h3._.js:3865:192)
    at Object.react_stack_bottom_frame (http://localhost:3001/_next/static/chunks/node_modules_next_dist_compiled_react-dom_058-ah~._.js:15037:24)
    at renderWithHooks (http://localhost:3001/_next/static/chunks/node_modules_next_dist_compiled_react-dom_058-ah~._.js:4620:24)
    at updateFunctionComponent (http://localhost:3001/_next/static/chunks/node_modules_next_dist_compiled_react-dom_058-ah~._.js:6081:21)
    at beginWork (http://localhost:3001/_next/static/chunks/node_modules_next_dist_compiled_react-dom_058-ah~._.js:6665:639)
    at runWithFiberInDEV (http://localhost:3001/_next/static/chunks/node_modules_next_dist_compiled_react-dom_058-ah~._.js:965:74)
    at performUnitOfWork (http://localhost:3001/_next/static/chunks/node_modules_next_dist_compiled_react-dom_058-ah~._.js:9555:97)
    at workLoopSync (http://localhost:3001/_next/static/chunks/node_modules_next_dist_compiled_react-dom_058-ah~._.js:9449:40)
    at renderRootSync (http://localhost:3001/_next/static/chunks/node_modules_next_dist_compiled_react-dom_058-ah~._.js:9433:13)
    at performWorkOnRoot (http://localhost:3001/_next/static/chunks/node_modules_next_dist_compiled_react-dom_058-ah~._.js:9098:47)
    at performWorkOnRootViaSchedulerTask (http://localhost:3001/_next/static/chunks/node_modules_next_dist_compiled_react-dom_058-ah~._.js:10255:9)
    at MessagePort.performWorkUntilDeadline (http://localhost:3001/_next/static/chunks/node_modules_next_dist_compiled_0rpq4pf._.js:2647:64) The above error occurred in the <DesignWorkbenchEstimateClient> component. It was handled by the <ErrorBoundaryHandler> error boundary. @ http://localhost:3001/_next/static/chunks/node_modules_next_dist_client_0fhqo1d._.js:1998
[  353957ms] [ERROR] [portal] {event: portal.global_error, message: Cannot access 'eavePolygon' before initialization, digest: null, pathname: /staff/projects/proj_cf4afb59-b72c-4b11-b39f-9e04f4684163/design-workbench} @ http://localhost:3001/_next/static/chunks/node_modules_next_dist_115brz8._.js:3272
[  353958ms] [ERROR] [portal] {event: portal.global_error, message: Cannot access 'eavePolygon' before initialization, digest: null, pathname: /staff/projects/proj_cf4afb59-b72c-4b11-b39f-9e04f4684163/design-workbench} @ http://localhost:3001/_next/static/chunks/node_modules_next_dist_115brz8._.js:3272
[  359370ms] [LOG] [Fast Refresh] rebuilding @ http://localhost:3001/_next/static/chunks/node_modules_next_dist_115brz8._.js:2431
[  359774ms] [LOG] [Fast Refresh] done in 362ms @ http://localhost:3001/_next/static/chunks/node_modules_next_dist_115brz8._.js:2431
[  360262ms] [LOG] [Fast Refresh] rebuilding @ http://localhost:3001/_next/static/chunks/node_modules_next_dist_115brz8._.js:2431
[  360683ms] [LOG] [Fast Refresh] done in 526ms @ http://localhost:3001/_next/static/chunks/node_modules_next_dist_115brz8._.js:2431
[  360888ms] [LOG] [Fast Refresh] rebuilding @ http://localhost:3001/_next/static/chunks/node_modules_next_dist_115brz8._.js:2431
[  360926ms] [LOG] [Fast Refresh] done in 144ms @ http://localhost:3001/_next/static/chunks/node_modules_next_dist_115brz8._.js:2431
[  361250ms] [LOG] [Fast Refresh] rebuilding @ http://localhost:3001/_next/static/chunks/node_modules_next_dist_115brz8._.js:2431
[  361288ms] [LOG] [Fast Refresh] done in 139ms @ http://localhost:3001/_next/static/chunks/node_modules_next_dist_115brz8._.js:2431
[  361492ms] [LOG] [Fast Refresh] rebuilding @ http://localhost:3001/_next/static/chunks/node_modules_next_dist_115brz8._.js:2431
[  361530ms] [LOG] [Fast Refresh] done in 140ms @ http://localhost:3001/_next/static/chunks/node_modules_next_dist_115brz8._.js:2431
[  361965ms] [LOG] [Fast Refresh] rebuilding @ http://localhost:3001/_next/static/chunks/node_modules_next_dist_115brz8._.js:2431
[  362017ms] [LOG] [Fast Refresh] done in 154ms @ http://localhost:3001/_next/static/chunks/node_modules_next_dist_115brz8._.js:2431
[  362155ms] [LOG] [Fast Refresh] rebuilding @ http://localhost:3001/_next/static/chunks/node_modules_next_dist_115brz8._.js:2431
[  362217ms] [LOG] [Fast Refresh] done in 162ms @ http://localhost:3001/_next/static/chunks/node_modules_next_dist_115brz8._.js:2431
[  362514ms] [LOG] [Fast Refresh] rebuilding @ http://localhost:3001/_next/static/chunks/node_modules_next_dist_115brz8._.js:2431
[  362566ms] [LOG] [Fast Refresh] done in 152ms @ http://localhost:3001/_next/static/chunks/node_modules_next_dist_115brz8._.js:2431
[  362777ms] [LOG] [Fast Refresh] rebuilding @ http://localhost:3001/_next/static/chunks/node_modules_next_dist_115brz8._.js:2431
[  362814ms] [LOG] [Fast Refresh] done in 142ms @ http://localhost:3001/_next/static/chunks/node_modules_next_dist_115brz8._.js:2431
[  363104ms] [LOG] [Fast Refresh] rebuilding @ http://localhost:3001/_next/static/chunks/node_modules_next_dist_115brz8._.js:2431
[  363151ms] [LOG] [Fast Refresh] done in 146ms @ http://localhost:3001/_next/static/chunks/node_modules_next_dist_115brz8._.js:2431
[  363439ms] [LOG] [Fast Refresh] rebuilding @ http://localhost:3001/_next/static/chunks/node_modules_next_dist_115brz8._.js:2431
[  363479ms] [LOG] [Fast Refresh] done in 141ms @ http://localhost:3001/_next/static/chunks/node_modules_next_dist_115brz8._.js:2431
[  397079ms] [LOG] [Fast Refresh] rebuilding @ http://localhost:3001/_next/static/chunks/node_modules_next_dist_115brz8._.js:2431
[  397326ms] [LOG] [Fast Refresh] done in 362ms @ http://localhost:3001/_next/static/chunks/node_modules_next_dist_115brz8._.js:2431
[  433700ms] [LOG] [Fast Refresh] rebuilding @ http://localhost:3001/_next/static/chunks/node_modules_next_dist_115brz8._.js:2431
[  433921ms] [LOG] [Fast Refresh] done in 333ms @ http://localhost:3001/_next/static/chunks/node_modules_next_dist_115brz8._.js:2431
