[    1333ms] [LOG] [Fast Refresh] rebuilding @ http://localhost:3001/_next/static/chunks/node_modules_next_dist_115brz8._.js:2431
[    1472ms] [LOG] [Fast Refresh] done in 243ms @ http://localhost:3001/_next/static/chunks/node_modules_next_dist_115brz8._.js:2431
[    2328ms] [INFO] %cDownload the React DevTools for a better development experience: https://react.dev/link/react-devtools font-weight:bold @ http://localhost:3001/_next/static/chunks/node_modules_next_dist_115brz8._.js:2431
[    2350ms] [LOG] [HMR] connected @ http://localhost:3001/_next/static/chunks/node_modules_next_dist_115brz8._.js:2431
[    7708ms] [WARNING] The resource http://localhost:3001/_next/static/chunks/apps_portal_components_page-state_PageState_module_0sc2l4s.css was preloaded using link preload but not used within a few seconds from the window's load event. Please make sure it has an appropriate `as` value and it is preloaded intentionally. @ http://localhost:3001/staff/projects/proj_cf4afb59-b72c-4b11-b39f-9e04f4684163/design-workbench:0
[   20353ms] [WARNING] THREE.THREE.Clock: This module has been deprecated. Please use THREE.Timer instead. @ http://localhost:3001/_next/static/chunks/node_modules_next_dist_115brz8._.js:2431
[   64316ms] [LOG] [HMR] connected @ http://localhost:3001/_next/static/chunks/node_modules_next_dist_115brz8._.js:2431
[   87432ms] [LOG] [Fast Refresh] rebuilding @ http://localhost:3001/_next/static/chunks/node_modules_next_dist_115brz8._.js:2431
[   87697ms] [LOG] [Fast Refresh] done in 373ms @ http://localhost:3001/_next/static/chunks/node_modules_next_dist_115brz8._.js:2431
[   96485ms] [LOG] [Fast Refresh] rebuilding @ http://localhost:3001/_next/static/chunks/node_modules_next_dist_115brz8._.js:2431
[   96738ms] [LOG] [Fast Refresh] done in 363ms @ http://localhost:3001/_next/static/chunks/node_modules_next_dist_115brz8._.js:2431
[  178545ms] [WARNING] THREE.THREE.Clock: This module has been deprecated. Please use THREE.Timer instead. @ http://localhost:3001/_next/static/chunks/node_modules_next_dist_115brz8._.js:2431
[ 2407638ms] [WARNING] The resource http://localhost:3001/_next/static/chunks/apps_portal_components_page-state_PageState_module_0sc2l4s.css was preloaded using link preload but not used within a few seconds from the window's load event. Please make sure it has an appropriate `as` value and it is preloaded intentionally. @ http://localhost:3001/staff/projects/proj_cf4afb59-b72c-4b11-b39f-9e04f4684163/design-workbench:0
[ 5917987ms] [WARNING] The resource http://localhost:3001/_next/static/chunks/apps_portal_components_page-state_PageState_module_0sc2l4s.css was preloaded using link preload but not used within a few seconds from the window's load event. Please make sure it has an appropriate `as` value and it is preloaded intentionally. @ http://localhost:3001/staff/projects/proj_cf4afb59-b72c-4b11-b39f-9e04f4684163/design-workbench:0
[ 9427922ms] [WARNING] The resource http://localhost:3001/_next/static/chunks/apps_portal_components_page-state_PageState_module_0sc2l4s.css was preloaded using link preload but not used within a few seconds from the window's load event. Please make sure it has an appropriate `as` value and it is preloaded intentionally. @ http://localhost:3001/staff/projects/proj_cf4afb59-b72c-4b11-b39f-9e04f4684163/design-workbench:0
[12937761ms] [WARNING] The resource http://localhost:3001/_next/static/chunks/apps_portal_components_page-state_PageState_module_0sc2l4s.css was preloaded using link preload but not used within a few seconds from the window's load event. Please make sure it has an appropriate `as` value and it is preloaded intentionally. @ http://localhost:3001/staff/projects/proj_cf4afb59-b72c-4b11-b39f-9e04f4684163/design-workbench:0
[16447712ms] [WARNING] The resource http://localhost:3001/_next/static/chunks/apps_portal_components_page-state_PageState_module_0sc2l4s.css was preloaded using link preload but not used within a few seconds from the window's load event. Please make sure it has an appropriate `as` value and it is preloaded intentionally. @ http://localhost:3001/staff/projects/proj_cf4afb59-b72c-4b11-b39f-9e04f4684163/design-workbench:0
[19957834ms] [WARNING] The resource http://localhost:3001/_next/static/chunks/apps_portal_components_page-state_PageState_module_0sc2l4s.css was preloaded using link preload but not used within a few seconds from the window's load event. Please make sure it has an appropriate `as` value and it is preloaded intentionally. @ http://localhost:3001/staff/projects/proj_cf4afb59-b72c-4b11-b39f-9e04f4684163/design-workbench:0
[23468267ms] [WARNING] The resource http://localhost:3001/_next/static/chunks/apps_portal_components_page-state_PageState_module_0sc2l4s.css was preloaded using link preload but not used within a few seconds from the window's load event. Please make sure it has an appropriate `as` value and it is preloaded intentionally. @ http://localhost:3001/staff/projects/proj_cf4afb59-b72c-4b11-b39f-9e04f4684163/design-workbench:0
[26977881ms] [WARNING] The resource http://localhost:3001/_next/static/chunks/apps_portal_components_page-state_PageState_module_0sc2l4s.css was preloaded using link preload but not used within a few seconds from the window's load event. Please make sure it has an appropriate `as` value and it is preloaded intentionally. @ http://localhost:3001/staff/projects/proj_cf4afb59-b72c-4b11-b39f-9e04f4684163/design-workbench:0
[30487898ms] [WARNING] The resource http://localhost:3001/_next/static/chunks/apps_portal_components_page-state_PageState_module_0sc2l4s.css was preloaded using link preload but not used within a few seconds from the window's load event. Please make sure it has an appropriate `as` value and it is preloaded intentionally. @ http://localhost:3001/staff/projects/proj_cf4afb59-b72c-4b11-b39f-9e04f4684163/design-workbench:0
[33999418ms] [WARNING] The resource http://localhost:3001/_next/static/chunks/apps_portal_components_page-state_PageState_module_0sc2l4s.css was preloaded using link preload but not used within a few seconds from the window's load event. Please make sure it has an appropriate `as` value and it is preloaded intentionally. @ http://localhost:3001/staff/projects/proj_cf4afb59-b72c-4b11-b39f-9e04f4684163/design-workbench:0
[37508376ms] [WARNING] The resource http://localhost:3001/_next/static/chunks/apps_portal_components_page-state_PageState_module_0sc2l4s.css was preloaded using link preload but not used within a few seconds from the window's load event. Please make sure it has an appropriate `as` value and it is preloaded intentionally. @ http://localhost:3001/staff/projects/proj_cf4afb59-b72c-4b11-b39f-9e04f4684163/design-workbench:0
[41018733ms] [WARNING] The resource http://localhost:3001/_next/static/chunks/apps_portal_components_page-state_PageState_module_0sc2l4s.css was preloaded using link preload but not used within a few seconds from the window's load event. Please make sure it has an appropriate `as` value and it is preloaded intentionally. @ http://localhost:3001/staff/projects/proj_cf4afb59-b72c-4b11-b39f-9e04f4684163/design-workbench:0
[44528992ms] [WARNING] The resource http://localhost:3001/_next/static/chunks/apps_portal_components_page-state_PageState_module_0sc2l4s.css was preloaded using link preload but not used within a few seconds from the window's load event. Please make sure it has an appropriate `as` value and it is preloaded intentionally. @ http://localhost:3001/staff/projects/proj_cf4afb59-b72c-4b11-b39f-9e04f4684163/design-workbench:0
[47636199ms] [LOG] [Fast Refresh] rebuilding @ http://localhost:3001/_next/static/chunks/node_modules_next_dist_115brz8._.js:2431
[47636467ms] [LOG] [Fast Refresh] done in 372ms @ http://localhost:3001/_next/static/chunks/node_modules_next_dist_115brz8._.js:2431
[47651095ms] [LOG] [Fast Refresh] rebuilding @ http://localhost:3001/_next/static/chunks/node_modules_next_dist_115brz8._.js:2431
[47651673ms] [LOG] [Fast Refresh] done in 679ms @ http://localhost:3001/_next/static/chunks/node_modules_next_dist_115brz8._.js:2431
[47652880ms] [LOG] [Fast Refresh] rebuilding @ http://localhost:3001/_next/static/chunks/node_modules_next_dist_115brz8._.js:2431
[47653415ms] [LOG] [Fast Refresh] done in 639ms @ http://localhost:3001/_next/static/chunks/node_modules_next_dist_115brz8._.js:2431
[47653525ms] [LOG] [Fast Refresh] rebuilding @ http://localhost:3001/_next/static/chunks/node_modules_next_dist_115brz8._.js:2431
[47654036ms] [LOG] [Fast Refresh] done in 614ms @ http://localhost:3001/_next/static/chunks/node_modules_next_dist_115brz8._.js:2431
[47654400ms] [WARNING] The resource http://localhost:3001/_next/static/chunks/apps_portal_components_page-state_PageState_module_0sc2l4s.css was preloaded using link preload but not used within a few seconds from the window's load event. Please make sure it has an appropriate `as` value and it is preloaded intentionally. @ http://localhost:3001/staff/projects/proj_cf4afb59-b72c-4b11-b39f-9e04f4684163/design-workbench:0
[47656532ms] [LOG] [Fast Refresh] rebuilding @ http://localhost:3001/_next/static/chunks/node_modules_next_dist_115brz8._.js:2431
[47656690ms] [LOG] [Fast Refresh] done in 261ms @ http://localhost:3001/_next/static/chunks/node_modules_next_dist_115brz8._.js:2431
[47657352ms] [LOG] [Fast Refresh] rebuilding @ http://localhost:3001/_next/static/chunks/node_modules_next_dist_115brz8._.js:2431
[47657392ms] [LOG] [Fast Refresh] done in 146ms @ http://localhost:3001/_next/static/chunks/node_modules_next_dist_115brz8._.js:2431
[47657539ms] [LOG] [Fast Refresh] rebuilding @ http://localhost:3001/_next/static/chunks/node_modules_next_dist_115brz8._.js:2431
[47657552ms] [LOG] [Fast Refresh] done in 117ms @ http://localhost:3001/_next/static/chunks/node_modules_next_dist_115brz8._.js:2431
[47661464ms] [WARNING] The resource http://localhost:3001/_next/static/chunks/apps_portal_components_page-state_PageState_module_0sc2l4s.css was preloaded using link preload but not used within a few seconds from the window's load event. Please make sure it has an appropriate `as` value and it is preloaded intentionally. @ http://localhost:3001/staff/projects/proj_cf4afb59-b72c-4b11-b39f-9e04f4684163/design-workbench:0
[47688148ms] [LOG] [Fast Refresh] rebuilding @ http://localhost:3001/_next/static/chunks/node_modules_next_dist_115brz8._.js:2431
[47688727ms] [LOG] [Fast Refresh] done in 678ms @ http://localhost:3001/_next/static/chunks/node_modules_next_dist_115brz8._.js:2431
[47689510ms] [LOG] [Fast Refresh] rebuilding @ http://localhost:3001/_next/static/chunks/node_modules_next_dist_115brz8._.js:2431
[47689967ms] [LOG] [Fast Refresh] done in 559ms @ http://localhost:3001/_next/static/chunks/node_modules_next_dist_115brz8._.js:2431
[47690072ms] [LOG] [Fast Refresh] rebuilding @ http://localhost:3001/_next/static/chunks/node_modules_next_dist_115brz8._.js:2431
[47690205ms] [LOG] [Fast Refresh] done in 238ms @ http://localhost:3001/_next/static/chunks/node_modules_next_dist_115brz8._.js:2431
[47690740ms] [LOG] [Fast Refresh] rebuilding @ http://localhost:3001/_next/static/chunks/node_modules_next_dist_115brz8._.js:2431
[47690805ms] [LOG] [Fast Refresh] done in 168ms @ http://localhost:3001/_next/static/chunks/node_modules_next_dist_115brz8._.js:2431
[47690975ms] [LOG] [Fast Refresh] rebuilding @ http://localhost:3001/_next/static/chunks/node_modules_next_dist_115brz8._.js:2431
[47691015ms] [LOG] [Fast Refresh] done in 140ms @ http://localhost:3001/_next/static/chunks/node_modules_next_dist_115brz8._.js:2431
[47691392ms] [LOG] [Fast Refresh] rebuilding @ http://localhost:3001/_next/static/chunks/node_modules_next_dist_115brz8._.js:2431
[47691426ms] [LOG] [Fast Refresh] done in 139ms @ http://localhost:3001/_next/static/chunks/node_modules_next_dist_115brz8._.js:2431
[47691606ms] [LOG] [Fast Refresh] rebuilding @ http://localhost:3001/_next/static/chunks/node_modules_next_dist_115brz8._.js:2431
[47691635ms] [LOG] [Fast Refresh] done in 130ms @ http://localhost:3001/_next/static/chunks/node_modules_next_dist_115brz8._.js:2431
[47694680ms] [WARNING] The resource http://localhost:3001/_next/static/chunks/apps_portal_components_page-state_PageState_module_0sc2l4s.css was preloaded using link preload but not used within a few seconds from the window's load event. Please make sure it has an appropriate `as` value and it is preloaded intentionally. @ http://localhost:3001/staff/projects/proj_cf4afb59-b72c-4b11-b39f-9e04f4684163/design-workbench:0
[47718286ms] [LOG] [Fast Refresh] rebuilding @ http://localhost:3001/_next/static/chunks/node_modules_next_dist_115brz8._.js:2431
[47718844ms] [LOG] [Fast Refresh] done in 653ms @ http://localhost:3001/_next/static/chunks/node_modules_next_dist_115brz8._.js:2431
[47719443ms] [LOG] [Fast Refresh] rebuilding @ http://localhost:3001/_next/static/chunks/node_modules_next_dist_115brz8._.js:2431
[47719669ms] [LOG] [Fast Refresh] done in 335ms @ http://localhost:3001/_next/static/chunks/node_modules_next_dist_115brz8._.js:2431
[47719785ms] [LOG] [Fast Refresh] rebuilding @ http://localhost:3001/_next/static/chunks/node_modules_next_dist_115brz8._.js:2431
[47720218ms] [LOG] [Fast Refresh] done in 541ms @ http://localhost:3001/_next/static/chunks/node_modules_next_dist_115brz8._.js:2431
[47720328ms] [LOG] [Fast Refresh] rebuilding @ http://localhost:3001/_next/static/chunks/node_modules_next_dist_115brz8._.js:2431
[47720375ms] [LOG] [Fast Refresh] done in 148ms @ http://localhost:3001/_next/static/chunks/node_modules_next_dist_115brz8._.js:2431
[47720851ms] [LOG] [Fast Refresh] rebuilding @ http://localhost:3001/_next/static/chunks/node_modules_next_dist_115brz8._.js:2431
[47720883ms] [LOG] [Fast Refresh] done in 136ms @ http://localhost:3001/_next/static/chunks/node_modules_next_dist_115brz8._.js:2431
[47721006ms] [LOG] [Fast Refresh] rebuilding @ http://localhost:3001/_next/static/chunks/node_modules_next_dist_115brz8._.js:2431
[47721027ms] [LOG] [Fast Refresh] done in 132ms @ http://localhost:3001/_next/static/chunks/node_modules_next_dist_115brz8._.js:2431
[47721383ms] [LOG] [Fast Refresh] rebuilding @ http://localhost:3001/_next/static/chunks/node_modules_next_dist_115brz8._.js:2431
[47721412ms] [LOG] [Fast Refresh] done in 134ms @ http://localhost:3001/_next/static/chunks/node_modules_next_dist_115brz8._.js:2431
[47721566ms] [LOG] [Fast Refresh] rebuilding @ http://localhost:3001/_next/static/chunks/node_modules_next_dist_115brz8._.js:2431
[47721585ms] [LOG] [Fast Refresh] done in 126ms @ http://localhost:3001/_next/static/chunks/node_modules_next_dist_115brz8._.js:2431
[47721632ms] [ERROR] %o

%s ReferenceError: transformAttr is not defined
    at PlanCanvas (http://localhost:3001/_next/static/chunks/apps_portal_components_0box0hu._.js?id=%255Bproject%255D%252Fapps%252Fportal%252Fcomponents%252Fdrawings%252Fviewports%252FPlanViewport%252Fcanvas%252FPlanCanvas.tsx+%255Bapp-client%255D+%2528ecmascript%2529:314:32)
    at Object.react_stack_bottom_frame (http://localhost:3001/_next/static/chunks/node_modules_next_dist_compiled_react-dom_058-ah~._.js:15037:24)
    at renderWithHooks (http://localhost:3001/_next/static/chunks/node_modules_next_dist_compiled_react-dom_058-ah~._.js:4620:24)
    at updateFunctionComponent (http://localhost:3001/_next/static/chunks/node_modules_next_dist_compiled_react-dom_058-ah~._.js:6081:21)
    at beginWork (http://localhost:3001/_next/static/chunks/node_modules_next_dist_compiled_react-dom_058-ah~._.js:6691:24)
    at runWithFiberInDEV (http://localhost:3001/_next/static/chunks/node_modules_next_dist_compiled_react-dom_058-ah~._.js:965:74)
    at performUnitOfWork (http://localhost:3001/_next/static/chunks/node_modules_next_dist_compiled_react-dom_058-ah~._.js:9555:97)
    at workLoopSync (http://localhost:3001/_next/static/chunks/node_modules_next_dist_compiled_react-dom_058-ah~._.js:9449:40)
    at renderRootSync (http://localhost:3001/_next/static/chunks/node_modules_next_dist_compiled_react-dom_058-ah~._.js:9433:13)
    at performWorkOnRoot (http://localhost:3001/_next/static/chunks/node_modules_next_dist_compiled_react-dom_058-ah~._.js:9061:186)
    at performSyncWorkOnRoot (http://localhost:3001/_next/static/chunks/node_modules_next_dist_compiled_react-dom_058-ah~._.js:10263:9)
    at flushSyncWorkAcrossRoots_impl (http://localhost:3001/_next/static/chunks/node_modules_next_dist_compiled_react-dom_058-ah~._.js:10179:316)
    at processRootScheduleInMicrotask (http://localhost:3001/_next/static/chunks/node_modules_next_dist_compiled_react-dom_058-ah~._.js:10200:106)
    at http://localhost:3001/_next/static/chunks/node_modules_next_dist_compiled_react-dom_058-ah~._.js:10274:158 The above error occurred in the <PlanCanvas> component. It was handled by the <ErrorBoundaryHandler> error boundary. @ http://localhost:3001/_next/static/chunks/node_modules_next_dist_client_0fhqo1d._.js:1998
[47721635ms] [ERROR] [portal] {event: portal.global_error, message: transformAttr is not defined, digest: null, pathname: /staff/projects/proj_cf4afb59-b72c-4b11-b39f-9e04f4684163/design-workbench} @ http://localhost:3001/_next/static/chunks/node_modules_next_dist_115brz8._.js:3272
[47721636ms] [ERROR] [portal] {event: portal.global_error, message: transformAttr is not defined, digest: null, pathname: /staff/projects/proj_cf4afb59-b72c-4b11-b39f-9e04f4684163/design-workbench} @ http://localhost:3001/_next/static/chunks/node_modules_next_dist_115brz8._.js:3272
[47727055ms] [LOG] [Fast Refresh] rebuilding @ http://localhost:3001/_next/static/chunks/node_modules_next_dist_115brz8._.js:2431
[47727604ms] [ERROR] Encountered a script tag while rendering React component. Scripts inside React components are never executed when rendering on the client. Consider using template tag instead (https://developer.mozilla.org/en-US/docs/Web/HTML/Element/template). @ http://localhost:3001/_next/static/chunks/node_modules_next_dist_115brz8._.js:3272
[47736220ms] [LOG] [Fast Refresh] done in 658ms @ http://localhost:3001/_next/static/chunks/node_modules_next_dist_115brz8._.js:2431
[47740597ms] [WARNING] THREE.THREE.Clock: This module has been deprecated. Please use THREE.Timer instead. @ http://localhost:3001/_next/static/chunks/node_modules_next_dist_115brz8._.js:2431
[47741250ms] [LOG] [Fast Refresh] rebuilding @ http://localhost:3001/_next/static/chunks/node_modules_next_dist_115brz8._.js:2431
[47741830ms] [LOG] [Fast Refresh] done in 684ms @ http://localhost:3001/_next/static/chunks/node_modules_next_dist_115brz8._.js:2431
[47742367ms] [LOG] [Fast Refresh] rebuilding @ http://localhost:3001/_next/static/chunks/node_modules_next_dist_115brz8._.js:2431
[47742606ms] [LOG] [Fast Refresh] done in 341ms @ http://localhost:3001/_next/static/chunks/node_modules_next_dist_115brz8._.js:2431
[47742745ms] [LOG] [Fast Refresh] rebuilding @ http://localhost:3001/_next/static/chunks/node_modules_next_dist_115brz8._.js:2431
[47743371ms] [LOG] [Fast Refresh] done in 729ms @ http://localhost:3001/_next/static/chunks/node_modules_next_dist_115brz8._.js:2431
[47743944ms] [LOG] [Fast Refresh] rebuilding @ http://localhost:3001/_next/static/chunks/node_modules_next_dist_115brz8._.js:2431
[47744022ms] [LOG] [Fast Refresh] done in 180ms @ http://localhost:3001/_next/static/chunks/node_modules_next_dist_115brz8._.js:2431
[47744174ms] [LOG] [Fast Refresh] rebuilding @ http://localhost:3001/_next/static/chunks/node_modules_next_dist_115brz8._.js:2431
[47744213ms] [LOG] [Fast Refresh] done in 144ms @ http://localhost:3001/_next/static/chunks/node_modules_next_dist_115brz8._.js:2431
[47744620ms] [LOG] [Fast Refresh] rebuilding @ http://localhost:3001/_next/static/chunks/node_modules_next_dist_115brz8._.js:2431
[47744655ms] [LOG] [Fast Refresh] done in 146ms @ http://localhost:3001/_next/static/chunks/node_modules_next_dist_115brz8._.js:2431
[47744797ms] [LOG] [Fast Refresh] rebuilding @ http://localhost:3001/_next/static/chunks/node_modules_next_dist_115brz8._.js:2431
[47744824ms] [LOG] [Fast Refresh] done in 130ms @ http://localhost:3001/_next/static/chunks/node_modules_next_dist_115brz8._.js:2431
[47753840ms] [LOG] [Fast Refresh] rebuilding @ http://localhost:3001/_next/static/chunks/node_modules_next_dist_115brz8._.js:2431
[47754421ms] [LOG] [Fast Refresh] done in 682ms @ http://localhost:3001/_next/static/chunks/node_modules_next_dist_115brz8._.js:2431
[47755005ms] [LOG] [Fast Refresh] rebuilding @ http://localhost:3001/_next/static/chunks/node_modules_next_dist_115brz8._.js:2431
[47755433ms] [LOG] [Fast Refresh] done in 537ms @ http://localhost:3001/_next/static/chunks/node_modules_next_dist_115brz8._.js:2431
[47755639ms] [LOG] [Fast Refresh] rebuilding @ http://localhost:3001/_next/static/chunks/node_modules_next_dist_115brz8._.js:2431
[47755676ms] [LOG] [Fast Refresh] done in 137ms @ http://localhost:3001/_next/static/chunks/node_modules_next_dist_115brz8._.js:2431
[47756004ms] [LOG] [Fast Refresh] rebuilding @ http://localhost:3001/_next/static/chunks/node_modules_next_dist_115brz8._.js:2431
[47756036ms] [LOG] [Fast Refresh] done in 139ms @ http://localhost:3001/_next/static/chunks/node_modules_next_dist_115brz8._.js:2431
[47756234ms] [LOG] [Fast Refresh] rebuilding @ http://localhost:3001/_next/static/chunks/node_modules_next_dist_115brz8._.js:2431
[47756273ms] [LOG] [Fast Refresh] done in 144ms @ http://localhost:3001/_next/static/chunks/node_modules_next_dist_115brz8._.js:2431
[47756566ms] [LOG] [Fast Refresh] rebuilding @ http://localhost:3001/_next/static/chunks/node_modules_next_dist_115brz8._.js:2431
[47756608ms] [LOG] [Fast Refresh] done in 143ms @ http://localhost:3001/_next/static/chunks/node_modules_next_dist_115brz8._.js:2431
[47756927ms] [LOG] [Fast Refresh] rebuilding @ http://localhost:3001/_next/static/chunks/node_modules_next_dist_115brz8._.js:2431
[47756963ms] [LOG] [Fast Refresh] done in 139ms @ http://localhost:3001/_next/static/chunks/node_modules_next_dist_115brz8._.js:2431
[47765653ms] [LOG] [Fast Refresh] rebuilding @ http://localhost:3001/_next/static/chunks/node_modules_next_dist_115brz8._.js:2431
[47766211ms] [LOG] [Fast Refresh] done in 663ms @ http://localhost:3001/_next/static/chunks/node_modules_next_dist_115brz8._.js:2431
[47766765ms] [LOG] [Fast Refresh] rebuilding @ http://localhost:3001/_next/static/chunks/node_modules_next_dist_115brz8._.js:2431
[47767049ms] [LOG] [Fast Refresh] done in 386ms @ http://localhost:3001/_next/static/chunks/node_modules_next_dist_115brz8._.js:2431
[47767171ms] [LOG] [Fast Refresh] rebuilding @ http://localhost:3001/_next/static/chunks/node_modules_next_dist_115brz8._.js:2431
[47767674ms] [LOG] [Fast Refresh] done in 606ms @ http://localhost:3001/_next/static/chunks/node_modules_next_dist_115brz8._.js:2431
[47768499ms] [LOG] [Fast Refresh] rebuilding @ http://localhost:3001/_next/static/chunks/node_modules_next_dist_115brz8._.js:2431
[47769377ms] [LOG] [Fast Refresh] done in 987ms @ http://localhost:3001/_next/static/chunks/node_modules_next_dist_115brz8._.js:2431
[47769939ms] [LOG] [Fast Refresh] rebuilding @ http://localhost:3001/_next/static/chunks/node_modules_next_dist_115brz8._.js:2431
[47769969ms] [LOG] [Fast Refresh] done in 142ms @ http://localhost:3001/_next/static/chunks/node_modules_next_dist_115brz8._.js:2431
[47770108ms] [LOG] [Fast Refresh] rebuilding @ http://localhost:3001/_next/static/chunks/node_modules_next_dist_115brz8._.js:2431
[47770134ms] [LOG] [Fast Refresh] done in 129ms @ http://localhost:3001/_next/static/chunks/node_modules_next_dist_115brz8._.js:2431
[47780395ms] [LOG] [Fast Refresh] rebuilding @ http://localhost:3001/_next/static/chunks/node_modules_next_dist_115brz8._.js:2431
[47780977ms] [LOG] [Fast Refresh] done in 683ms @ http://localhost:3001/_next/static/chunks/node_modules_next_dist_115brz8._.js:2431
[47781544ms] [LOG] [Fast Refresh] rebuilding @ http://localhost:3001/_next/static/chunks/node_modules_next_dist_115brz8._.js:2431
[47781950ms] [LOG] [Fast Refresh] done in 519ms @ http://localhost:3001/_next/static/chunks/node_modules_next_dist_115brz8._.js:2431
[47782169ms] [LOG] [Fast Refresh] rebuilding @ http://localhost:3001/_next/static/chunks/node_modules_next_dist_115brz8._.js:2431
[47782197ms] [LOG] [Fast Refresh] done in 134ms @ http://localhost:3001/_next/static/chunks/node_modules_next_dist_115brz8._.js:2431
[47782530ms] [LOG] [Fast Refresh] rebuilding @ http://localhost:3001/_next/static/chunks/node_modules_next_dist_115brz8._.js:2431
[47782564ms] [LOG] [Fast Refresh] done in 146ms @ http://localhost:3001/_next/static/chunks/node_modules_next_dist_115brz8._.js:2431
[47782711ms] [LOG] [Fast Refresh] rebuilding @ http://localhost:3001/_next/static/chunks/node_modules_next_dist_115brz8._.js:2431
[47782793ms] [LOG] [Fast Refresh] done in 187ms @ http://localhost:3001/_next/static/chunks/node_modules_next_dist_115brz8._.js:2431
[47783141ms] [LOG] [Fast Refresh] rebuilding @ http://localhost:3001/_next/static/chunks/node_modules_next_dist_115brz8._.js:2431
[47783166ms] [LOG] [Fast Refresh] done in 131ms @ http://localhost:3001/_next/static/chunks/node_modules_next_dist_115brz8._.js:2431
[47791527ms] [LOG] [Fast Refresh] rebuilding @ http://localhost:3001/_next/static/chunks/node_modules_next_dist_115brz8._.js:2431
[47792122ms] [LOG] [Fast Refresh] done in 693ms @ http://localhost:3001/_next/static/chunks/node_modules_next_dist_115brz8._.js:2431
[47792726ms] [LOG] [Fast Refresh] rebuilding @ http://localhost:3001/_next/static/chunks/node_modules_next_dist_115brz8._.js:2431
[47793150ms] [LOG] [Fast Refresh] done in 530ms @ http://localhost:3001/_next/static/chunks/node_modules_next_dist_115brz8._.js:2431
[47793631ms] [LOG] [Fast Refresh] rebuilding @ http://localhost:3001/_next/static/chunks/node_modules_next_dist_115brz8._.js:2431
[47793678ms] [LOG] [Fast Refresh] done in 148ms @ http://localhost:3001/_next/static/chunks/node_modules_next_dist_115brz8._.js:2431
[47793801ms] [LOG] [Fast Refresh] rebuilding @ http://localhost:3001/_next/static/chunks/node_modules_next_dist_115brz8._.js:2431
[47793852ms] [LOG] [Fast Refresh] done in 153ms @ http://localhost:3001/_next/static/chunks/node_modules_next_dist_115brz8._.js:2431
[47794223ms] [LOG] [Fast Refresh] rebuilding @ http://localhost:3001/_next/static/chunks/node_modules_next_dist_115brz8._.js:2431
[47794268ms] [LOG] [Fast Refresh] done in 147ms @ http://localhost:3001/_next/static/chunks/node_modules_next_dist_115brz8._.js:2431
[47794384ms] [LOG] [Fast Refresh] rebuilding @ http://localhost:3001/_next/static/chunks/node_modules_next_dist_115brz8._.js:2431
[47794432ms] [LOG] [Fast Refresh] done in 155ms @ http://localhost:3001/_next/static/chunks/node_modules_next_dist_115brz8._.js:2431
[47794842ms] [LOG] [Fast Refresh] rebuilding @ http://localhost:3001/_next/static/chunks/node_modules_next_dist_115brz8._.js:2431
[47794850ms] [LOG] [Fast Refresh] done in 114ms @ http://localhost:3001/_next/static/chunks/node_modules_next_dist_115brz8._.js:2431
[47799452ms] [LOG] [Fast Refresh] rebuilding @ http://localhost:3001/_next/static/chunks/node_modules_next_dist_115brz8._.js:2431
[47800019ms] [LOG] [Fast Refresh] done in 665ms @ http://localhost:3001/_next/static/chunks/node_modules_next_dist_115brz8._.js:2431
[47800586ms] [LOG] [Fast Refresh] rebuilding @ http://localhost:3001/_next/static/chunks/node_modules_next_dist_115brz8._.js:2431
[47801049ms] [LOG] [Fast Refresh] done in 567ms @ http://localhost:3001/_next/static/chunks/node_modules_next_dist_115brz8._.js:2431
[47801279ms] [LOG] [Fast Refresh] rebuilding @ http://localhost:3001/_next/static/chunks/node_modules_next_dist_115brz8._.js:2431
[47801306ms] [LOG] [Fast Refresh] done in 141ms @ http://localhost:3001/_next/static/chunks/node_modules_next_dist_115brz8._.js:2431
[47801682ms] [LOG] [Fast Refresh] rebuilding @ http://localhost:3001/_next/static/chunks/node_modules_next_dist_115brz8._.js:2431
[47801699ms] [LOG] [Fast Refresh] done in 127ms @ http://localhost:3001/_next/static/chunks/node_modules_next_dist_115brz8._.js:2431
[47801884ms] [LOG] [Fast Refresh] rebuilding @ http://localhost:3001/_next/static/chunks/node_modules_next_dist_115brz8._.js:2431
[47801919ms] [LOG] [Fast Refresh] done in 139ms @ http://localhost:3001/_next/static/chunks/node_modules_next_dist_115brz8._.js:2431
[47802232ms] [LOG] [Fast Refresh] rebuilding @ http://localhost:3001/_next/static/chunks/node_modules_next_dist_115brz8._.js:2431
[47802285ms] [LOG] [Fast Refresh] done in 155ms @ http://localhost:3001/_next/static/chunks/node_modules_next_dist_115brz8._.js:2431
[47802481ms] [LOG] [Fast Refresh] rebuilding @ http://localhost:3001/_next/static/chunks/node_modules_next_dist_115brz8._.js:2431
[47802523ms] [LOG] [Fast Refresh] done in 143ms @ http://localhost:3001/_next/static/chunks/node_modules_next_dist_115brz8._.js:2431
[47919671ms] [LOG] [Fast Refresh] rebuilding @ http://localhost:3001/_next/static/chunks/node_modules_next_dist_115brz8._.js:2431
[47920202ms] [LOG] [Fast Refresh] done in 643ms @ http://localhost:3001/_next/static/chunks/node_modules_next_dist_115brz8._.js:2431
[47921098ms] [LOG] [Fast Refresh] rebuilding @ http://localhost:3001/_next/static/chunks/node_modules_next_dist_115brz8._.js:2431
[47921631ms] [LOG] [Fast Refresh] done in 635ms @ http://localhost:3001/_next/static/chunks/node_modules_next_dist_115brz8._.js:2431
[47921837ms] [LOG] [Fast Refresh] rebuilding @ http://localhost:3001/_next/static/chunks/node_modules_next_dist_115brz8._.js:2431
[47921862ms] [LOG] [Fast Refresh] done in 130ms @ http://localhost:3001/_next/static/chunks/node_modules_next_dist_115brz8._.js:2431
[47922242ms] [LOG] [Fast Refresh] rebuilding @ http://localhost:3001/_next/static/chunks/node_modules_next_dist_115brz8._.js:2431
[47922935ms] [ERROR] ./apps/portal/components/drawings/viewports/PlanViewport/canvas/layers/PlanCommittedBodyLayer.tsx:26:1
Expected ',', got '<eof>'
  24 |   );
  25 | }
> 26 |
     | ^

Parsing ecmascript source code failed

Import traces:
  Client Component Browser:
    ./apps/portal/components/drawings/viewports/PlanViewport/canvas/layers/PlanCommittedBodyLayer.tsx [Client Component Browser]
    ./apps/portal/components/drawings/viewports/PlanViewport/canvas/PlanCanvas.tsx [Client Component Browser]
    ./apps/portal/components/drawings/viewports/PlanViewport/PlanViewport.tsx [Client Component Browser]
    ./apps/portal/components/drawings/workbench/WorkbenchViewportHost.tsx [Client Component Browser]
    ./apps/portal/components/drawings/workbench/DrawingWorkbench.tsx [Client Component Browser]
    ./apps/portal/components/projects/ProjectPage/tabs/EstimatesTab.tsx [Client Component Browser]
    ./apps/portal/components/projects/ProjectPage/ProjectMainTabs.tsx [Client Component Browser]
    ./apps/portal/components/projects/ProjectPage/ProjectPageShell.tsx [Client Component Browser]
    ./apps/portal/components/projects/ProjectPage/ProjectPageFrame.tsx [Client Component Browser]
    ./apps/portal/app/staff/projects/[projectId]/ProjectSnapshotPageClient.tsx [Client Component Browser]
    ./apps/portal/app/staff/projects/[projectId]/ProjectSnapshotPageClient.tsx [Server Component]
    ./apps/portal/app/staff/projects/[projectId]/page.tsx [Server Component]

  Client Component SSR:
    ./apps/portal/components/drawings/viewports/PlanViewport/canvas/layers/PlanCommittedBodyLayer.tsx [Client Component SSR]
    ./apps/portal/components/drawings/viewports/PlanViewport/canvas/PlanCanvas.tsx [Client Component SSR]
    ./apps/portal/components/drawings/viewports/PlanViewport/PlanViewport.tsx [Client Component SSR]
    ./apps/portal/components/drawings/workbench/WorkbenchViewportHost.tsx [Client Component SSR]
    ./apps/portal/components/drawings/workbench/DrawingWorkbench.tsx [Client Component SSR]
    ./apps/portal/components/projects/ProjectPage/tabs/EstimatesTab.tsx [Client Component SSR]
    ./apps/portal/components/projects/ProjectPage/ProjectMainTabs.tsx [Client Component SSR]
    ./apps/portal/components/projects/ProjectPage/ProjectPageShell.tsx [Client Component SSR]
    ./apps/portal/components/projects/ProjectPage/ProjectPageFrame.tsx [Client Component SSR]
    ./apps/portal/app/staff/projects/[projectId]/ProjectSnapshotPageClient.tsx [Client Component SSR]
    ./apps/portal/app/staff/projects/[projectId]/ProjectSnapshotPageClient.tsx [Server Component]
    ./apps/portal/app/staff/projects/[projectId]/page.tsx [Server Component] @ http://localhost:3001/_next/static/chunks/node_modules_next_dist_115brz8._.js:3272
[47922936ms] [ERROR] ./apps/portal/components/drawings/viewports/PlanViewport/canvas/layers/PlanCommittedBodyLayer.tsx:26:1
Expected ',', got '<eof>'
  24 |   );
  25 | }
> 26 |
     | ^

Parsing ecmascript source code failed

Import traces:
  Client Component Browser:
    ./apps/portal/components/drawings/viewports/PlanViewport/canvas/layers/PlanCommittedBodyLayer.tsx [Client Component Browser]
    ./apps/portal/components/drawings/viewports/PlanViewport/canvas/PlanCanvas.tsx [Client Component Browser]
    ./apps/portal/components/drawings/viewports/PlanViewport/PlanViewport.tsx [Client Component Browser]
    ./apps/portal/components/drawings/workbench/WorkbenchViewportHost.tsx [Client Component Browser]
    ./apps/portal/components/drawings/workbench/DrawingWorkbench.tsx [Client Component Browser]
    ./apps/portal/components/projects/ProjectPage/tabs/EstimatesTab.tsx [Client Component Browser]
    ./apps/portal/components/projects/ProjectPage/ProjectMainTabs.tsx [Client Component Browser]
    ./apps/portal/components/projects/ProjectPage/ProjectPageShell.tsx [Client Component Browser]
    ./apps/portal/components/projects/ProjectPage/ProjectPageFrame.tsx [Client Component Browser]
    ./apps/portal/app/staff/projects/[projectId]/ProjectSnapshotPageClient.tsx [Client Component Browser]
    ./apps/portal/app/staff/projects/[projectId]/ProjectSnapshotPageClient.tsx [Server Component]
    ./apps/portal/app/staff/projects/[projectId]/page.tsx [Server Component]

  Client Component SSR:
    ./apps/portal/components/drawings/viewports/PlanViewport/canvas/layers/PlanCommittedBodyLayer.tsx [Client Component SSR]
    ./apps/portal/components/drawings/viewports/PlanViewport/canvas/PlanCanvas.tsx [Client Component SSR]
    ./apps/portal/components/drawings/viewports/PlanViewport/PlanViewport.tsx [Client Component SSR]
    ./apps/portal/components/drawings/workbench/WorkbenchViewportHost.tsx [Client Component SSR]
    ./apps/portal/components/drawings/workbench/DrawingWorkbench.tsx [Client Component SSR]
    ./apps/portal/components/projects/ProjectPage/tabs/EstimatesTab.tsx [Client Component SSR]
    ./apps/portal/components/projects/ProjectPage/ProjectMainTabs.tsx [Client Component SSR]
    ./apps/portal/components/projects/ProjectPage/ProjectPageShell.tsx [Client Component SSR]
    ./apps/portal/components/projects/ProjectPage/ProjectPageFrame.tsx [Client Component SSR]
    ./apps/portal/app/staff/projects/[projectId]/ProjectSnapshotPageClient.tsx [Client Component SSR]
    ./apps/portal/app/staff/projects/[projectId]/ProjectSnapshotPageClient.tsx [Server Component]
    ./apps/portal/app/staff/projects/[projectId]/page.tsx [Server Component] @ http://localhost:3001/_next/static/chunks/node_modules_next_dist_115brz8._.js:3272
[47922962ms] [ERROR] Failed to load resource: the server responded with a status of 500 (Internal Server Error) @ http://localhost:3001/staff/projects/proj_cf4afb59-b72c-4b11-b39f-9e04f4684163/design-workbench?_rsc=1uq1y:0
[47923016ms] [ERROR] ./apps/portal/components/drawings/viewports/PlanViewport/canvas/layers/PlanCommittedBodyLayer.tsx:26:1
Expected ',', got '<eof>'
  24 |   );
  25 | }
> 26 |
     | ^

Parsing ecmascript source code failed

Import traces:
  Client Component Browser:
    ./apps/portal/components/drawings/viewports/PlanViewport/canvas/layers/PlanCommittedBodyLayer.tsx [Client Component Browser]
    ./apps/portal/components/drawings/viewports/PlanViewport/canvas/PlanCanvas.tsx [Client Component Browser]
    ./apps/portal/components/drawings/viewports/PlanViewport/PlanViewport.tsx [Client Component Browser]
    ./apps/portal/components/drawings/workbench/WorkbenchViewportHost.tsx [Client Component Browser]
    ./apps/portal/components/drawings/workbench/DrawingWorkbench.tsx [Client Component Browser]
    ./apps/portal/components/projects/ProjectPage/tabs/EstimatesTab.tsx [Client Component Browser]
    ./apps/portal/components/projects/ProjectPage/ProjectMainTabs.tsx [Client Component Browser]
    ./apps/portal/components/projects/ProjectPage/ProjectPageShell.tsx [Client Component Browser]
    ./apps/portal/components/projects/ProjectPage/ProjectPageFrame.tsx [Client Component Browser]
    ./apps/portal/app/staff/projects/[projectId]/ProjectSnapshotPageClient.tsx [Client Component Browser]
    ./apps/portal/app/staff/projects/[projectId]/ProjectSnapshotPageClient.tsx [Server Component]
    ./apps/portal/app/staff/projects/[projectId]/page.tsx [Server Component]

  Client Component SSR:
    ./apps/portal/components/drawings/viewports/PlanViewport/canvas/layers/PlanCommittedBodyLayer.tsx [Client Component SSR]
    ./apps/portal/components/drawings/viewports/PlanViewport/canvas/PlanCanvas.tsx [Client Component SSR]
    ./apps/portal/components/drawings/viewports/PlanViewport/PlanViewport.tsx [Client Component SSR]
    ./apps/portal/components/drawings/workbench/WorkbenchViewportHost.tsx [Client Component SSR]
    ./apps/portal/components/drawings/workbench/DrawingWorkbench.tsx [Client Component SSR]
    ./apps/portal/components/projects/ProjectPage/tabs/EstimatesTab.tsx [Client Component SSR]
    ./apps/portal/components/projects/ProjectPage/ProjectMainTabs.tsx [Client Component SSR]
    ./apps/portal/components/projects/ProjectPage/ProjectPageShell.tsx [Client Component SSR]
    ./apps/portal/components/projects/ProjectPage/ProjectPageFrame.tsx [Client Component SSR]
    ./apps/portal/app/staff/projects/[projectId]/ProjectSnapshotPageClient.tsx [Client Component SSR]
    ./apps/portal/app/staff/projects/[projectId]/ProjectSnapshotPageClient.tsx [Server Component]
    ./apps/portal/app/staff/projects/[projectId]/page.tsx [Server Component] @ http://localhost:3001/_next/static/chunks/node_modules_next_dist_115brz8._.js:3272
[47923053ms] [LOG] [Fast Refresh] rebuilding @ http://localhost:3001/_next/static/chunks/node_modules_next_dist_115brz8._.js:2431
[47923288ms] [LOG] [Fast Refresh] rebuilding @ http://localhost:3001/_next/static/chunks/node_modules_next_dist_115brz8._.js:2431
[47925269ms] [LOG] [Fast Refresh] done in 2097ms @ http://localhost:3001/_next/static/chunks/node_modules_next_dist_115brz8._.js:2431
[47926131ms] [LOG] [Fast Refresh] rebuilding @ http://localhost:3001/_next/static/chunks/node_modules_next_dist_115brz8._.js:2431
[47926555ms] [LOG] [Fast Refresh] done in 531ms @ http://localhost:3001/_next/static/chunks/node_modules_next_dist_115brz8._.js:2431
[47927165ms] [INFO] %cDownload the React DevTools for a better development experience: https://react.dev/link/react-devtools font-weight:bold @ http://localhost:3001/_next/static/chunks/node_modules_next_dist_115brz8._.js:2431
[47927190ms] [LOG] [HMR] connected @ http://localhost:3001/_next/static/chunks/node_modules_next_dist_115brz8._.js:2431
[47932880ms] [LOG] [Fast Refresh] rebuilding @ http://localhost:3001/_next/static/chunks/node_modules_next_dist_115brz8._.js:2431
[47932887ms] [ERROR] ./apps/portal/components/drawings/viewports/PlanViewport/canvas/layers/PlanContextLineLayer.tsx:30:1
Expected ',', got '<eof>'
  28 |   );
  29 | }
> 30 |
     | ^

Parsing ecmascript source code failed

Import traces:
  Client Component Browser:
    ./apps/portal/components/drawings/viewports/PlanViewport/canvas/layers/PlanContextLineLayer.tsx [Client Component Browser]
    ./apps/portal/components/drawings/viewports/PlanViewport/canvas/PlanCanvas.tsx [Client Component Browser]
    ./apps/portal/components/drawings/viewports/PlanViewport/PlanViewport.tsx [Client Component Browser]
    ./apps/portal/components/drawings/workbench/WorkbenchViewportHost.tsx [Client Component Browser]
    ./apps/portal/components/drawings/workbench/DrawingWorkbench.tsx [Client Component Browser]
    ./apps/portal/components/projects/ProjectPage/tabs/EstimatesTab.tsx [Client Component Browser]
    ./apps/portal/components/projects/ProjectPage/ProjectMainTabs.tsx [Client Component Browser]
    ./apps/portal/components/projects/ProjectPage/ProjectPageShell.tsx [Client Component Browser]
    ./apps/portal/components/projects/ProjectPage/ProjectPageFrame.tsx [Client Component Browser]
    ./apps/portal/app/staff/projects/[projectId]/ProjectSnapshotPageClient.tsx [Client Component Browser]
    ./apps/portal/app/staff/projects/[projectId]/ProjectSnapshotPageClient.tsx [Server Component]
    ./apps/portal/app/staff/projects/[projectId]/page.tsx [Server Component]

  Client Component SSR:
    ./apps/portal/components/drawings/viewports/PlanViewport/canvas/layers/PlanContextLineLayer.tsx [Client Component SSR]
    ./apps/portal/components/drawings/viewports/PlanViewport/canvas/PlanCanvas.tsx [Client Component SSR]
    ./apps/portal/components/drawings/viewports/PlanViewport/PlanViewport.tsx [Client Component SSR]
    ./apps/portal/components/drawings/workbench/WorkbenchViewportHost.tsx [Client Component SSR]
    ./apps/portal/components/drawings/workbench/DrawingWorkbench.tsx [Client Component SSR]
    ./apps/portal/components/projects/ProjectPage/tabs/EstimatesTab.tsx [Client Component SSR]
    ./apps/portal/components/projects/ProjectPage/ProjectMainTabs.tsx [Client Component SSR]
    ./apps/portal/components/projects/ProjectPage/ProjectPageShell.tsx [Client Component SSR]
    ./apps/portal/components/projects/ProjectPage/ProjectPageFrame.tsx [Client Component SSR]
    ./apps/portal/app/staff/projects/[projectId]/ProjectSnapshotPageClient.tsx [Client Component SSR]
    ./apps/portal/app/staff/projects/[projectId]/ProjectSnapshotPageClient.tsx [Server Component]
    ./apps/portal/app/staff/projects/[projectId]/page.tsx [Server Component] @ http://localhost:3001/_next/static/chunks/node_modules_next_dist_115brz8._.js:3272
[47932887ms] [ERROR] ./apps/portal/components/drawings/viewports/PlanViewport/canvas/layers/PlanContextLineLayer.tsx:30:1
Expected ',', got '<eof>'
  28 |   );
  29 | }
> 30 |
     | ^

Parsing ecmascript source code failed

Import traces:
  Client Component Browser:
    ./apps/portal/components/drawings/viewports/PlanViewport/canvas/layers/PlanContextLineLayer.tsx [Client Component Browser]
    ./apps/portal/components/drawings/viewports/PlanViewport/canvas/PlanCanvas.tsx [Client Component Browser]
    ./apps/portal/components/drawings/viewports/PlanViewport/PlanViewport.tsx [Client Component Browser]
    ./apps/portal/components/drawings/workbench/WorkbenchViewportHost.tsx [Client Component Browser]
    ./apps/portal/components/drawings/workbench/DrawingWorkbench.tsx [Client Component Browser]
    ./apps/portal/components/projects/ProjectPage/tabs/EstimatesTab.tsx [Client Component Browser]
    ./apps/portal/components/projects/ProjectPage/ProjectMainTabs.tsx [Client Component Browser]
    ./apps/portal/components/projects/ProjectPage/ProjectPageShell.tsx [Client Component Browser]
    ./apps/portal/components/projects/ProjectPage/ProjectPageFrame.tsx [Client Component Browser]
    ./apps/portal/app/staff/projects/[projectId]/ProjectSnapshotPageClient.tsx [Client Component Browser]
    ./apps/portal/app/staff/projects/[projectId]/ProjectSnapshotPageClient.tsx [Server Component]
    ./apps/portal/app/staff/projects/[projectId]/page.tsx [Server Component]

  Client Component SSR:
    ./apps/portal/components/drawings/viewports/PlanViewport/canvas/layers/PlanContextLineLayer.tsx [Client Component SSR]
    ./apps/portal/components/drawings/viewports/PlanViewport/canvas/PlanCanvas.tsx [Client Component SSR]
    ./apps/portal/components/drawings/viewports/PlanViewport/PlanViewport.tsx [Client Component SSR]
    ./apps/portal/components/drawings/workbench/WorkbenchViewportHost.tsx [Client Component SSR]
    ./apps/portal/components/drawings/workbench/DrawingWorkbench.tsx [Client Component SSR]
    ./apps/portal/components/projects/ProjectPage/tabs/EstimatesTab.tsx [Client Component SSR]
    ./apps/portal/components/projects/ProjectPage/ProjectMainTabs.tsx [Client Component SSR]
    ./apps/portal/components/projects/ProjectPage/ProjectPageShell.tsx [Client Component SSR]
    ./apps/portal/components/projects/ProjectPage/ProjectPageFrame.tsx [Client Component SSR]
    ./apps/portal/app/staff/projects/[projectId]/ProjectSnapshotPageClient.tsx [Client Component SSR]
    ./apps/portal/app/staff/projects/[projectId]/ProjectSnapshotPageClient.tsx [Server Component]
    ./apps/portal/app/staff/projects/[projectId]/page.tsx [Server Component] @ http://localhost:3001/_next/static/chunks/node_modules_next_dist_115brz8._.js:3272
[47932888ms] [LOG] [Fast Refresh] rebuilding @ http://localhost:3001/_next/static/chunks/node_modules_next_dist_115brz8._.js:2431
[47932896ms] [LOG] [Fast Refresh] done in 7ms @ http://localhost:3001/_next/static/chunks/node_modules_next_dist_115brz8._.js:2431
[47937216ms] [ERROR] Failed to load resource: the server responded with a status of 500 (Internal Server Error) @ http://localhost:3001/staff/projects/proj_cf4afb59-b72c-4b11-b39f-9e04f4684163/design-workbench?_rsc=1uq1y:0
[47937217ms] [ERROR] Failed to load resource: the server responded with a status of 500 (Internal Server Error) @ http://localhost:3001/staff/projects/proj_cf4afb59-b72c-4b11-b39f-9e04f4684163/design-workbench?_rsc=1uq1y:0
[47937220ms] [WARNING] The resource http://localhost:3001/_next/static/chunks/apps_portal_components_page-state_PageState_module_0sc2l4s.css was preloaded using link preload but not used within a few seconds from the window's load event. Please make sure it has an appropriate `as` value and it is preloaded intentionally. @ http://localhost:3001/staff/projects/proj_cf4afb59-b72c-4b11-b39f-9e04f4684163/design-workbench:0
[47937221ms] [LOG] [Fast Refresh] rebuilding @ http://localhost:3001/_next/static/chunks/node_modules_next_dist_115brz8._.js:2431
[47937226ms] [ERROR] ./apps/portal/components/drawings/viewports/PlanViewport/canvas/layers/PlanDetailLayer.tsx:21:1
Expected ',', got '<eof>'
  19 |   );
  20 | }
> 21 |
     | ^

Parsing ecmascript source code failed

Import traces:
  Client Component Browser:
    ./apps/portal/components/drawings/viewports/PlanViewport/canvas/layers/PlanDetailLayer.tsx [Client Component Browser]
    ./apps/portal/components/drawings/viewports/PlanViewport/canvas/PlanCanvas.tsx [Client Component Browser]
    ./apps/portal/components/drawings/viewports/PlanViewport/PlanViewport.tsx [Client Component Browser]
    ./apps/portal/components/drawings/workbench/WorkbenchViewportHost.tsx [Client Component Browser]
    ./apps/portal/components/drawings/workbench/DrawingWorkbench.tsx [Client Component Browser]
    ./apps/portal/components/projects/ProjectPage/tabs/EstimatesTab.tsx [Client Component Browser]
    ./apps/portal/components/projects/ProjectPage/ProjectMainTabs.tsx [Client Component Browser]
    ./apps/portal/components/projects/ProjectPage/ProjectPageShell.tsx [Client Component Browser]
    ./apps/portal/components/projects/ProjectPage/ProjectPageFrame.tsx [Client Component Browser]
    ./apps/portal/app/staff/projects/[projectId]/ProjectSnapshotPageClient.tsx [Client Component Browser]
    ./apps/portal/app/staff/projects/[projectId]/ProjectSnapshotPageClient.tsx [Server Component]
    ./apps/portal/app/staff/projects/[projectId]/page.tsx [Server Component]

  Client Component SSR:
    ./apps/portal/components/drawings/viewports/PlanViewport/canvas/layers/PlanDetailLayer.tsx [Client Component SSR]
    ./apps/portal/components/drawings/viewports/PlanViewport/canvas/PlanCanvas.tsx [Client Component SSR]
    ./apps/portal/components/drawings/viewports/PlanViewport/PlanViewport.tsx [Client Component SSR]
    ./apps/portal/components/drawings/workbench/WorkbenchViewportHost.tsx [Client Component SSR]
    ./apps/portal/components/drawings/workbench/DrawingWorkbench.tsx [Client Component SSR]
    ./apps/portal/components/projects/ProjectPage/tabs/EstimatesTab.tsx [Client Component SSR]
    ./apps/portal/components/projects/ProjectPage/ProjectMainTabs.tsx [Client Component SSR]
    ./apps/portal/components/projects/ProjectPage/ProjectPageShell.tsx [Client Component SSR]
    ./apps/portal/components/projects/ProjectPage/ProjectPageFrame.tsx [Client Component SSR]
    ./apps/portal/app/staff/projects/[projectId]/ProjectSnapshotPageClient.tsx [Client Component SSR]
    ./apps/portal/app/staff/projects/[projectId]/ProjectSnapshotPageClient.tsx [Server Component]
    ./apps/portal/app/staff/projects/[projectId]/page.tsx [Server Component] @ http://localhost:3001/_next/static/chunks/node_modules_next_dist_115brz8._.js:3272
[47937227ms] [ERROR] ./apps/portal/components/drawings/viewports/PlanViewport/canvas/layers/PlanDetailLayer.tsx:21:1
Expected ',', got '<eof>'
  19 |   );
  20 | }
> 21 |
     | ^

Parsing ecmascript source code failed

Import traces:
  Client Component Browser:
    ./apps/portal/components/drawings/viewports/PlanViewport/canvas/layers/PlanDetailLayer.tsx [Client Component Browser]
    ./apps/portal/components/drawings/viewports/PlanViewport/canvas/PlanCanvas.tsx [Client Component Browser]
    ./apps/portal/components/drawings/viewports/PlanViewport/PlanViewport.tsx [Client Component Browser]
    ./apps/portal/components/drawings/workbench/WorkbenchViewportHost.tsx [Client Component Browser]
    ./apps/portal/components/drawings/workbench/DrawingWorkbench.tsx [Client Component Browser]
    ./apps/portal/components/projects/ProjectPage/tabs/EstimatesTab.tsx [Client Component Browser]
    ./apps/portal/components/projects/ProjectPage/ProjectMainTabs.tsx [Client Component Browser]
    ./apps/portal/components/projects/ProjectPage/ProjectPageShell.tsx [Client Component Browser]
    ./apps/portal/components/projects/ProjectPage/ProjectPageFrame.tsx [Client Component Browser]
    ./apps/portal/app/staff/projects/[projectId]/ProjectSnapshotPageClient.tsx [Client Component Browser]
    ./apps/portal/app/staff/projects/[projectId]/ProjectSnapshotPageClient.tsx [Server Component]
    ./apps/portal/app/staff/projects/[projectId]/page.tsx [Server Component]

  Client Component SSR:
    ./apps/portal/components/drawings/viewports/PlanViewport/canvas/layers/PlanDetailLayer.tsx [Client Component SSR]
    ./apps/portal/components/drawings/viewports/PlanViewport/canvas/PlanCanvas.tsx [Client Component SSR]
    ./apps/portal/components/drawings/viewports/PlanViewport/PlanViewport.tsx [Client Component SSR]
    ./apps/portal/components/drawings/workbench/WorkbenchViewportHost.tsx [Client Component SSR]
    ./apps/portal/components/drawings/workbench/DrawingWorkbench.tsx [Client Component SSR]
    ./apps/portal/components/projects/ProjectPage/tabs/EstimatesTab.tsx [Client Component SSR]
    ./apps/portal/components/projects/ProjectPage/ProjectMainTabs.tsx [Client Component SSR]
    ./apps/portal/components/projects/ProjectPage/ProjectPageShell.tsx [Client Component SSR]
    ./apps/portal/components/projects/ProjectPage/ProjectPageFrame.tsx [Client Component SSR]
    ./apps/portal/app/staff/projects/[projectId]/ProjectSnapshotPageClient.tsx [Client Component SSR]
    ./apps/portal/app/staff/projects/[projectId]/ProjectSnapshotPageClient.tsx [Server Component]
    ./apps/portal/app/staff/projects/[projectId]/page.tsx [Server Component] @ http://localhost:3001/_next/static/chunks/node_modules_next_dist_115brz8._.js:3272
[47937227ms] [ERROR] ./apps/portal/components/drawings/viewports/PlanViewport/canvas/layers/PlanDetailLayer.tsx:21:1
Expected ',', got '<eof>'
  19 |   );
  20 | }
> 21 |
     | ^

Parsing ecmascript source code failed

Import traces:
  Client Component Browser:
    ./apps/portal/components/drawings/viewports/PlanViewport/canvas/layers/PlanDetailLayer.tsx [Client Component Browser]
    ./apps/portal/components/drawings/viewports/PlanViewport/canvas/PlanCanvas.tsx [Client Component Browser]
    ./apps/portal/components/drawings/viewports/PlanViewport/PlanViewport.tsx [Client Component Browser]
    ./apps/portal/components/drawings/workbench/WorkbenchViewportHost.tsx [Client Component Browser]
    ./apps/portal/components/drawings/workbench/DrawingWorkbench.tsx [Client Component Browser]
    ./apps/portal/components/projects/ProjectPage/tabs/EstimatesTab.tsx [Client Component Browser]
    ./apps/portal/components/projects/ProjectPage/ProjectMainTabs.tsx [Client Component Browser]
    ./apps/portal/components/projects/ProjectPage/ProjectPageShell.tsx [Client Component Browser]
    ./apps/portal/components/projects/ProjectPage/ProjectPageFrame.tsx [Client Component Browser]
    ./apps/portal/app/staff/projects/[projectId]/ProjectSnapshotPageClient.tsx [Client Component Browser]
    ./apps/portal/app/staff/projects/[projectId]/ProjectSnapshotPageClient.tsx [Server Component]
    ./apps/portal/app/staff/projects/[projectId]/page.tsx [Server Component]

  Client Component SSR:
    ./apps/portal/components/drawings/viewports/PlanViewport/canvas/layers/PlanDetailLayer.tsx [Client Component SSR]
    ./apps/portal/components/drawings/viewports/PlanViewport/canvas/PlanCanvas.tsx [Client Component SSR]
    ./apps/portal/components/drawings/viewports/PlanViewport/PlanViewport.tsx [Client Component SSR]
    ./apps/portal/components/drawings/workbench/WorkbenchViewportHost.tsx [Client Component SSR]
    ./apps/portal/components/drawings/workbench/DrawingWorkbench.tsx [Client Component SSR]
    ./apps/portal/components/projects/ProjectPage/tabs/EstimatesTab.tsx [Client Component SSR]
    ./apps/portal/components/projects/ProjectPage/ProjectMainTabs.tsx [Client Component SSR]
    ./apps/portal/components/projects/ProjectPage/ProjectPageShell.tsx [Client Component SSR]
    ./apps/portal/components/projects/ProjectPage/ProjectPageFrame.tsx [Client Component SSR]
    ./apps/portal/app/staff/projects/[projectId]/ProjectSnapshotPageClient.tsx [Client Component SSR]
    ./apps/portal/app/staff/projects/[projectId]/ProjectSnapshotPageClient.tsx [Server Component]
    ./apps/portal/app/staff/projects/[projectId]/page.tsx [Server Component] @ http://localhost:3001/_next/static/chunks/node_modules_next_dist_115brz8._.js:3272
[47937228ms] [ERROR] ./apps/portal/components/drawings/viewports/PlanViewport/canvas/layers/PlanDetailLayer.tsx:21:1
Expected ',', got '<eof>'
  19 |   );
  20 | }
> 21 |
     | ^

Parsing ecmascript source code failed

Import traces:
  Client Component Browser:
    ./apps/portal/components/drawings/viewports/PlanViewport/canvas/layers/PlanDetailLayer.tsx [Client Component Browser]
    ./apps/portal/components/drawings/viewports/PlanViewport/canvas/PlanCanvas.tsx [Client Component Browser]
    ./apps/portal/components/drawings/viewports/PlanViewport/PlanViewport.tsx [Client Component Browser]
    ./apps/portal/components/drawings/workbench/WorkbenchViewportHost.tsx [Client Component Browser]
    ./apps/portal/components/drawings/workbench/DrawingWorkbench.tsx [Client Component Browser]
    ./apps/portal/components/projects/ProjectPage/tabs/EstimatesTab.tsx [Client Component Browser]
    ./apps/portal/components/projects/ProjectPage/ProjectMainTabs.tsx [Client Component Browser]
    ./apps/portal/components/projects/ProjectPage/ProjectPageShell.tsx [Client Component Browser]
    ./apps/portal/components/projects/ProjectPage/ProjectPageFrame.tsx [Client Component Browser]
    ./apps/portal/app/staff/projects/[projectId]/ProjectSnapshotPageClient.tsx [Client Component Browser]
    ./apps/portal/app/staff/projects/[projectId]/ProjectSnapshotPageClient.tsx [Server Component]
    ./apps/portal/app/staff/projects/[projectId]/page.tsx [Server Component]

  Client Component SSR:
    ./apps/portal/components/drawings/viewports/PlanViewport/canvas/layers/PlanDetailLayer.tsx [Client Component SSR]
    ./apps/portal/components/drawings/viewports/PlanViewport/canvas/PlanCanvas.tsx [Client Component SSR]
    ./apps/portal/components/drawings/viewports/PlanViewport/PlanViewport.tsx [Client Component SSR]
    ./apps/portal/components/drawings/workbench/WorkbenchViewportHost.tsx [Client Component SSR]
    ./apps/portal/components/drawings/workbench/DrawingWorkbench.tsx [Client Component SSR]
    ./apps/portal/components/projects/ProjectPage/tabs/EstimatesTab.tsx [Client Component SSR]
    ./apps/portal/components/projects/ProjectPage/ProjectMainTabs.tsx [Client Component SSR]
    ./apps/portal/components/projects/ProjectPage/ProjectPageShell.tsx [Client Component SSR]
    ./apps/portal/components/projects/ProjectPage/ProjectPageFrame.tsx [Client Component SSR]
    ./apps/portal/app/staff/projects/[projectId]/ProjectSnapshotPageClient.tsx [Client Component SSR]
    ./apps/portal/app/staff/projects/[projectId]/ProjectSnapshotPageClient.tsx [Server Component]
    ./apps/portal/app/staff/projects/[projectId]/page.tsx [Server Component] @ http://localhost:3001/_next/static/chunks/node_modules_next_dist_115brz8._.js:3272
[47937228ms] [ERROR] ./apps/portal/components/drawings/viewports/PlanViewport/canvas/layers/PlanDetailLayer.tsx:21:1
Expected ',', got '<eof>'
  19 |   );
  20 | }
> 21 |
     | ^

Parsing ecmascript source code failed

Import traces:
  Client Component Browser:
    ./apps/portal/components/drawings/viewports/PlanViewport/canvas/layers/PlanDetailLayer.tsx [Client Component Browser]
    ./apps/portal/components/drawings/viewports/PlanViewport/canvas/PlanCanvas.tsx [Client Component Browser]
    ./apps/portal/components/drawings/viewports/PlanViewport/PlanViewport.tsx [Client Component Browser]
    ./apps/portal/components/drawings/workbench/WorkbenchViewportHost.tsx [Client Component Browser]
    ./apps/portal/components/drawings/workbench/DrawingWorkbench.tsx [Client Component Browser]
    ./apps/portal/components/projects/ProjectPage/tabs/EstimatesTab.tsx [Client Component Browser]
    ./apps/portal/components/projects/ProjectPage/ProjectMainTabs.tsx [Client Component Browser]
    ./apps/portal/components/projects/ProjectPage/ProjectPageShell.tsx [Client Component Browser]
    ./apps/portal/components/projects/ProjectPage/ProjectPageFrame.tsx [Client Component Browser]
    ./apps/portal/app/staff/projects/[projectId]/ProjectSnapshotPageClient.tsx [Client Component Browser]
    ./apps/portal/app/staff/projects/[projectId]/ProjectSnapshotPageClient.tsx [Server Component]
    ./apps/portal/app/staff/projects/[projectId]/page.tsx [Server Component]

  Client Component SSR:
    ./apps/portal/components/drawings/viewports/PlanViewport/canvas/layers/PlanDetailLayer.tsx [Client Component SSR]
    ./apps/portal/components/drawings/viewports/PlanViewport/canvas/PlanCanvas.tsx [Client Component SSR]
    ./apps/portal/components/drawings/viewports/PlanViewport/PlanViewport.tsx [Client Component SSR]
    ./apps/portal/components/drawings/workbench/WorkbenchViewportHost.tsx [Client Component SSR]
    ./apps/portal/components/drawings/workbench/DrawingWorkbench.tsx [Client Component SSR]
    ./apps/portal/components/projects/ProjectPage/tabs/EstimatesTab.tsx [Client Component SSR]
    ./apps/portal/components/projects/ProjectPage/ProjectMainTabs.tsx [Client Component SSR]
    ./apps/portal/components/projects/ProjectPage/ProjectPageShell.tsx [Client Component SSR]
    ./apps/portal/components/projects/ProjectPage/ProjectPageFrame.tsx [Client Component SSR]
    ./apps/portal/app/staff/projects/[projectId]/ProjectSnapshotPageClient.tsx [Client Component SSR]
    ./apps/portal/app/staff/projects/[projectId]/ProjectSnapshotPageClient.tsx [Server Component]
    ./apps/portal/app/staff/projects/[projectId]/page.tsx [Server Component] @ http://localhost:3001/_next/static/chunks/node_modules_next_dist_115brz8._.js:3272
[47937228ms] [LOG] [Fast Refresh] rebuilding @ http://localhost:3001/_next/static/chunks/node_modules_next_dist_115brz8._.js:2431
[47937236ms] [LOG] [Fast Refresh] done in 7ms @ http://localhost:3001/_next/static/chunks/node_modules_next_dist_115brz8._.js:2431
[47941560ms] [ERROR] Failed to load resource: the server responded with a status of 500 (Internal Server Error) @ http://localhost:3001/staff/projects/proj_cf4afb59-b72c-4b11-b39f-9e04f4684163/design-workbench?_rsc=1uq1y:0
[47941563ms] [WARNING] The resource http://localhost:3001/_next/static/chunks/apps_portal_components_page-state_PageState_module_0sc2l4s.css was preloaded using link preload but not used within a few seconds from the window's load event. Please make sure it has an appropriate `as` value and it is preloaded intentionally. @ http://localhost:3001/staff/projects/proj_cf4afb59-b72c-4b11-b39f-9e04f4684163/design-workbench:0
[47941564ms] [LOG] [Fast Refresh] rebuilding @ http://localhost:3001/_next/static/chunks/node_modules_next_dist_115brz8._.js:2431
[47941569ms] [LOG] [Fast Refresh] done in 5ms @ http://localhost:3001/_next/static/chunks/node_modules_next_dist_115brz8._.js:2431
[47941572ms] [LOG] [Fast Refresh] rebuilding @ http://localhost:3001/_next/static/chunks/node_modules_next_dist_115brz8._.js:2431
[47941576ms] [ERROR] ./apps/portal/components/drawings/viewports/PlanViewport/canvas/layers/PlanDiagnosticFallbackLayer.tsx:45:1
Expected ',', got '<eof>'
  43 |   );
  44 | }
> 45 |
     | ^

Parsing ecmascript source code failed

Import traces:
  Client Component Browser:
    ./apps/portal/components/drawings/viewports/PlanViewport/canvas/layers/PlanDiagnosticFallbackLayer.tsx [Client Component Browser]
    ./apps/portal/components/drawings/viewports/PlanViewport/canvas/PlanCanvas.tsx [Client Component Browser]
    ./apps/portal/components/drawings/viewports/PlanViewport/PlanViewport.tsx [Client Component Browser]
    ./apps/portal/components/drawings/workbench/WorkbenchViewportHost.tsx [Client Component Browser]
    ./apps/portal/components/drawings/workbench/DrawingWorkbench.tsx [Client Component Browser]
    ./apps/portal/components/projects/ProjectPage/tabs/EstimatesTab.tsx [Client Component Browser]
    ./apps/portal/components/projects/ProjectPage/ProjectMainTabs.tsx [Client Component Browser]
    ./apps/portal/components/projects/ProjectPage/ProjectPageShell.tsx [Client Component Browser]
    ./apps/portal/components/projects/ProjectPage/ProjectPageFrame.tsx [Client Component Browser]
    ./apps/portal/app/staff/projects/[projectId]/ProjectSnapshotPageClient.tsx [Client Component Browser]
    ./apps/portal/app/staff/projects/[projectId]/ProjectSnapshotPageClient.tsx [Server Component]
    ./apps/portal/app/staff/projects/[projectId]/page.tsx [Server Component]

  Client Component SSR:
    ./apps/portal/components/drawings/viewports/PlanViewport/canvas/layers/PlanDiagnosticFallbackLayer.tsx [Client Component SSR]
    ./apps/portal/components/drawings/viewports/PlanViewport/canvas/PlanCanvas.tsx [Client Component SSR]
    ./apps/portal/components/drawings/viewports/PlanViewport/PlanViewport.tsx [Client Component SSR]
    ./apps/portal/components/drawings/workbench/WorkbenchViewportHost.tsx [Client Component SSR]
    ./apps/portal/components/drawings/workbench/DrawingWorkbench.tsx [Client Component SSR]
    ./apps/portal/components/projects/ProjectPage/tabs/EstimatesTab.tsx [Client Component SSR]
    ./apps/portal/components/projects/ProjectPage/ProjectMainTabs.tsx [Client Component SSR]
    ./apps/portal/components/projects/ProjectPage/ProjectPageShell.tsx [Client Component SSR]
    ./apps/portal/components/projects/ProjectPage/ProjectPageFrame.tsx [Client Component SSR]
    ./apps/portal/app/staff/projects/[projectId]/ProjectSnapshotPageClient.tsx [Client Component SSR]
    ./apps/portal/app/staff/projects/[projectId]/ProjectSnapshotPageClient.tsx [Server Component]
    ./apps/portal/app/staff/projects/[projectId]/page.tsx [Server Component] @ http://localhost:3001/_next/static/chunks/node_modules_next_dist_115brz8._.js:3272
[47941577ms] [ERROR] ./apps/portal/components/drawings/viewports/PlanViewport/canvas/layers/PlanDiagnosticFallbackLayer.tsx:45:1
Expected ',', got '<eof>'
  43 |   );
  44 | }
> 45 |
     | ^

Parsing ecmascript source code failed

Import traces:
  Client Component Browser:
    ./apps/portal/components/drawings/viewports/PlanViewport/canvas/layers/PlanDiagnosticFallbackLayer.tsx [Client Component Browser]
    ./apps/portal/components/drawings/viewports/PlanViewport/canvas/PlanCanvas.tsx [Client Component Browser]
    ./apps/portal/components/drawings/viewports/PlanViewport/PlanViewport.tsx [Client Component Browser]
    ./apps/portal/components/drawings/workbench/WorkbenchViewportHost.tsx [Client Component Browser]
    ./apps/portal/components/drawings/workbench/DrawingWorkbench.tsx [Client Component Browser]
    ./apps/portal/components/projects/ProjectPage/tabs/EstimatesTab.tsx [Client Component Browser]
    ./apps/portal/components/projects/ProjectPage/ProjectMainTabs.tsx [Client Component Browser]
    ./apps/portal/components/projects/ProjectPage/ProjectPageShell.tsx [Client Component Browser]
    ./apps/portal/components/projects/ProjectPage/ProjectPageFrame.tsx [Client Component Browser]
    ./apps/portal/app/staff/projects/[projectId]/ProjectSnapshotPageClient.tsx [Client Component Browser]
    ./apps/portal/app/staff/projects/[projectId]/ProjectSnapshotPageClient.tsx [Server Component]
    ./apps/portal/app/staff/projects/[projectId]/page.tsx [Server Component]

  Client Component SSR:
    ./apps/portal/components/drawings/viewports/PlanViewport/canvas/layers/PlanDiagnosticFallbackLayer.tsx [Client Component SSR]
    ./apps/portal/components/drawings/viewports/PlanViewport/canvas/PlanCanvas.tsx [Client Component SSR]
    ./apps/portal/components/drawings/viewports/PlanViewport/PlanViewport.tsx [Client Component SSR]
    ./apps/portal/components/drawings/workbench/WorkbenchViewportHost.tsx [Client Component SSR]
    ./apps/portal/components/drawings/workbench/DrawingWorkbench.tsx [Client Component SSR]
    ./apps/portal/components/projects/ProjectPage/tabs/EstimatesTab.tsx [Client Component SSR]
    ./apps/portal/components/projects/ProjectPage/ProjectMainTabs.tsx [Client Component SSR]
    ./apps/portal/components/projects/ProjectPage/ProjectPageShell.tsx [Client Component SSR]
    ./apps/portal/components/projects/ProjectPage/ProjectPageFrame.tsx [Client Component SSR]
    ./apps/portal/app/staff/projects/[projectId]/ProjectSnapshotPageClient.tsx [Client Component SSR]
    ./apps/portal/app/staff/projects/[projectId]/ProjectSnapshotPageClient.tsx [Server Component]
    ./apps/portal/app/staff/projects/[projectId]/page.tsx [Server Component] @ http://localhost:3001/_next/static/chunks/node_modules_next_dist_115brz8._.js:3272
[47941577ms] [ERROR] ./apps/portal/components/drawings/viewports/PlanViewport/canvas/layers/PlanDiagnosticFallbackLayer.tsx:45:1
Expected ',', got '<eof>'
  43 |   );
  44 | }
> 45 |
     | ^

Parsing ecmascript source code failed

Import traces:
  Client Component Browser:
    ./apps/portal/components/drawings/viewports/PlanViewport/canvas/layers/PlanDiagnosticFallbackLayer.tsx [Client Component Browser]
    ./apps/portal/components/drawings/viewports/PlanViewport/canvas/PlanCanvas.tsx [Client Component Browser]
    ./apps/portal/components/drawings/viewports/PlanViewport/PlanViewport.tsx [Client Component Browser]
    ./apps/portal/components/drawings/workbench/WorkbenchViewportHost.tsx [Client Component Browser]
    ./apps/portal/components/drawings/workbench/DrawingWorkbench.tsx [Client Component Browser]
    ./apps/portal/components/projects/ProjectPage/tabs/EstimatesTab.tsx [Client Component Browser]
    ./apps/portal/components/projects/ProjectPage/ProjectMainTabs.tsx [Client Component Browser]
    ./apps/portal/components/projects/ProjectPage/ProjectPageShell.tsx [Client Component Browser]
    ./apps/portal/components/projects/ProjectPage/ProjectPageFrame.tsx [Client Component Browser]
    ./apps/portal/app/staff/projects/[projectId]/ProjectSnapshotPageClient.tsx [Client Component Browser]
    ./apps/portal/app/staff/projects/[projectId]/ProjectSnapshotPageClient.tsx [Server Component]
    ./apps/portal/app/staff/projects/[projectId]/page.tsx [Server Component]

  Client Component SSR:
    ./apps/portal/components/drawings/viewports/PlanViewport/canvas/layers/PlanDiagnosticFallbackLayer.tsx [Client Component SSR]
    ./apps/portal/components/drawings/viewports/PlanViewport/canvas/PlanCanvas.tsx [Client Component SSR]
    ./apps/portal/components/drawings/viewports/PlanViewport/PlanViewport.tsx [Client Component SSR]
    ./apps/portal/components/drawings/workbench/WorkbenchViewportHost.tsx [Client Component SSR]
    ./apps/portal/components/drawings/workbench/DrawingWorkbench.tsx [Client Component SSR]
    ./apps/portal/components/projects/ProjectPage/tabs/EstimatesTab.tsx [Client Component SSR]
    ./apps/portal/components/projects/ProjectPage/ProjectMainTabs.tsx [Client Component SSR]
    ./apps/portal/components/projects/ProjectPage/ProjectPageShell.tsx [Client Component SSR]
    ./apps/portal/components/projects/ProjectPage/ProjectPageFrame.tsx [Client Component SSR]
    ./apps/portal/app/staff/projects/[projectId]/ProjectSnapshotPageClient.tsx [Client Component SSR]
    ./apps/portal/app/staff/projects/[projectId]/ProjectSnapshotPageClient.tsx [Server Component]
    ./apps/portal/app/staff/projects/[projectId]/page.tsx [Server Component] @ http://localhost:3001/_next/static/chunks/node_modules_next_dist_115brz8._.js:3272
[47941578ms] [ERROR] ./apps/portal/components/drawings/viewports/PlanViewport/canvas/layers/PlanDiagnosticFallbackLayer.tsx:45:1
Expected ',', got '<eof>'
  43 |   );
  44 | }
> 45 |
     | ^

Parsing ecmascript source code failed

Import traces:
  Client Component Browser:
    ./apps/portal/components/drawings/viewports/PlanViewport/canvas/layers/PlanDiagnosticFallbackLayer.tsx [Client Component Browser]
    ./apps/portal/components/drawings/viewports/PlanViewport/canvas/PlanCanvas.tsx [Client Component Browser]
    ./apps/portal/components/drawings/viewports/PlanViewport/PlanViewport.tsx [Client Component Browser]
    ./apps/portal/components/drawings/workbench/WorkbenchViewportHost.tsx [Client Component Browser]
    ./apps/portal/components/drawings/workbench/DrawingWorkbench.tsx [Client Component Browser]
    ./apps/portal/components/projects/ProjectPage/tabs/EstimatesTab.tsx [Client Component Browser]
    ./apps/portal/components/projects/ProjectPage/ProjectMainTabs.tsx [Client Component Browser]
    ./apps/portal/components/projects/ProjectPage/ProjectPageShell.tsx [Client Component Browser]
    ./apps/portal/components/projects/ProjectPage/ProjectPageFrame.tsx [Client Component Browser]
    ./apps/portal/app/staff/projects/[projectId]/ProjectSnapshotPageClient.tsx [Client Component Browser]
    ./apps/portal/app/staff/projects/[projectId]/ProjectSnapshotPageClient.tsx [Server Component]
    ./apps/portal/app/staff/projects/[projectId]/page.tsx [Server Component]

  Client Component SSR:
    ./apps/portal/components/drawings/viewports/PlanViewport/canvas/layers/PlanDiagnosticFallbackLayer.tsx [Client Component SSR]
    ./apps/portal/components/drawings/viewports/PlanViewport/canvas/PlanCanvas.tsx [Client Component SSR]
    ./apps/portal/components/drawings/viewports/PlanViewport/PlanViewport.tsx [Client Component SSR]
    ./apps/portal/components/drawings/workbench/WorkbenchViewportHost.tsx [Client Component SSR]
    ./apps/portal/components/drawings/workbench/DrawingWorkbench.tsx [Client Component SSR]
    ./apps/portal/components/projects/ProjectPage/tabs/EstimatesTab.tsx [Client Component SSR]
    ./apps/portal/components/projects/ProjectPage/ProjectMainTabs.tsx [Client Component SSR]
    ./apps/portal/components/projects/ProjectPage/ProjectPageShell.tsx [Client Component SSR]
    ./apps/portal/components/projects/ProjectPage/ProjectPageFrame.tsx [Client Component SSR]
    ./apps/portal/app/staff/projects/[projectId]/ProjectSnapshotPageClient.tsx [Client Component SSR]
    ./apps/portal/app/staff/projects/[projectId]/ProjectSnapshotPageClient.tsx [Server Component]
    ./apps/portal/app/staff/projects/[projectId]/page.tsx [Server Component] @ http://localhost:3001/_next/static/chunks/node_modules_next_dist_115brz8._.js:3272
[47941578ms] [ERROR] ./apps/portal/components/drawings/viewports/PlanViewport/canvas/layers/PlanDiagnosticFallbackLayer.tsx:45:1
Expected ',', got '<eof>'
  43 |   );
  44 | }
> 45 |
     | ^

Parsing ecmascript source code failed

Import traces:
  Client Component Browser:
    ./apps/portal/components/drawings/viewports/PlanViewport/canvas/layers/PlanDiagnosticFallbackLayer.tsx [Client Component Browser]
    ./apps/portal/components/drawings/viewports/PlanViewport/canvas/PlanCanvas.tsx [Client Component Browser]
    ./apps/portal/components/drawings/viewports/PlanViewport/PlanViewport.tsx [Client Component Browser]
    ./apps/portal/components/drawings/workbench/WorkbenchViewportHost.tsx [Client Component Browser]
    ./apps/portal/components/drawings/workbench/DrawingWorkbench.tsx [Client Component Browser]
    ./apps/portal/components/projects/ProjectPage/tabs/EstimatesTab.tsx [Client Component Browser]
    ./apps/portal/components/projects/ProjectPage/ProjectMainTabs.tsx [Client Component Browser]
    ./apps/portal/components/projects/ProjectPage/ProjectPageShell.tsx [Client Component Browser]
    ./apps/portal/components/projects/ProjectPage/ProjectPageFrame.tsx [Client Component Browser]
    ./apps/portal/app/staff/projects/[projectId]/ProjectSnapshotPageClient.tsx [Client Component Browser]
    ./apps/portal/app/staff/projects/[projectId]/ProjectSnapshotPageClient.tsx [Server Component]
    ./apps/portal/app/staff/projects/[projectId]/page.tsx [Server Component]

  Client Component SSR:
    ./apps/portal/components/drawings/viewports/PlanViewport/canvas/layers/PlanDiagnosticFallbackLayer.tsx [Client Component SSR]
    ./apps/portal/components/drawings/viewports/PlanViewport/canvas/PlanCanvas.tsx [Client Component SSR]
    ./apps/portal/components/drawings/viewports/PlanViewport/PlanViewport.tsx [Client Component SSR]
    ./apps/portal/components/drawings/workbench/WorkbenchViewportHost.tsx [Client Component SSR]
    ./apps/portal/components/drawings/workbench/DrawingWorkbench.tsx [Client Component SSR]
    ./apps/portal/components/projects/ProjectPage/tabs/EstimatesTab.tsx [Client Component SSR]
    ./apps/portal/components/projects/ProjectPage/ProjectMainTabs.tsx [Client Component SSR]
    ./apps/portal/components/projects/ProjectPage/ProjectPageShell.tsx [Client Component SSR]
    ./apps/portal/components/projects/ProjectPage/ProjectPageFrame.tsx [Client Component SSR]
    ./apps/portal/app/staff/projects/[projectId]/ProjectSnapshotPageClient.tsx [Client Component SSR]
    ./apps/portal/app/staff/projects/[projectId]/ProjectSnapshotPageClient.tsx [Server Component]
    ./apps/portal/app/staff/projects/[projectId]/page.tsx [Server Component] @ http://localhost:3001/_next/static/chunks/node_modules_next_dist_115brz8._.js:3272
[47941579ms] [ERROR] ./apps/portal/components/drawings/viewports/PlanViewport/canvas/layers/PlanDiagnosticFallbackLayer.tsx:45:1
Expected ',', got '<eof>'
  43 |   );
  44 | }
> 45 |
     | ^

Parsing ecmascript source code failed

Import traces:
  Client Component Browser:
    ./apps/portal/components/drawings/viewports/PlanViewport/canvas/layers/PlanDiagnosticFallbackLayer.tsx [Client Component Browser]
    ./apps/portal/components/drawings/viewports/PlanViewport/canvas/PlanCanvas.tsx [Client Component Browser]
    ./apps/portal/components/drawings/viewports/PlanViewport/PlanViewport.tsx [Client Component Browser]
    ./apps/portal/components/drawings/workbench/WorkbenchViewportHost.tsx [Client Component Browser]
    ./apps/portal/components/drawings/workbench/DrawingWorkbench.tsx [Client Component Browser]
    ./apps/portal/components/projects/ProjectPage/tabs/EstimatesTab.tsx [Client Component Browser]
    ./apps/portal/components/projects/ProjectPage/ProjectMainTabs.tsx [Client Component Browser]
    ./apps/portal/components/projects/ProjectPage/ProjectPageShell.tsx [Client Component Browser]
    ./apps/portal/components/projects/ProjectPage/ProjectPageFrame.tsx [Client Component Browser]
    ./apps/portal/app/staff/projects/[projectId]/ProjectSnapshotPageClient.tsx [Client Component Browser]
    ./apps/portal/app/staff/projects/[projectId]/ProjectSnapshotPageClient.tsx [Server Component]
    ./apps/portal/app/staff/projects/[projectId]/page.tsx [Server Component]

  Client Component SSR:
    ./apps/portal/components/drawings/viewports/PlanViewport/canvas/layers/PlanDiagnosticFallbackLayer.tsx [Client Component SSR]
    ./apps/portal/components/drawings/viewports/PlanViewport/canvas/PlanCanvas.tsx [Client Component SSR]
    ./apps/portal/components/drawings/viewports/PlanViewport/PlanViewport.tsx [Client Component SSR]
    ./apps/portal/components/drawings/workbench/WorkbenchViewportHost.tsx [Client Component SSR]
    ./apps/portal/components/drawings/workbench/DrawingWorkbench.tsx [Client Component SSR]
    ./apps/portal/components/projects/ProjectPage/tabs/EstimatesTab.tsx [Client Component SSR]
    ./apps/portal/components/projects/ProjectPage/ProjectMainTabs.tsx [Client Component SSR]
    ./apps/portal/components/projects/ProjectPage/ProjectPageShell.tsx [Client Component SSR]
    ./apps/portal/components/projects/ProjectPage/ProjectPageFrame.tsx [Client Component SSR]
    ./apps/portal/app/staff/projects/[projectId]/ProjectSnapshotPageClient.tsx [Client Component SSR]
    ./apps/portal/app/staff/projects/[projectId]/ProjectSnapshotPageClient.tsx [Server Component]
    ./apps/portal/app/staff/projects/[projectId]/page.tsx [Server Component] @ http://localhost:3001/_next/static/chunks/node_modules_next_dist_115brz8._.js:3272
[47941579ms] [LOG] [Fast Refresh] rebuilding @ http://localhost:3001/_next/static/chunks/node_modules_next_dist_115brz8._.js:2431
[47945951ms] [ERROR] Failed to load resource: the server responded with a status of 500 (Internal Server Error) @ http://localhost:3001/staff/projects/proj_cf4afb59-b72c-4b11-b39f-9e04f4684163/design-workbench?_rsc=1uq1y:0
[47945953ms] [ERROR] Failed to load resource: the server responded with a status of 500 (Internal Server Error) @ http://localhost:3001/staff/projects/proj_cf4afb59-b72c-4b11-b39f-9e04f4684163/design-workbench?_rsc=1uq1y:0
[47945956ms] [WARNING] The resource http://localhost:3001/_next/static/chunks/apps_portal_components_page-state_PageState_module_0sc2l4s.css was preloaded using link preload but not used within a few seconds from the window's load event. Please make sure it has an appropriate `as` value and it is preloaded intentionally. @ http://localhost:3001/staff/projects/proj_cf4afb59-b72c-4b11-b39f-9e04f4684163/design-workbench:0
[47945963ms] [LOG] [Fast Refresh] done in 4384ms @ http://localhost:3001/_next/static/chunks/node_modules_next_dist_115brz8._.js:2431
[47945965ms] [LOG] [Fast Refresh] rebuilding @ http://localhost:3001/_next/static/chunks/node_modules_next_dist_115brz8._.js:2431
[47945972ms] [LOG] [Fast Refresh] done in 6ms @ http://localhost:3001/_next/static/chunks/node_modules_next_dist_115brz8._.js:2431
[47945982ms] [LOG] [Fast Refresh] rebuilding @ http://localhost:3001/_next/static/chunks/node_modules_next_dist_115brz8._.js:2431
[47945986ms] [ERROR] ./apps/portal/components/drawings/viewports/PlanViewport/canvas/layers/PlanDimensionLayer.tsx:105:1
Expected ',', got '<eof>'
  103 |   );
  104 | }
> 105 |
      | ^

Parsing ecmascript source code failed

Import traces:
  Client Component Browser:
    ./apps/portal/components/drawings/viewports/PlanViewport/canvas/layers/PlanDimensionLayer.tsx [Client Component Browser]
    ./apps/portal/components/drawings/viewports/PlanViewport/canvas/PlanCanvas.tsx [Client Component Browser]
    ./apps/portal/components/drawings/viewports/PlanViewport/PlanViewport.tsx [Client Component Browser]
    ./apps/portal/components/drawings/workbench/WorkbenchViewportHost.tsx [Client Component Browser]
    ./apps/portal/components/drawings/workbench/DrawingWorkbench.tsx [Client Component Browser]
    ./apps/portal/components/projects/ProjectPage/tabs/EstimatesTab.tsx [Client Component Browser]
    ./apps/portal/components/projects/ProjectPage/ProjectMainTabs.tsx [Client Component Browser]
    ./apps/portal/components/projects/ProjectPage/ProjectPageShell.tsx [Client Component Browser]
    ./apps/portal/components/projects/ProjectPage/ProjectPageFrame.tsx [Client Component Browser]
    ./apps/portal/app/staff/projects/[projectId]/ProjectSnapshotPageClient.tsx [Client Component Browser]
    ./apps/portal/app/staff/projects/[projectId]/ProjectSnapshotPageClient.tsx [Server Component]
    ./apps/portal/app/staff/projects/[projectId]/page.tsx [Server Component]

  Client Component SSR:
    ./apps/portal/components/drawings/viewports/PlanViewport/canvas/layers/PlanDimensionLayer.tsx [Client Component SSR]
    ./apps/portal/components/drawings/viewports/PlanViewport/canvas/PlanCanvas.tsx [Client Component SSR]
    ./apps/portal/components/drawings/viewports/PlanViewport/PlanViewport.tsx [Client Component SSR]
    ./apps/portal/components/drawings/workbench/WorkbenchViewportHost.tsx [Client Component SSR]
    ./apps/portal/components/drawings/workbench/DrawingWorkbench.tsx [Client Component SSR]
    ./apps/portal/components/projects/ProjectPage/tabs/EstimatesTab.tsx [Client Component SSR]
    ./apps/portal/components/projects/ProjectPage/ProjectMainTabs.tsx [Client Component SSR]
    ./apps/portal/components/projects/ProjectPage/ProjectPageShell.tsx [Client Component SSR]
    ./apps/portal/components/projects/ProjectPage/ProjectPageFrame.tsx [Client Component SSR]
    ./apps/portal/app/staff/projects/[projectId]/ProjectSnapshotPageClient.tsx [Client Component SSR]
    ./apps/portal/app/staff/projects/[projectId]/ProjectSnapshotPageClient.tsx [Server Component]
    ./apps/portal/app/staff/projects/[projectId]/page.tsx [Server Component] @ http://localhost:3001/_next/static/chunks/node_modules_next_dist_115brz8._.js:3272
[47945986ms] [ERROR] ./apps/portal/components/drawings/viewports/PlanViewport/canvas/layers/PlanDimensionLayer.tsx:105:1
Expected ',', got '<eof>'
  103 |   );
  104 | }
> 105 |
      | ^

Parsing ecmascript source code failed

Import traces:
  Client Component Browser:
    ./apps/portal/components/drawings/viewports/PlanViewport/canvas/layers/PlanDimensionLayer.tsx [Client Component Browser]
    ./apps/portal/components/drawings/viewports/PlanViewport/canvas/PlanCanvas.tsx [Client Component Browser]
    ./apps/portal/components/drawings/viewports/PlanViewport/PlanViewport.tsx [Client Component Browser]
    ./apps/portal/components/drawings/workbench/WorkbenchViewportHost.tsx [Client Component Browser]
    ./apps/portal/components/drawings/workbench/DrawingWorkbench.tsx [Client Component Browser]
    ./apps/portal/components/projects/ProjectPage/tabs/EstimatesTab.tsx [Client Component Browser]
    ./apps/portal/components/projects/ProjectPage/ProjectMainTabs.tsx [Client Component Browser]
    ./apps/portal/components/projects/ProjectPage/ProjectPageShell.tsx [Client Component Browser]
    ./apps/portal/components/projects/ProjectPage/ProjectPageFrame.tsx [Client Component Browser]
    ./apps/portal/app/staff/projects/[projectId]/ProjectSnapshotPageClient.tsx [Client Component Browser]
    ./apps/portal/app/staff/projects/[projectId]/ProjectSnapshotPageClient.tsx [Server Component]
    ./apps/portal/app/staff/projects/[projectId]/page.tsx [Server Component]

  Client Component SSR:
    ./apps/portal/components/drawings/viewports/PlanViewport/canvas/layers/PlanDimensionLayer.tsx [Client Component SSR]
    ./apps/portal/components/drawings/viewports/PlanViewport/canvas/PlanCanvas.tsx [Client Component SSR]
    ./apps/portal/components/drawings/viewports/PlanViewport/PlanViewport.tsx [Client Component SSR]
    ./apps/portal/components/drawings/workbench/WorkbenchViewportHost.tsx [Client Component SSR]
    ./apps/portal/components/drawings/workbench/DrawingWorkbench.tsx [Client Component SSR]
    ./apps/portal/components/projects/ProjectPage/tabs/EstimatesTab.tsx [Client Component SSR]
    ./apps/portal/components/projects/ProjectPage/ProjectMainTabs.tsx [Client Component SSR]
    ./apps/portal/components/projects/ProjectPage/ProjectPageShell.tsx [Client Component SSR]
    ./apps/portal/components/projects/ProjectPage/ProjectPageFrame.tsx [Client Component SSR]
    ./apps/portal/app/staff/projects/[projectId]/ProjectSnapshotPageClient.tsx [Client Component SSR]
    ./apps/portal/app/staff/projects/[projectId]/ProjectSnapshotPageClient.tsx [Server Component]
    ./apps/portal/app/staff/projects/[projectId]/page.tsx [Server Component] @ http://localhost:3001/_next/static/chunks/node_modules_next_dist_115brz8._.js:3272
[47945987ms] [ERROR] ./apps/portal/components/drawings/viewports/PlanViewport/canvas/layers/PlanDimensionLayer.tsx:105:1
Expected ',', got '<eof>'
  103 |   );
  104 | }
> 105 |
      | ^

Parsing ecmascript source code failed

Import traces:
  Client Component Browser:
    ./apps/portal/components/drawings/viewports/PlanViewport/canvas/layers/PlanDimensionLayer.tsx [Client Component Browser]
    ./apps/portal/components/drawings/viewports/PlanViewport/canvas/PlanCanvas.tsx [Client Component Browser]
    ./apps/portal/components/drawings/viewports/PlanViewport/PlanViewport.tsx [Client Component Browser]
    ./apps/portal/components/drawings/workbench/WorkbenchViewportHost.tsx [Client Component Browser]
    ./apps/portal/components/drawings/workbench/DrawingWorkbench.tsx [Client Component Browser]
    ./apps/portal/components/projects/ProjectPage/tabs/EstimatesTab.tsx [Client Component Browser]
    ./apps/portal/components/projects/ProjectPage/ProjectMainTabs.tsx [Client Component Browser]
    ./apps/portal/components/projects/ProjectPage/ProjectPageShell.tsx [Client Component Browser]
    ./apps/portal/components/projects/ProjectPage/ProjectPageFrame.tsx [Client Component Browser]
    ./apps/portal/app/staff/projects/[projectId]/ProjectSnapshotPageClient.tsx [Client Component Browser]
    ./apps/portal/app/staff/projects/[projectId]/ProjectSnapshotPageClient.tsx [Server Component]
    ./apps/portal/app/staff/projects/[projectId]/page.tsx [Server Component]

  Client Component SSR:
    ./apps/portal/components/drawings/viewports/PlanViewport/canvas/layers/PlanDimensionLayer.tsx [Client Component SSR]
    ./apps/portal/components/drawings/viewports/PlanViewport/canvas/PlanCanvas.tsx [Client Component SSR]
    ./apps/portal/components/drawings/viewports/PlanViewport/PlanViewport.tsx [Client Component SSR]
    ./apps/portal/components/drawings/workbench/WorkbenchViewportHost.tsx [Client Component SSR]
    ./apps/portal/components/drawings/workbench/DrawingWorkbench.tsx [Client Component SSR]
    ./apps/portal/components/projects/ProjectPage/tabs/EstimatesTab.tsx [Client Component SSR]
    ./apps/portal/components/projects/ProjectPage/ProjectMainTabs.tsx [Client Component SSR]
    ./apps/portal/components/projects/ProjectPage/ProjectPageShell.tsx [Client Component SSR]
    ./apps/portal/components/projects/ProjectPage/ProjectPageFrame.tsx [Client Component SSR]
    ./apps/portal/app/staff/projects/[projectId]/ProjectSnapshotPageClient.tsx [Client Component SSR]
    ./apps/portal/app/staff/projects/[projectId]/ProjectSnapshotPageClient.tsx [Server Component]
    ./apps/portal/app/staff/projects/[projectId]/page.tsx [Server Component] @ http://localhost:3001/_next/static/chunks/node_modules_next_dist_115brz8._.js:3272
[47945987ms] [ERROR] ./apps/portal/components/drawings/viewports/PlanViewport/canvas/layers/PlanDimensionLayer.tsx:105:1
Expected ',', got '<eof>'
  103 |   );
  104 | }
> 105 |
      | ^

Parsing ecmascript source code failed

Import traces:
  Client Component Browser:
    ./apps/portal/components/drawings/viewports/PlanViewport/canvas/layers/PlanDimensionLayer.tsx [Client Component Browser]
    ./apps/portal/components/drawings/viewports/PlanViewport/canvas/PlanCanvas.tsx [Client Component Browser]
    ./apps/portal/components/drawings/viewports/PlanViewport/PlanViewport.tsx [Client Component Browser]
    ./apps/portal/components/drawings/workbench/WorkbenchViewportHost.tsx [Client Component Browser]
    ./apps/portal/components/drawings/workbench/DrawingWorkbench.tsx [Client Component Browser]
    ./apps/portal/components/projects/ProjectPage/tabs/EstimatesTab.tsx [Client Component Browser]
    ./apps/portal/components/projects/ProjectPage/ProjectMainTabs.tsx [Client Component Browser]
    ./apps/portal/components/projects/ProjectPage/ProjectPageShell.tsx [Client Component Browser]
    ./apps/portal/components/projects/ProjectPage/ProjectPageFrame.tsx [Client Component Browser]
    ./apps/portal/app/staff/projects/[projectId]/ProjectSnapshotPageClient.tsx [Client Component Browser]
    ./apps/portal/app/staff/projects/[projectId]/ProjectSnapshotPageClient.tsx [Server Component]
    ./apps/portal/app/staff/projects/[projectId]/page.tsx [Server Component]

  Client Component SSR:
    ./apps/portal/components/drawings/viewports/PlanViewport/canvas/layers/PlanDimensionLayer.tsx [Client Component SSR]
    ./apps/portal/components/drawings/viewports/PlanViewport/canvas/PlanCanvas.tsx [Client Component SSR]
    ./apps/portal/components/drawings/viewports/PlanViewport/PlanViewport.tsx [Client Component SSR]
    ./apps/portal/components/drawings/workbench/WorkbenchViewportHost.tsx [Client Component SSR]
    ./apps/portal/components/drawings/workbench/DrawingWorkbench.tsx [Client Component SSR]
    ./apps/portal/components/projects/ProjectPage/tabs/EstimatesTab.tsx [Client Component SSR]
    ./apps/portal/components/projects/ProjectPage/ProjectMainTabs.tsx [Client Component SSR]
    ./apps/portal/components/projects/ProjectPage/ProjectPageShell.tsx [Client Component SSR]
    ./apps/portal/components/projects/ProjectPage/ProjectPageFrame.tsx [Client Component SSR]
    ./apps/portal/app/staff/projects/[projectId]/ProjectSnapshotPageClient.tsx [Client Component SSR]
    ./apps/portal/app/staff/projects/[projectId]/ProjectSnapshotPageClient.tsx [Server Component]
    ./apps/portal/app/staff/projects/[projectId]/page.tsx [Server Component] @ http://localhost:3001/_next/static/chunks/node_modules_next_dist_115brz8._.js:3272
[47950321ms] [LOG] [Fast Refresh] rebuilding @ http://localhost:3001/_next/static/chunks/node_modules_next_dist_115brz8._.js:2431
[47950325ms] [WARNING] The resource http://localhost:3001/_next/static/chunks/apps_portal_components_page-state_PageState_module_0sc2l4s.css was preloaded using link preload but not used within a few seconds from the window's load event. Please make sure it has an appropriate `as` value and it is preloaded intentionally. @ http://localhost:3001/staff/projects/proj_cf4afb59-b72c-4b11-b39f-9e04f4684163/design-workbench:0
[47950334ms] [LOG] [Fast Refresh] done in 4346ms @ http://localhost:3001/_next/static/chunks/node_modules_next_dist_115brz8._.js:2431
[47954751ms] [LOG] [Fast Refresh] rebuilding @ http://localhost:3001/_next/static/chunks/node_modules_next_dist_115brz8._.js:2431
[47954756ms] [LOG] [Fast Refresh] done in 6ms @ http://localhost:3001/_next/static/chunks/node_modules_next_dist_115brz8._.js:2431
[47959116ms] [ERROR] Failed to load resource: the server responded with a status of 500 (Internal Server Error) @ http://localhost:3001/staff/projects/proj_cf4afb59-b72c-4b11-b39f-9e04f4684163/design-workbench?_rsc=1uq1y:0
[47959117ms] [ERROR] Failed to load resource: the server responded with a status of 500 (Internal Server Error) @ http://localhost:3001/staff/projects/proj_cf4afb59-b72c-4b11-b39f-9e04f4684163/design-workbench?_rsc=1uq1y:0
[47959118ms] [ERROR] Failed to load resource: the server responded with a status of 500 (Internal Server Error) @ http://localhost:3001/staff/projects/proj_cf4afb59-b72c-4b11-b39f-9e04f4684163/design-workbench?_rsc=1uq1y:0
[47959124ms] [LOG] [Fast Refresh] rebuilding @ http://localhost:3001/_next/static/chunks/node_modules_next_dist_115brz8._.js:2431
[47959129ms] [ERROR] ./apps/portal/components/drawings/viewports/PlanViewport/canvas/layers/PlanEdgeDragPreviewLayer.tsx:27:1
Expected ',', got '<eof>'
  25 |   );
  26 | }
> 27 |
     | ^

Parsing ecmascript source code failed

Import traces:
  Client Component Browser:
    ./apps/portal/components/drawings/viewports/PlanViewport/canvas/layers/PlanEdgeDragPreviewLayer.tsx [Client Component Browser]
    ./apps/portal/components/drawings/viewports/PlanViewport/canvas/PlanCanvas.tsx [Client Component Browser]
    ./apps/portal/components/drawings/viewports/PlanViewport/PlanViewport.tsx [Client Component Browser]
    ./apps/portal/components/drawings/workbench/WorkbenchViewportHost.tsx [Client Component Browser]
    ./apps/portal/components/drawings/workbench/DrawingWorkbench.tsx [Client Component Browser]
    ./apps/portal/components/projects/ProjectPage/tabs/EstimatesTab.tsx [Client Component Browser]
    ./apps/portal/components/projects/ProjectPage/ProjectMainTabs.tsx [Client Component Browser]
    ./apps/portal/components/projects/ProjectPage/ProjectPageShell.tsx [Client Component Browser]
    ./apps/portal/components/projects/ProjectPage/ProjectPageFrame.tsx [Client Component Browser]
    ./apps/portal/app/staff/projects/[projectId]/ProjectSnapshotPageClient.tsx [Client Component Browser]
    ./apps/portal/app/staff/projects/[projectId]/ProjectSnapshotPageClient.tsx [Server Component]
    ./apps/portal/app/staff/projects/[projectId]/page.tsx [Server Component]

  Client Component SSR:
    ./apps/portal/components/drawings/viewports/PlanViewport/canvas/layers/PlanEdgeDragPreviewLayer.tsx [Client Component SSR]
    ./apps/portal/components/drawings/viewports/PlanViewport/canvas/PlanCanvas.tsx [Client Component SSR]
    ./apps/portal/components/drawings/viewports/PlanViewport/PlanViewport.tsx [Client Component SSR]
    ./apps/portal/components/drawings/workbench/WorkbenchViewportHost.tsx [Client Component SSR]
    ./apps/portal/components/drawings/workbench/DrawingWorkbench.tsx [Client Component SSR]
    ./apps/portal/components/projects/ProjectPage/tabs/EstimatesTab.tsx [Client Component SSR]
    ./apps/portal/components/projects/ProjectPage/ProjectMainTabs.tsx [Client Component SSR]
    ./apps/portal/components/projects/ProjectPage/ProjectPageShell.tsx [Client Component SSR]
    ./apps/portal/components/projects/ProjectPage/ProjectPageFrame.tsx [Client Component SSR]
    ./apps/portal/app/staff/projects/[projectId]/ProjectSnapshotPageClient.tsx [Client Component SSR]
    ./apps/portal/app/staff/projects/[projectId]/ProjectSnapshotPageClient.tsx [Server Component]
    ./apps/portal/app/staff/projects/[projectId]/page.tsx [Server Component] @ http://localhost:3001/_next/static/chunks/node_modules_next_dist_115brz8._.js:3272
[47959129ms] [ERROR] ./apps/portal/components/drawings/viewports/PlanViewport/canvas/layers/PlanEdgeDragPreviewLayer.tsx:27:1
Expected ',', got '<eof>'
  25 |   );
  26 | }
> 27 |
     | ^

Parsing ecmascript source code failed

Import traces:
  Client Component Browser:
    ./apps/portal/components/drawings/viewports/PlanViewport/canvas/layers/PlanEdgeDragPreviewLayer.tsx [Client Component Browser]
    ./apps/portal/components/drawings/viewports/PlanViewport/canvas/PlanCanvas.tsx [Client Component Browser]
    ./apps/portal/components/drawings/viewports/PlanViewport/PlanViewport.tsx [Client Component Browser]
    ./apps/portal/components/drawings/workbench/WorkbenchViewportHost.tsx [Client Component Browser]
    ./apps/portal/components/drawings/workbench/DrawingWorkbench.tsx [Client Component Browser]
    ./apps/portal/components/projects/ProjectPage/tabs/EstimatesTab.tsx [Client Component Browser]
    ./apps/portal/components/projects/ProjectPage/ProjectMainTabs.tsx [Client Component Browser]
    ./apps/portal/components/projects/ProjectPage/ProjectPageShell.tsx [Client Component Browser]
    ./apps/portal/components/projects/ProjectPage/ProjectPageFrame.tsx [Client Component Browser]
    ./apps/portal/app/staff/projects/[projectId]/ProjectSnapshotPageClient.tsx [Client Component Browser]
    ./apps/portal/app/staff/projects/[projectId]/ProjectSnapshotPageClient.tsx [Server Component]
    ./apps/portal/app/staff/projects/[projectId]/page.tsx [Server Component]

  Client Component SSR:
    ./apps/portal/components/drawings/viewports/PlanViewport/canvas/layers/PlanEdgeDragPreviewLayer.tsx [Client Component SSR]
    ./apps/portal/components/drawings/viewports/PlanViewport/canvas/PlanCanvas.tsx [Client Component SSR]
    ./apps/portal/components/drawings/viewports/PlanViewport/PlanViewport.tsx [Client Component SSR]
    ./apps/portal/components/drawings/workbench/WorkbenchViewportHost.tsx [Client Component SSR]
    ./apps/portal/components/drawings/workbench/DrawingWorkbench.tsx [Client Component SSR]
    ./apps/portal/components/projects/ProjectPage/tabs/EstimatesTab.tsx [Client Component SSR]
    ./apps/portal/components/projects/ProjectPage/ProjectMainTabs.tsx [Client Component SSR]
    ./apps/portal/components/projects/ProjectPage/ProjectPageShell.tsx [Client Component SSR]
    ./apps/portal/components/projects/ProjectPage/ProjectPageFrame.tsx [Client Component SSR]
    ./apps/portal/app/staff/projects/[projectId]/ProjectSnapshotPageClient.tsx [Client Component SSR]
    ./apps/portal/app/staff/projects/[projectId]/ProjectSnapshotPageClient.tsx [Server Component]
    ./apps/portal/app/staff/projects/[projectId]/page.tsx [Server Component] @ http://localhost:3001/_next/static/chunks/node_modules_next_dist_115brz8._.js:3272
[47959129ms] [ERROR] ./apps/portal/components/drawings/viewports/PlanViewport/canvas/layers/PlanEdgeDragPreviewLayer.tsx:27:1
Expected ',', got '<eof>'
  25 |   );
  26 | }
> 27 |
     | ^

Parsing ecmascript source code failed

Import traces:
  Client Component Browser:
    ./apps/portal/components/drawings/viewports/PlanViewport/canvas/layers/PlanEdgeDragPreviewLayer.tsx [Client Component Browser]
    ./apps/portal/components/drawings/viewports/PlanViewport/canvas/PlanCanvas.tsx [Client Component Browser]
    ./apps/portal/components/drawings/viewports/PlanViewport/PlanViewport.tsx [Client Component Browser]
    ./apps/portal/components/drawings/workbench/WorkbenchViewportHost.tsx [Client Component Browser]
    ./apps/portal/components/drawings/workbench/DrawingWorkbench.tsx [Client Component Browser]
    ./apps/portal/components/projects/ProjectPage/tabs/EstimatesTab.tsx [Client Component Browser]
    ./apps/portal/components/projects/ProjectPage/ProjectMainTabs.tsx [Client Component Browser]
    ./apps/portal/components/projects/ProjectPage/ProjectPageShell.tsx [Client Component Browser]
    ./apps/portal/components/projects/ProjectPage/ProjectPageFrame.tsx [Client Component Browser]
    ./apps/portal/app/staff/projects/[projectId]/ProjectSnapshotPageClient.tsx [Client Component Browser]
    ./apps/portal/app/staff/projects/[projectId]/ProjectSnapshotPageClient.tsx [Server Component]
    ./apps/portal/app/staff/projects/[projectId]/page.tsx [Server Component]

  Client Component SSR:
    ./apps/portal/components/drawings/viewports/PlanViewport/canvas/layers/PlanEdgeDragPreviewLayer.tsx [Client Component SSR]
    ./apps/portal/components/drawings/viewports/PlanViewport/canvas/PlanCanvas.tsx [Client Component SSR]
    ./apps/portal/components/drawings/viewports/PlanViewport/PlanViewport.tsx [Client Component SSR]
    ./apps/portal/components/drawings/workbench/WorkbenchViewportHost.tsx [Client Component SSR]
    ./apps/portal/components/drawings/workbench/DrawingWorkbench.tsx [Client Component SSR]
    ./apps/portal/components/projects/ProjectPage/tabs/EstimatesTab.tsx [Client Component SSR]
    ./apps/portal/components/projects/ProjectPage/ProjectMainTabs.tsx [Client Component SSR]
    ./apps/portal/components/projects/ProjectPage/ProjectPageShell.tsx [Client Component SSR]
    ./apps/portal/components/projects/ProjectPage/ProjectPageFrame.tsx [Client Component SSR]
    ./apps/portal/app/staff/projects/[projectId]/ProjectSnapshotPageClient.tsx [Client Component SSR]
    ./apps/portal/app/staff/projects/[projectId]/ProjectSnapshotPageClient.tsx [Server Component]
    ./apps/portal/app/staff/projects/[projectId]/page.tsx [Server Component] @ http://localhost:3001/_next/static/chunks/node_modules_next_dist_115brz8._.js:3272
[47959130ms] [ERROR] ./apps/portal/components/drawings/viewports/PlanViewport/canvas/layers/PlanEdgeDragPreviewLayer.tsx:27:1
Expected ',', got '<eof>'
  25 |   );
  26 | }
> 27 |
     | ^

Parsing ecmascript source code failed

Import traces:
  Client Component Browser:
    ./apps/portal/components/drawings/viewports/PlanViewport/canvas/layers/PlanEdgeDragPreviewLayer.tsx [Client Component Browser]
    ./apps/portal/components/drawings/viewports/PlanViewport/canvas/PlanCanvas.tsx [Client Component Browser]
    ./apps/portal/components/drawings/viewports/PlanViewport/PlanViewport.tsx [Client Component Browser]
    ./apps/portal/components/drawings/workbench/WorkbenchViewportHost.tsx [Client Component Browser]
    ./apps/portal/components/drawings/workbench/DrawingWorkbench.tsx [Client Component Browser]
    ./apps/portal/components/projects/ProjectPage/tabs/EstimatesTab.tsx [Client Component Browser]
    ./apps/portal/components/projects/ProjectPage/ProjectMainTabs.tsx [Client Component Browser]
    ./apps/portal/components/projects/ProjectPage/ProjectPageShell.tsx [Client Component Browser]
    ./apps/portal/components/projects/ProjectPage/ProjectPageFrame.tsx [Client Component Browser]
    ./apps/portal/app/staff/projects/[projectId]/ProjectSnapshotPageClient.tsx [Client Component Browser]
    ./apps/portal/app/staff/projects/[projectId]/ProjectSnapshotPageClient.tsx [Server Component]
    ./apps/portal/app/staff/projects/[projectId]/page.tsx [Server Component]

  Client Component SSR:
    ./apps/portal/components/drawings/viewports/PlanViewport/canvas/layers/PlanEdgeDragPreviewLayer.tsx [Client Component SSR]
    ./apps/portal/components/drawings/viewports/PlanViewport/canvas/PlanCanvas.tsx [Client Component SSR]
    ./apps/portal/components/drawings/viewports/PlanViewport/PlanViewport.tsx [Client Component SSR]
    ./apps/portal/components/drawings/workbench/WorkbenchViewportHost.tsx [Client Component SSR]
    ./apps/portal/components/drawings/workbench/DrawingWorkbench.tsx [Client Component SSR]
    ./apps/portal/components/projects/ProjectPage/tabs/EstimatesTab.tsx [Client Component SSR]
    ./apps/portal/components/projects/ProjectPage/ProjectMainTabs.tsx [Client Component SSR]
    ./apps/portal/components/projects/ProjectPage/ProjectPageShell.tsx [Client Component SSR]
    ./apps/portal/components/projects/ProjectPage/ProjectPageFrame.tsx [Client Component SSR]
    ./apps/portal/app/staff/projects/[projectId]/ProjectSnapshotPageClient.tsx [Client Component SSR]
    ./apps/portal/app/staff/projects/[projectId]/ProjectSnapshotPageClient.tsx [Server Component]
    ./apps/portal/app/staff/projects/[projectId]/page.tsx [Server Component] @ http://localhost:3001/_next/static/chunks/node_modules_next_dist_115brz8._.js:3272
[47959130ms] [ERROR] ./apps/portal/components/drawings/viewports/PlanViewport/canvas/layers/PlanEdgeDragPreviewLayer.tsx:27:1
Expected ',', got '<eof>'
  25 |   );
  26 | }
> 27 |
     | ^

Parsing ecmascript source code failed

Import traces:
  Client Component Browser:
    ./apps/portal/components/drawings/viewports/PlanViewport/canvas/layers/PlanEdgeDragPreviewLayer.tsx [Client Component Browser]
    ./apps/portal/components/drawings/viewports/PlanViewport/canvas/PlanCanvas.tsx [Client Component Browser]
    ./apps/portal/components/drawings/viewports/PlanViewport/PlanViewport.tsx [Client Component Browser]
    ./apps/portal/components/drawings/workbench/WorkbenchViewportHost.tsx [Client Component Browser]
    ./apps/portal/components/drawings/workbench/DrawingWorkbench.tsx [Client Component Browser]
    ./apps/portal/components/projects/ProjectPage/tabs/EstimatesTab.tsx [Client Component Browser]
    ./apps/portal/components/projects/ProjectPage/ProjectMainTabs.tsx [Client Component Browser]
    ./apps/portal/components/projects/ProjectPage/ProjectPageShell.tsx [Client Component Browser]
    ./apps/portal/components/projects/ProjectPage/ProjectPageFrame.tsx [Client Component Browser]
    ./apps/portal/app/staff/projects/[projectId]/ProjectSnapshotPageClient.tsx [Client Component Browser]
    ./apps/portal/app/staff/projects/[projectId]/ProjectSnapshotPageClient.tsx [Server Component]
    ./apps/portal/app/staff/projects/[projectId]/page.tsx [Server Component]

  Client Component SSR:
    ./apps/portal/components/drawings/viewports/PlanViewport/canvas/layers/PlanEdgeDragPreviewLayer.tsx [Client Component SSR]
    ./apps/portal/components/drawings/viewports/PlanViewport/canvas/PlanCanvas.tsx [Client Component SSR]
    ./apps/portal/components/drawings/viewports/PlanViewport/PlanViewport.tsx [Client Component SSR]
    ./apps/portal/components/drawings/workbench/WorkbenchViewportHost.tsx [Client Component SSR]
    ./apps/portal/components/drawings/workbench/DrawingWorkbench.tsx [Client Component SSR]
    ./apps/portal/components/projects/ProjectPage/tabs/EstimatesTab.tsx [Client Component SSR]
    ./apps/portal/components/projects/ProjectPage/ProjectMainTabs.tsx [Client Component SSR]
    ./apps/portal/components/projects/ProjectPage/ProjectPageShell.tsx [Client Component SSR]
    ./apps/portal/components/projects/ProjectPage/ProjectPageFrame.tsx [Client Component SSR]
    ./apps/portal/app/staff/projects/[projectId]/ProjectSnapshotPageClient.tsx [Client Component SSR]
    ./apps/portal/app/staff/projects/[projectId]/ProjectSnapshotPageClient.tsx [Server Component]
    ./apps/portal/app/staff/projects/[projectId]/page.tsx [Server Component] @ http://localhost:3001/_next/static/chunks/node_modules_next_dist_115brz8._.js:3272
[47959131ms] [ERROR] ./apps/portal/components/drawings/viewports/PlanViewport/canvas/layers/PlanEdgeDragPreviewLayer.tsx:27:1
Expected ',', got '<eof>'
  25 |   );
  26 | }
> 27 |
     | ^

Parsing ecmascript source code failed

Import traces:
  Client Component Browser:
    ./apps/portal/components/drawings/viewports/PlanViewport/canvas/layers/PlanEdgeDragPreviewLayer.tsx [Client Component Browser]
    ./apps/portal/components/drawings/viewports/PlanViewport/canvas/PlanCanvas.tsx [Client Component Browser]
    ./apps/portal/components/drawings/viewports/PlanViewport/PlanViewport.tsx [Client Component Browser]
    ./apps/portal/components/drawings/workbench/WorkbenchViewportHost.tsx [Client Component Browser]
    ./apps/portal/components/drawings/workbench/DrawingWorkbench.tsx [Client Component Browser]
    ./apps/portal/components/projects/ProjectPage/tabs/EstimatesTab.tsx [Client Component Browser]
    ./apps/portal/components/projects/ProjectPage/ProjectMainTabs.tsx [Client Component Browser]
    ./apps/portal/components/projects/ProjectPage/ProjectPageShell.tsx [Client Component Browser]
    ./apps/portal/components/projects/ProjectPage/ProjectPageFrame.tsx [Client Component Browser]
    ./apps/portal/app/staff/projects/[projectId]/ProjectSnapshotPageClient.tsx [Client Component Browser]
    ./apps/portal/app/staff/projects/[projectId]/ProjectSnapshotPageClient.tsx [Server Component]
    ./apps/portal/app/staff/projects/[projectId]/page.tsx [Server Component]

  Client Component SSR:
    ./apps/portal/components/drawings/viewports/PlanViewport/canvas/layers/PlanEdgeDragPreviewLayer.tsx [Client Component SSR]
    ./apps/portal/components/drawings/viewports/PlanViewport/canvas/PlanCanvas.tsx [Client Component SSR]
    ./apps/portal/components/drawings/viewports/PlanViewport/PlanViewport.tsx [Client Component SSR]
    ./apps/portal/components/drawings/workbench/WorkbenchViewportHost.tsx [Client Component SSR]
    ./apps/portal/components/drawings/workbench/DrawingWorkbench.tsx [Client Component SSR]
    ./apps/portal/components/projects/ProjectPage/tabs/EstimatesTab.tsx [Client Component SSR]
    ./apps/portal/components/projects/ProjectPage/ProjectMainTabs.tsx [Client Component SSR]
    ./apps/portal/components/projects/ProjectPage/ProjectPageShell.tsx [Client Component SSR]
    ./apps/portal/components/projects/ProjectPage/ProjectPageFrame.tsx [Client Component SSR]
    ./apps/portal/app/staff/projects/[projectId]/ProjectSnapshotPageClient.tsx [Client Component SSR]
    ./apps/portal/app/staff/projects/[projectId]/ProjectSnapshotPageClient.tsx [Server Component]
    ./apps/portal/app/staff/projects/[projectId]/page.tsx [Server Component] @ http://localhost:3001/_next/static/chunks/node_modules_next_dist_115brz8._.js:3272
[47959131ms] [ERROR] ./apps/portal/components/drawings/viewports/PlanViewport/canvas/layers/PlanEdgeDragPreviewLayer.tsx:27:1
Expected ',', got '<eof>'
  25 |   );
  26 | }
> 27 |
     | ^

Parsing ecmascript source code failed

Import traces:
  Client Component Browser:
    ./apps/portal/components/drawings/viewports/PlanViewport/canvas/layers/PlanEdgeDragPreviewLayer.tsx [Client Component Browser]
    ./apps/portal/components/drawings/viewports/PlanViewport/canvas/PlanCanvas.tsx [Client Component Browser]
    ./apps/portal/components/drawings/viewports/PlanViewport/PlanViewport.tsx [Client Component Browser]
    ./apps/portal/components/drawings/workbench/WorkbenchViewportHost.tsx [Client Component Browser]
    ./apps/portal/components/drawings/workbench/DrawingWorkbench.tsx [Client Component Browser]
    ./apps/portal/components/projects/ProjectPage/tabs/EstimatesTab.tsx [Client Component Browser]
    ./apps/portal/components/projects/ProjectPage/ProjectMainTabs.tsx [Client Component Browser]
    ./apps/portal/components/projects/ProjectPage/ProjectPageShell.tsx [Client Component Browser]
    ./apps/portal/components/projects/ProjectPage/ProjectPageFrame.tsx [Client Component Browser]
    ./apps/portal/app/staff/projects/[projectId]/ProjectSnapshotPageClient.tsx [Client Component Browser]
    ./apps/portal/app/staff/projects/[projectId]/ProjectSnapshotPageClient.tsx [Server Component]
    ./apps/portal/app/staff/projects/[projectId]/page.tsx [Server Component]

  Client Component SSR:
    ./apps/portal/components/drawings/viewports/PlanViewport/canvas/layers/PlanEdgeDragPreviewLayer.tsx [Client Component SSR]
    ./apps/portal/components/drawings/viewports/PlanViewport/canvas/PlanCanvas.tsx [Client Component SSR]
    ./apps/portal/components/drawings/viewports/PlanViewport/PlanViewport.tsx [Client Component SSR]
    ./apps/portal/components/drawings/workbench/WorkbenchViewportHost.tsx [Client Component SSR]
    ./apps/portal/components/drawings/workbench/DrawingWorkbench.tsx [Client Component SSR]
    ./apps/portal/components/projects/ProjectPage/tabs/EstimatesTab.tsx [Client Component SSR]
    ./apps/portal/components/projects/ProjectPage/ProjectMainTabs.tsx [Client Component SSR]
    ./apps/portal/components/projects/ProjectPage/ProjectPageShell.tsx [Client Component SSR]
    ./apps/portal/components/projects/ProjectPage/ProjectPageFrame.tsx [Client Component SSR]
    ./apps/portal/app/staff/projects/[projectId]/ProjectSnapshotPageClient.tsx [Client Component SSR]
    ./apps/portal/app/staff/projects/[projectId]/ProjectSnapshotPageClient.tsx [Server Component]
    ./apps/portal/app/staff/projects/[projectId]/page.tsx [Server Component] @ http://localhost:3001/_next/static/chunks/node_modules_next_dist_115brz8._.js:3272
[47959131ms] [LOG] [Fast Refresh] rebuilding @ http://localhost:3001/_next/static/chunks/node_modules_next_dist_115brz8._.js:2431
[47959140ms] [LOG] [Fast Refresh] done in 8ms @ http://localhost:3001/_next/static/chunks/node_modules_next_dist_115brz8._.js:2431
[47963525ms] [LOG] [Fast Refresh] rebuilding @ http://localhost:3001/_next/static/chunks/node_modules_next_dist_115brz8._.js:2431
[47963526ms] [LOG] [Fast Refresh] done in 4385ms @ http://localhost:3001/_next/static/chunks/node_modules_next_dist_115brz8._.js:2431
[47963528ms] [LOG] [Fast Refresh] rebuilding @ http://localhost:3001/_next/static/chunks/node_modules_next_dist_115brz8._.js:2431
[47963533ms] [LOG] [Fast Refresh] done in 5ms @ http://localhost:3001/_next/static/chunks/node_modules_next_dist_115brz8._.js:2431
[47963540ms] [ERROR] ./apps/portal/components/drawings/viewports/PlanViewport/canvas/layers/PlanEdgeHoverHighlightLayer.tsx:38:1
Expected ',', got '<eof>'
  36 |   );
  37 | }
> 38 |
     | ^

Parsing ecmascript source code failed

Import traces:
  Client Component Browser:
    ./apps/portal/components/drawings/viewports/PlanViewport/canvas/layers/PlanEdgeHoverHighlightLayer.tsx [Client Component Browser]
    ./apps/portal/components/drawings/viewports/PlanViewport/canvas/PlanCanvas.tsx [Client Component Browser]
    ./apps/portal/components/drawings/viewports/PlanViewport/PlanViewport.tsx [Client Component Browser]
    ./apps/portal/components/drawings/workbench/WorkbenchViewportHost.tsx [Client Component Browser]
    ./apps/portal/components/drawings/workbench/DrawingWorkbench.tsx [Client Component Browser]
    ./apps/portal/components/projects/ProjectPage/tabs/EstimatesTab.tsx [Client Component Browser]
    ./apps/portal/components/projects/ProjectPage/ProjectMainTabs.tsx [Client Component Browser]
    ./apps/portal/components/projects/ProjectPage/ProjectPageShell.tsx [Client Component Browser]
    ./apps/portal/components/projects/ProjectPage/ProjectPageFrame.tsx [Client Component Browser]
    ./apps/portal/app/staff/projects/[projectId]/ProjectSnapshotPageClient.tsx [Client Component Browser]
    ./apps/portal/app/staff/projects/[projectId]/ProjectSnapshotPageClient.tsx [Server Component]
    ./apps/portal/app/staff/projects/[projectId]/page.tsx [Server Component]

  Client Component SSR:
    ./apps/portal/components/drawings/viewports/PlanViewport/canvas/layers/PlanEdgeHoverHighlightLayer.tsx [Client Component SSR]
    ./apps/portal/components/drawings/viewports/PlanViewport/canvas/PlanCanvas.tsx [Client Component SSR]
    ./apps/portal/components/drawings/viewports/PlanViewport/PlanViewport.tsx [Client Component SSR]
    ./apps/portal/components/drawings/workbench/WorkbenchViewportHost.tsx [Client Component SSR]
    ./apps/portal/components/drawings/workbench/DrawingWorkbench.tsx [Client Component SSR]
    ./apps/portal/components/projects/ProjectPage/tabs/EstimatesTab.tsx [Client Component SSR]
    ./apps/portal/components/projects/ProjectPage/ProjectMainTabs.tsx [Client Component SSR]
    ./apps/portal/components/projects/ProjectPage/ProjectPageShell.tsx [Client Component SSR]
    ./apps/portal/components/projects/ProjectPage/ProjectPageFrame.tsx [Client Component SSR]
    ./apps/portal/app/staff/projects/[projectId]/ProjectSnapshotPageClient.tsx [Client Component SSR]
    ./apps/portal/app/staff/projects/[projectId]/ProjectSnapshotPageClient.tsx [Server Component]
    ./apps/portal/app/staff/projects/[projectId]/page.tsx [Server Component] @ http://localhost:3001/_next/static/chunks/node_modules_next_dist_115brz8._.js:3272
[47963541ms] [ERROR] ./apps/portal/components/drawings/viewports/PlanViewport/canvas/layers/PlanEdgeHoverHighlightLayer.tsx:38:1
Expected ',', got '<eof>'
  36 |   );
  37 | }
> 38 |
     | ^

Parsing ecmascript source code failed

Import traces:
  Client Component Browser:
    ./apps/portal/components/drawings/viewports/PlanViewport/canvas/layers/PlanEdgeHoverHighlightLayer.tsx [Client Component Browser]
    ./apps/portal/components/drawings/viewports/PlanViewport/canvas/PlanCanvas.tsx [Client Component Browser]
    ./apps/portal/components/drawings/viewports/PlanViewport/PlanViewport.tsx [Client Component Browser]
    ./apps/portal/components/drawings/workbench/WorkbenchViewportHost.tsx [Client Component Browser]
    ./apps/portal/components/drawings/workbench/DrawingWorkbench.tsx [Client Component Browser]
    ./apps/portal/components/projects/ProjectPage/tabs/EstimatesTab.tsx [Client Component Browser]
    ./apps/portal/components/projects/ProjectPage/ProjectMainTabs.tsx [Client Component Browser]
    ./apps/portal/components/projects/ProjectPage/ProjectPageShell.tsx [Client Component Browser]
    ./apps/portal/components/projects/ProjectPage/ProjectPageFrame.tsx [Client Component Browser]
    ./apps/portal/app/staff/projects/[projectId]/ProjectSnapshotPageClient.tsx [Client Component Browser]
    ./apps/portal/app/staff/projects/[projectId]/ProjectSnapshotPageClient.tsx [Server Component]
    ./apps/portal/app/staff/projects/[projectId]/page.tsx [Server Component]

  Client Component SSR:
    ./apps/portal/components/drawings/viewports/PlanViewport/canvas/layers/PlanEdgeHoverHighlightLayer.tsx [Client Component SSR]
    ./apps/portal/components/drawings/viewports/PlanViewport/canvas/PlanCanvas.tsx [Client Component SSR]
    ./apps/portal/components/drawings/viewports/PlanViewport/PlanViewport.tsx [Client Component SSR]
    ./apps/portal/components/drawings/workbench/WorkbenchViewportHost.tsx [Client Component SSR]
    ./apps/portal/components/drawings/workbench/DrawingWorkbench.tsx [Client Component SSR]
    ./apps/portal/components/projects/ProjectPage/tabs/EstimatesTab.tsx [Client Component SSR]
    ./apps/portal/components/projects/ProjectPage/ProjectMainTabs.tsx [Client Component SSR]
    ./apps/portal/components/projects/ProjectPage/ProjectPageShell.tsx [Client Component SSR]
    ./apps/portal/components/projects/ProjectPage/ProjectPageFrame.tsx [Client Component SSR]
    ./apps/portal/app/staff/projects/[projectId]/ProjectSnapshotPageClient.tsx [Client Component SSR]
    ./apps/portal/app/staff/projects/[projectId]/ProjectSnapshotPageClient.tsx [Server Component]
    ./apps/portal/app/staff/projects/[projectId]/page.tsx [Server Component] @ http://localhost:3001/_next/static/chunks/node_modules_next_dist_115brz8._.js:3272
[47963541ms] [ERROR] ./apps/portal/components/drawings/viewports/PlanViewport/canvas/layers/PlanEdgeHoverHighlightLayer.tsx:38:1
Expected ',', got '<eof>'
  36 |   );
  37 | }
> 38 |
     | ^

Parsing ecmascript source code failed

Import traces:
  Client Component Browser:
    ./apps/portal/components/drawings/viewports/PlanViewport/canvas/layers/PlanEdgeHoverHighlightLayer.tsx [Client Component Browser]
    ./apps/portal/components/drawings/viewports/PlanViewport/canvas/PlanCanvas.tsx [Client Component Browser]
    ./apps/portal/components/drawings/viewports/PlanViewport/PlanViewport.tsx [Client Component Browser]
    ./apps/portal/components/drawings/workbench/WorkbenchViewportHost.tsx [Client Component Browser]
    ./apps/portal/components/drawings/workbench/DrawingWorkbench.tsx [Client Component Browser]
    ./apps/portal/components/projects/ProjectPage/tabs/EstimatesTab.tsx [Client Component Browser]
    ./apps/portal/components/projects/ProjectPage/ProjectMainTabs.tsx [Client Component Browser]
    ./apps/portal/components/projects/ProjectPage/ProjectPageShell.tsx [Client Component Browser]
    ./apps/portal/components/projects/ProjectPage/ProjectPageFrame.tsx [Client Component Browser]
    ./apps/portal/app/staff/projects/[projectId]/ProjectSnapshotPageClient.tsx [Client Component Browser]
    ./apps/portal/app/staff/projects/[projectId]/ProjectSnapshotPageClient.tsx [Server Component]
    ./apps/portal/app/staff/projects/[projectId]/page.tsx [Server Component]

  Client Component SSR:
    ./apps/portal/components/drawings/viewports/PlanViewport/canvas/layers/PlanEdgeHoverHighlightLayer.tsx [Client Component SSR]
    ./apps/portal/components/drawings/viewports/PlanViewport/canvas/PlanCanvas.tsx [Client Component SSR]
    ./apps/portal/components/drawings/viewports/PlanViewport/PlanViewport.tsx [Client Component SSR]
    ./apps/portal/components/drawings/workbench/WorkbenchViewportHost.tsx [Client Component SSR]
    ./apps/portal/components/drawings/workbench/DrawingWorkbench.tsx [Client Component SSR]
    ./apps/portal/components/projects/ProjectPage/tabs/EstimatesTab.tsx [Client Component SSR]
    ./apps/portal/components/projects/ProjectPage/ProjectMainTabs.tsx [Client Component SSR]
    ./apps/portal/components/projects/ProjectPage/ProjectPageShell.tsx [Client Component SSR]
    ./apps/portal/components/projects/ProjectPage/ProjectPageFrame.tsx [Client Component SSR]
    ./apps/portal/app/staff/projects/[projectId]/ProjectSnapshotPageClient.tsx [Client Component SSR]
    ./apps/portal/app/staff/projects/[projectId]/ProjectSnapshotPageClient.tsx [Server Component]
    ./apps/portal/app/staff/projects/[projectId]/page.tsx [Server Component] @ http://localhost:3001/_next/static/chunks/node_modules_next_dist_115brz8._.js:3272
[47967984ms] [LOG] [Fast Refresh] rebuilding @ http://localhost:3001/_next/static/chunks/node_modules_next_dist_115brz8._.js:2431
[47967993ms] [LOG] [Fast Refresh] done in 24ms @ http://localhost:3001/_next/static/chunks/node_modules_next_dist_115brz8._.js:2431
[47972485ms] [WARNING] The resource http://localhost:3001/_next/static/chunks/apps_portal_components_page-state_PageState_module_0sc2l4s.css was preloaded using link preload but not used within a few seconds from the window's load event. Please make sure it has an appropriate `as` value and it is preloaded intentionally. @ http://localhost:3001/staff/projects/proj_cf4afb59-b72c-4b11-b39f-9e04f4684163/design-workbench:0
[47972526ms] [LOG] [Fast Refresh] rebuilding @ http://localhost:3001/_next/static/chunks/node_modules_next_dist_115brz8._.js:2431
[47985692ms] [LOG] [Fast Refresh] done in 13165ms @ http://localhost:3001/_next/static/chunks/node_modules_next_dist_115brz8._.js:2431
[47985709ms] [ERROR] Failed to load resource: the server responded with a status of 500 (Internal Server Error) @ http://localhost:3001/staff/projects/proj_cf4afb59-b72c-4b11-b39f-9e04f4684163/design-workbench?_rsc=1uq1y:0
[47985710ms] [ERROR] Failed to load resource: the server responded with a status of 500 (Internal Server Error) @ http://localhost:3001/staff/projects/proj_cf4afb59-b72c-4b11-b39f-9e04f4684163/design-workbench?_rsc=1uq1y:0
[47985734ms] [WARNING] THREE.THREE.Clock: This module has been deprecated. Please use THREE.Timer instead. @ http://localhost:3001/_next/static/chunks/node_modules_next_dist_115brz8._.js:2431
[47985792ms] [LOG] [Fast Refresh] rebuilding @ http://localhost:3001/_next/static/chunks/node_modules_next_dist_115brz8._.js:2431
[47986637ms] [ERROR] ./apps/portal/components/drawings/viewports/PlanViewport/canvas/layers/PlanHitTargetLayer.tsx:58:1
Expected ',', got '<eof>'
  56 |   );
  57 | }
> 58 |
     | ^

Parsing ecmascript source code failed

Import traces:
  Client Component Browser:
    ./apps/portal/components/drawings/viewports/PlanViewport/canvas/layers/PlanHitTargetLayer.tsx [Client Component Browser]
    ./apps/portal/components/drawings/viewports/PlanViewport/canvas/PlanCanvas.tsx [Client Component Browser]
    ./apps/portal/components/drawings/viewports/PlanViewport/PlanViewport.tsx [Client Component Browser]
    ./apps/portal/components/drawings/workbench/WorkbenchViewportHost.tsx [Client Component Browser]
    ./apps/portal/components/drawings/workbench/DrawingWorkbench.tsx [Client Component Browser]
    ./apps/portal/components/projects/ProjectPage/tabs/EstimatesTab.tsx [Client Component Browser]
    ./apps/portal/components/projects/ProjectPage/ProjectMainTabs.tsx [Client Component Browser]
    ./apps/portal/components/projects/ProjectPage/ProjectPageShell.tsx [Client Component Browser]
    ./apps/portal/components/projects/ProjectPage/ProjectPageFrame.tsx [Client Component Browser]
    ./apps/portal/app/staff/projects/[projectId]/ProjectSnapshotPageClient.tsx [Client Component Browser]
    ./apps/portal/app/staff/projects/[projectId]/ProjectSnapshotPageClient.tsx [Server Component]
    ./apps/portal/app/staff/projects/[projectId]/page.tsx [Server Component]

  Client Component SSR:
    ./apps/portal/components/drawings/viewports/PlanViewport/canvas/layers/PlanHitTargetLayer.tsx [Client Component SSR]
    ./apps/portal/components/drawings/viewports/PlanViewport/canvas/PlanCanvas.tsx [Client Component SSR]
    ./apps/portal/components/drawings/viewports/PlanViewport/PlanViewport.tsx [Client Component SSR]
    ./apps/portal/components/drawings/workbench/WorkbenchViewportHost.tsx [Client Component SSR]
    ./apps/portal/components/drawings/workbench/DrawingWorkbench.tsx [Client Component SSR]
    ./apps/portal/components/projects/ProjectPage/tabs/EstimatesTab.tsx [Client Component SSR]
    ./apps/portal/components/projects/ProjectPage/ProjectMainTabs.tsx [Client Component SSR]
    ./apps/portal/components/projects/ProjectPage/ProjectPageShell.tsx [Client Component SSR]
    ./apps/portal/components/projects/ProjectPage/ProjectPageFrame.tsx [Client Component SSR]
    ./apps/portal/app/staff/projects/[projectId]/ProjectSnapshotPageClient.tsx [Client Component SSR]
    ./apps/portal/app/staff/projects/[projectId]/ProjectSnapshotPageClient.tsx [Server Component]
    ./apps/portal/app/staff/projects/[projectId]/page.tsx [Server Component] @ http://localhost:3001/_next/static/chunks/node_modules_next_dist_115brz8._.js:3272
[47986646ms] [ERROR] ./apps/portal/components/drawings/viewports/PlanViewport/canvas/layers/PlanHitTargetLayer.tsx:58:1
Expected ',', got '<eof>'
  56 |   );
  57 | }
> 58 |
     | ^

Parsing ecmascript source code failed

Import traces:
  Client Component Browser:
    ./apps/portal/components/drawings/viewports/PlanViewport/canvas/layers/PlanHitTargetLayer.tsx [Client Component Browser]
    ./apps/portal/components/drawings/viewports/PlanViewport/canvas/PlanCanvas.tsx [Client Component Browser]
    ./apps/portal/components/drawings/viewports/PlanViewport/PlanViewport.tsx [Client Component Browser]
    ./apps/portal/components/drawings/workbench/WorkbenchViewportHost.tsx [Client Component Browser]
    ./apps/portal/components/drawings/workbench/DrawingWorkbench.tsx [Client Component Browser]
    ./apps/portal/components/projects/ProjectPage/tabs/EstimatesTab.tsx [Client Component Browser]
    ./apps/portal/components/projects/ProjectPage/ProjectMainTabs.tsx [Client Component Browser]
    ./apps/portal/components/projects/ProjectPage/ProjectPageShell.tsx [Client Component Browser]
    ./apps/portal/components/projects/ProjectPage/ProjectPageFrame.tsx [Client Component Browser]
    ./apps/portal/app/staff/projects/[projectId]/ProjectSnapshotPageClient.tsx [Client Component Browser]
    ./apps/portal/app/staff/projects/[projectId]/ProjectSnapshotPageClient.tsx [Server Component]
    ./apps/portal/app/staff/projects/[projectId]/page.tsx [Server Component]

  Client Component SSR:
    ./apps/portal/components/drawings/viewports/PlanViewport/canvas/layers/PlanHitTargetLayer.tsx [Client Component SSR]
    ./apps/portal/components/drawings/viewports/PlanViewport/canvas/PlanCanvas.tsx [Client Component SSR]
    ./apps/portal/components/drawings/viewports/PlanViewport/PlanViewport.tsx [Client Component SSR]
    ./apps/portal/components/drawings/workbench/WorkbenchViewportHost.tsx [Client Component SSR]
    ./apps/portal/components/drawings/workbench/DrawingWorkbench.tsx [Client Component SSR]
    ./apps/portal/components/projects/ProjectPage/tabs/EstimatesTab.tsx [Client Component SSR]
    ./apps/portal/components/projects/ProjectPage/ProjectMainTabs.tsx [Client Component SSR]
    ./apps/portal/components/projects/ProjectPage/ProjectPageShell.tsx [Client Component SSR]
    ./apps/portal/components/projects/ProjectPage/ProjectPageFrame.tsx [Client Component SSR]
    ./apps/portal/app/staff/projects/[projectId]/ProjectSnapshotPageClient.tsx [Client Component SSR]
    ./apps/portal/app/staff/projects/[projectId]/ProjectSnapshotPageClient.tsx [Server Component]
    ./apps/portal/app/staff/projects/[projectId]/page.tsx [Server Component] @ http://localhost:3001/_next/static/chunks/node_modules_next_dist_115brz8._.js:3272
[47986647ms] [ERROR] ./apps/portal/components/drawings/viewports/PlanViewport/canvas/layers/PlanHitTargetLayer.tsx:58:1
Expected ',', got '<eof>'
  56 |   );
  57 | }
> 58 |
     | ^

Parsing ecmascript source code failed

Import traces:
  Client Component Browser:
    ./apps/portal/components/drawings/viewports/PlanViewport/canvas/layers/PlanHitTargetLayer.tsx [Client Component Browser]
    ./apps/portal/components/drawings/viewports/PlanViewport/canvas/PlanCanvas.tsx [Client Component Browser]
    ./apps/portal/components/drawings/viewports/PlanViewport/PlanViewport.tsx [Client Component Browser]
    ./apps/portal/components/drawings/workbench/WorkbenchViewportHost.tsx [Client Component Browser]
    ./apps/portal/components/drawings/workbench/DrawingWorkbench.tsx [Client Component Browser]
    ./apps/portal/components/projects/ProjectPage/tabs/EstimatesTab.tsx [Client Component Browser]
    ./apps/portal/components/projects/ProjectPage/ProjectMainTabs.tsx [Client Component Browser]
    ./apps/portal/components/projects/ProjectPage/ProjectPageShell.tsx [Client Component Browser]
    ./apps/portal/components/projects/ProjectPage/ProjectPageFrame.tsx [Client Component Browser]
    ./apps/portal/app/staff/projects/[projectId]/ProjectSnapshotPageClient.tsx [Client Component Browser]
    ./apps/portal/app/staff/projects/[projectId]/ProjectSnapshotPageClient.tsx [Server Component]
    ./apps/portal/app/staff/projects/[projectId]/page.tsx [Server Component]

  Client Component SSR:
    ./apps/portal/components/drawings/viewports/PlanViewport/canvas/layers/PlanHitTargetLayer.tsx [Client Component SSR]
    ./apps/portal/components/drawings/viewports/PlanViewport/canvas/PlanCanvas.tsx [Client Component SSR]
    ./apps/portal/components/drawings/viewports/PlanViewport/PlanViewport.tsx [Client Component SSR]
    ./apps/portal/components/drawings/workbench/WorkbenchViewportHost.tsx [Client Component SSR]
    ./apps/portal/components/drawings/workbench/DrawingWorkbench.tsx [Client Component SSR]
    ./apps/portal/components/projects/ProjectPage/tabs/EstimatesTab.tsx [Client Component SSR]
    ./apps/portal/components/projects/ProjectPage/ProjectMainTabs.tsx [Client Component SSR]
    ./apps/portal/components/projects/ProjectPage/ProjectPageShell.tsx [Client Component SSR]
    ./apps/portal/components/projects/ProjectPage/ProjectPageFrame.tsx [Client Component SSR]
    ./apps/portal/app/staff/projects/[projectId]/ProjectSnapshotPageClient.tsx [Client Component SSR]
    ./apps/portal/app/staff/projects/[projectId]/ProjectSnapshotPageClient.tsx [Server Component]
    ./apps/portal/app/staff/projects/[projectId]/page.tsx [Server Component] @ http://localhost:3001/_next/static/chunks/node_modules_next_dist_115brz8._.js:3272
[47986666ms] [LOG] [Fast Refresh] rebuilding @ http://localhost:3001/_next/static/chunks/node_modules_next_dist_115brz8._.js:2431
[47986674ms] [LOG] [Fast Refresh] done in 26ms @ http://localhost:3001/_next/static/chunks/node_modules_next_dist_115brz8._.js:2431
[47986702ms] [LOG] [Fast Refresh] rebuilding @ http://localhost:3001/_next/static/chunks/node_modules_next_dist_115brz8._.js:2431
[47986708ms] [LOG] [Fast Refresh] done in 7ms @ http://localhost:3001/_next/static/chunks/node_modules_next_dist_115brz8._.js:2431
[47986711ms] [LOG] [Fast Refresh] rebuilding @ http://localhost:3001/_next/static/chunks/node_modules_next_dist_115brz8._.js:2431
[47986715ms] [ERROR] ./apps/portal/components/drawings/viewports/PlanViewport/canvas/layers/PlanHitTestDebugLayer.tsx:112:1
Expected ',', got '<eof>'
  110 |   );
  111 | }
> 112 |
      | ^

Parsing ecmascript source code failed

Import traces:
  Client Component Browser:
    ./apps/portal/components/drawings/viewports/PlanViewport/canvas/layers/PlanHitTestDebugLayer.tsx [Client Component Browser]
    ./apps/portal/components/drawings/viewports/PlanViewport/canvas/PlanCanvas.tsx [Client Component Browser]
    ./apps/portal/components/drawings/viewports/PlanViewport/PlanViewport.tsx [Client Component Browser]
    ./apps/portal/components/drawings/workbench/WorkbenchViewportHost.tsx [Client Component Browser]
    ./apps/portal/components/drawings/workbench/DrawingWorkbench.tsx [Client Component Browser]
    ./apps/portal/components/projects/ProjectPage/tabs/EstimatesTab.tsx [Client Component Browser]
    ./apps/portal/components/projects/ProjectPage/ProjectMainTabs.tsx [Client Component Browser]
    ./apps/portal/components/projects/ProjectPage/ProjectPageShell.tsx [Client Component Browser]
    ./apps/portal/components/projects/ProjectPage/ProjectPageFrame.tsx [Client Component Browser]
    ./apps/portal/app/staff/projects/[projectId]/ProjectSnapshotPageClient.tsx [Client Component Browser]
    ./apps/portal/app/staff/projects/[projectId]/ProjectSnapshotPageClient.tsx [Server Component]
    ./apps/portal/app/staff/projects/[projectId]/page.tsx [Server Component]

  Client Component SSR:
    ./apps/portal/components/drawings/viewports/PlanViewport/canvas/layers/PlanHitTestDebugLayer.tsx [Client Component SSR]
    ./apps/portal/components/drawings/viewports/PlanViewport/canvas/PlanCanvas.tsx [Client Component SSR]
    ./apps/portal/components/drawings/viewports/PlanViewport/PlanViewport.tsx [Client Component SSR]
    ./apps/portal/components/drawings/workbench/WorkbenchViewportHost.tsx [Client Component SSR]
    ./apps/portal/components/drawings/workbench/DrawingWorkbench.tsx [Client Component SSR]
    ./apps/portal/components/projects/ProjectPage/tabs/EstimatesTab.tsx [Client Component SSR]
    ./apps/portal/components/projects/ProjectPage/ProjectMainTabs.tsx [Client Component SSR]
    ./apps/portal/components/projects/ProjectPage/ProjectPageShell.tsx [Client Component SSR]
    ./apps/portal/components/projects/ProjectPage/ProjectPageFrame.tsx [Client Component SSR]
    ./apps/portal/app/staff/projects/[projectId]/ProjectSnapshotPageClient.tsx [Client Component SSR]
    ./apps/portal/app/staff/projects/[projectId]/ProjectSnapshotPageClient.tsx [Server Component]
    ./apps/portal/app/staff/projects/[projectId]/page.tsx [Server Component] @ http://localhost:3001/_next/static/chunks/node_modules_next_dist_115brz8._.js:3272
[47986715ms] [ERROR] ./apps/portal/components/drawings/viewports/PlanViewport/canvas/layers/PlanHitTestDebugLayer.tsx:112:1
Expected ',', got '<eof>'
  110 |   );
  111 | }
> 112 |
      | ^

Parsing ecmascript source code failed

Import traces:
  Client Component Browser:
    ./apps/portal/components/drawings/viewports/PlanViewport/canvas/layers/PlanHitTestDebugLayer.tsx [Client Component Browser]
    ./apps/portal/components/drawings/viewports/PlanViewport/canvas/PlanCanvas.tsx [Client Component Browser]
    ./apps/portal/components/drawings/viewports/PlanViewport/PlanViewport.tsx [Client Component Browser]
    ./apps/portal/components/drawings/workbench/WorkbenchViewportHost.tsx [Client Component Browser]
    ./apps/portal/components/drawings/workbench/DrawingWorkbench.tsx [Client Component Browser]
    ./apps/portal/components/projects/ProjectPage/tabs/EstimatesTab.tsx [Client Component Browser]
    ./apps/portal/components/projects/ProjectPage/ProjectMainTabs.tsx [Client Component Browser]
    ./apps/portal/components/projects/ProjectPage/ProjectPageShell.tsx [Client Component Browser]
    ./apps/portal/components/projects/ProjectPage/ProjectPageFrame.tsx [Client Component Browser]
    ./apps/portal/app/staff/projects/[projectId]/ProjectSnapshotPageClient.tsx [Client Component Browser]
    ./apps/portal/app/staff/projects/[projectId]/ProjectSnapshotPageClient.tsx [Server Component]
    ./apps/portal/app/staff/projects/[projectId]/page.tsx [Server Component]

  Client Component SSR:
    ./apps/portal/components/drawings/viewports/PlanViewport/canvas/layers/PlanHitTestDebugLayer.tsx [Client Component SSR]
    ./apps/portal/components/drawings/viewports/PlanViewport/canvas/PlanCanvas.tsx [Client Component SSR]
    ./apps/portal/components/drawings/viewports/PlanViewport/PlanViewport.tsx [Client Component SSR]
    ./apps/portal/components/drawings/workbench/WorkbenchViewportHost.tsx [Client Component SSR]
    ./apps/portal/components/drawings/workbench/DrawingWorkbench.tsx [Client Component SSR]
    ./apps/portal/components/projects/ProjectPage/tabs/EstimatesTab.tsx [Client Component SSR]
    ./apps/portal/components/projects/ProjectPage/ProjectMainTabs.tsx [Client Component SSR]
    ./apps/portal/components/projects/ProjectPage/ProjectPageShell.tsx [Client Component SSR]
    ./apps/portal/components/projects/ProjectPage/ProjectPageFrame.tsx [Client Component SSR]
    ./apps/portal/app/staff/projects/[projectId]/ProjectSnapshotPageClient.tsx [Client Component SSR]
    ./apps/portal/app/staff/projects/[projectId]/ProjectSnapshotPageClient.tsx [Server Component]
    ./apps/portal/app/staff/projects/[projectId]/page.tsx [Server Component] @ http://localhost:3001/_next/static/chunks/node_modules_next_dist_115brz8._.js:3272
[47986716ms] [ERROR] ./apps/portal/components/drawings/viewports/PlanViewport/canvas/layers/PlanHitTestDebugLayer.tsx:112:1
Expected ',', got '<eof>'
  110 |   );
  111 | }
> 112 |
      | ^

Parsing ecmascript source code failed

Import traces:
  Client Component Browser:
    ./apps/portal/components/drawings/viewports/PlanViewport/canvas/layers/PlanHitTestDebugLayer.tsx [Client Component Browser]
    ./apps/portal/components/drawings/viewports/PlanViewport/canvas/PlanCanvas.tsx [Client Component Browser]
    ./apps/portal/components/drawings/viewports/PlanViewport/PlanViewport.tsx [Client Component Browser]
    ./apps/portal/components/drawings/workbench/WorkbenchViewportHost.tsx [Client Component Browser]
    ./apps/portal/components/drawings/workbench/DrawingWorkbench.tsx [Client Component Browser]
    ./apps/portal/components/projects/ProjectPage/tabs/EstimatesTab.tsx [Client Component Browser]
    ./apps/portal/components/projects/ProjectPage/ProjectMainTabs.tsx [Client Component Browser]
    ./apps/portal/components/projects/ProjectPage/ProjectPageShell.tsx [Client Component Browser]
    ./apps/portal/components/projects/ProjectPage/ProjectPageFrame.tsx [Client Component Browser]
    ./apps/portal/app/staff/projects/[projectId]/ProjectSnapshotPageClient.tsx [Client Component Browser]
    ./apps/portal/app/staff/projects/[projectId]/ProjectSnapshotPageClient.tsx [Server Component]
    ./apps/portal/app/staff/projects/[projectId]/page.tsx [Server Component]

  Client Component SSR:
    ./apps/portal/components/drawings/viewports/PlanViewport/canvas/layers/PlanHitTestDebugLayer.tsx [Client Component SSR]
    ./apps/portal/components/drawings/viewports/PlanViewport/canvas/PlanCanvas.tsx [Client Component SSR]
    ./apps/portal/components/drawings/viewports/PlanViewport/PlanViewport.tsx [Client Component SSR]
    ./apps/portal/components/drawings/workbench/WorkbenchViewportHost.tsx [Client Component SSR]
    ./apps/portal/components/drawings/workbench/DrawingWorkbench.tsx [Client Component SSR]
    ./apps/portal/components/projects/ProjectPage/tabs/EstimatesTab.tsx [Client Component SSR]
    ./apps/portal/components/projects/ProjectPage/ProjectMainTabs.tsx [Client Component SSR]
    ./apps/portal/components/projects/ProjectPage/ProjectPageShell.tsx [Client Component SSR]
    ./apps/portal/components/projects/ProjectPage/ProjectPageFrame.tsx [Client Component SSR]
    ./apps/portal/app/staff/projects/[projectId]/ProjectSnapshotPageClient.tsx [Client Component SSR]
    ./apps/portal/app/staff/projects/[projectId]/ProjectSnapshotPageClient.tsx [Server Component]
    ./apps/portal/app/staff/projects/[projectId]/page.tsx [Server Component] @ http://localhost:3001/_next/static/chunks/node_modules_next_dist_115brz8._.js:3272
[47986716ms] [ERROR] ./apps/portal/components/drawings/viewports/PlanViewport/canvas/layers/PlanHitTestDebugLayer.tsx:112:1
Expected ',', got '<eof>'
  110 |   );
  111 | }
> 112 |
      | ^

Parsing ecmascript source code failed

Import traces:
  Client Component Browser:
    ./apps/portal/components/drawings/viewports/PlanViewport/canvas/layers/PlanHitTestDebugLayer.tsx [Client Component Browser]
    ./apps/portal/components/drawings/viewports/PlanViewport/canvas/PlanCanvas.tsx [Client Component Browser]
    ./apps/portal/components/drawings/viewports/PlanViewport/PlanViewport.tsx [Client Component Browser]
    ./apps/portal/components/drawings/workbench/WorkbenchViewportHost.tsx [Client Component Browser]
    ./apps/portal/components/drawings/workbench/DrawingWorkbench.tsx [Client Component Browser]
    ./apps/portal/components/projects/ProjectPage/tabs/EstimatesTab.tsx [Client Component Browser]
    ./apps/portal/components/projects/ProjectPage/ProjectMainTabs.tsx [Client Component Browser]
    ./apps/portal/components/projects/ProjectPage/ProjectPageShell.tsx [Client Component Browser]
    ./apps/portal/components/projects/ProjectPage/ProjectPageFrame.tsx [Client Component Browser]
    ./apps/portal/app/staff/projects/[projectId]/ProjectSnapshotPageClient.tsx [Client Component Browser]
    ./apps/portal/app/staff/projects/[projectId]/ProjectSnapshotPageClient.tsx [Server Component]
    ./apps/portal/app/staff/projects/[projectId]/page.tsx [Server Component]

  Client Component SSR:
    ./apps/portal/components/drawings/viewports/PlanViewport/canvas/layers/PlanHitTestDebugLayer.tsx [Client Component SSR]
    ./apps/portal/components/drawings/viewports/PlanViewport/canvas/PlanCanvas.tsx [Client Component SSR]
    ./apps/portal/components/drawings/viewports/PlanViewport/PlanViewport.tsx [Client Component SSR]
    ./apps/portal/components/drawings/workbench/WorkbenchViewportHost.tsx [Client Component SSR]
    ./apps/portal/components/drawings/workbench/DrawingWorkbench.tsx [Client Component SSR]
    ./apps/portal/components/projects/ProjectPage/tabs/EstimatesTab.tsx [Client Component SSR]
    ./apps/portal/components/projects/ProjectPage/ProjectMainTabs.tsx [Client Component SSR]
    ./apps/portal/components/projects/ProjectPage/ProjectPageShell.tsx [Client Component SSR]
    ./apps/portal/components/projects/ProjectPage/ProjectPageFrame.tsx [Client Component SSR]
    ./apps/portal/app/staff/projects/[projectId]/ProjectSnapshotPageClient.tsx [Client Component SSR]
    ./apps/portal/app/staff/projects/[projectId]/ProjectSnapshotPageClient.tsx [Server Component]
    ./apps/portal/app/staff/projects/[projectId]/page.tsx [Server Component] @ http://localhost:3001/_next/static/chunks/node_modules_next_dist_115brz8._.js:3272
[47986716ms] [ERROR] ./apps/portal/components/drawings/viewports/PlanViewport/canvas/layers/PlanHitTestDebugLayer.tsx:112:1
Expected ',', got '<eof>'
  110 |   );
  111 | }
> 112 |
      | ^

Parsing ecmascript source code failed

Import traces:
  Client Component Browser:
    ./apps/portal/components/drawings/viewports/PlanViewport/canvas/layers/PlanHitTestDebugLayer.tsx [Client Component Browser]
    ./apps/portal/components/drawings/viewports/PlanViewport/canvas/PlanCanvas.tsx [Client Component Browser]
    ./apps/portal/components/drawings/viewports/PlanViewport/PlanViewport.tsx [Client Component Browser]
    ./apps/portal/components/drawings/workbench/WorkbenchViewportHost.tsx [Client Component Browser]
    ./apps/portal/components/drawings/workbench/DrawingWorkbench.tsx [Client Component Browser]
    ./apps/portal/components/projects/ProjectPage/tabs/EstimatesTab.tsx [Client Component Browser]
    ./apps/portal/components/projects/ProjectPage/ProjectMainTabs.tsx [Client Component Browser]
    ./apps/portal/components/projects/ProjectPage/ProjectPageShell.tsx [Client Component Browser]
    ./apps/portal/components/projects/ProjectPage/ProjectPageFrame.tsx [Client Component Browser]
    ./apps/portal/app/staff/projects/[projectId]/ProjectSnapshotPageClient.tsx [Client Component Browser]
    ./apps/portal/app/staff/projects/[projectId]/ProjectSnapshotPageClient.tsx [Server Component]
    ./apps/portal/app/staff/projects/[projectId]/page.tsx [Server Component]

  Client Component SSR:
    ./apps/portal/components/drawings/viewports/PlanViewport/canvas/layers/PlanHitTestDebugLayer.tsx [Client Component SSR]
    ./apps/portal/components/drawings/viewports/PlanViewport/canvas/PlanCanvas.tsx [Client Component SSR]
    ./apps/portal/components/drawings/viewports/PlanViewport/PlanViewport.tsx [Client Component SSR]
    ./apps/portal/components/drawings/workbench/WorkbenchViewportHost.tsx [Client Component SSR]
    ./apps/portal/components/drawings/workbench/DrawingWorkbench.tsx [Client Component SSR]
    ./apps/portal/components/projects/ProjectPage/tabs/EstimatesTab.tsx [Client Component SSR]
    ./apps/portal/components/projects/ProjectPage/ProjectMainTabs.tsx [Client Component SSR]
    ./apps/portal/components/projects/ProjectPage/ProjectPageShell.tsx [Client Component SSR]
    ./apps/portal/components/projects/ProjectPage/ProjectPageFrame.tsx [Client Component SSR]
    ./apps/portal/app/staff/projects/[projectId]/ProjectSnapshotPageClient.tsx [Client Component SSR]
    ./apps/portal/app/staff/projects/[projectId]/ProjectSnapshotPageClient.tsx [Server Component]
    ./apps/portal/app/staff/projects/[projectId]/page.tsx [Server Component] @ http://localhost:3001/_next/static/chunks/node_modules_next_dist_115brz8._.js:3272
[47986717ms] [LOG] [Fast Refresh] rebuilding @ http://localhost:3001/_next/static/chunks/node_modules_next_dist_115brz8._.js:2431
[47986725ms] [LOG] [Fast Refresh] done in 7ms @ http://localhost:3001/_next/static/chunks/node_modules_next_dist_115brz8._.js:2431
[47986739ms] [LOG] [Fast Refresh] rebuilding @ http://localhost:3001/_next/static/chunks/node_modules_next_dist_115brz8._.js:2431
[47986744ms] [LOG] [Fast Refresh] done in 4ms @ http://localhost:3001/_next/static/chunks/node_modules_next_dist_115brz8._.js:2431
[47987419ms] [LOG] [Fast Refresh] rebuilding @ http://localhost:3001/_next/static/chunks/node_modules_next_dist_115brz8._.js:2431
[47987736ms] [LOG] [Fast Refresh] done in 415ms @ http://localhost:3001/_next/static/chunks/node_modules_next_dist_115brz8._.js:2431
[47988623ms] [LOG] [Fast Refresh] rebuilding @ http://localhost:3001/_next/static/chunks/node_modules_next_dist_115brz8._.js:2431
[47989096ms] [LOG] [Fast Refresh] done in 577ms @ http://localhost:3001/_next/static/chunks/node_modules_next_dist_115brz8._.js:2431
[47989422ms] [LOG] [Fast Refresh] rebuilding @ http://localhost:3001/_next/static/chunks/node_modules_next_dist_115brz8._.js:2431
[47989712ms] [LOG] [Fast Refresh] done in 400ms @ http://localhost:3001/_next/static/chunks/node_modules_next_dist_115brz8._.js:2431
[47989837ms] [LOG] [Fast Refresh] rebuilding @ http://localhost:3001/_next/static/chunks/node_modules_next_dist_115brz8._.js:2431
[47989894ms] [LOG] [Fast Refresh] done in 171ms @ http://localhost:3001/_next/static/chunks/node_modules_next_dist_115brz8._.js:2431
[47990006ms] [LOG] [Fast Refresh] rebuilding @ http://localhost:3001/_next/static/chunks/node_modules_next_dist_115brz8._.js:2431
[47991547ms] [LOG] [Fast Refresh] done in 1644ms @ http://localhost:3001/_next/static/chunks/node_modules_next_dist_115brz8._.js:2431
[47991755ms] [LOG] [Fast Refresh] rebuilding @ http://localhost:3001/_next/static/chunks/node_modules_next_dist_115brz8._.js:2431
[47991830ms] [LOG] [Fast Refresh] done in 182ms @ http://localhost:3001/_next/static/chunks/node_modules_next_dist_115brz8._.js:2431
[47991947ms] [LOG] [Fast Refresh] rebuilding @ http://localhost:3001/_next/static/chunks/node_modules_next_dist_115brz8._.js:2431
[47991964ms] [LOG] [Fast Refresh] done in 125ms @ http://localhost:3001/_next/static/chunks/node_modules_next_dist_115brz8._.js:2431
[47992832ms] [LOG] [Fast Refresh] rebuilding @ http://localhost:3001/_next/static/chunks/node_modules_next_dist_115brz8._.js:2431
[47992897ms] [LOG] [Fast Refresh] done in 173ms @ http://localhost:3001/_next/static/chunks/node_modules_next_dist_115brz8._.js:2431
[47993177ms] [LOG] [Fast Refresh] rebuilding @ http://localhost:3001/_next/static/chunks/node_modules_next_dist_115brz8._.js:2431
[47993211ms] [LOG] [Fast Refresh] done in 138ms @ http://localhost:3001/_next/static/chunks/node_modules_next_dist_115brz8._.js:2431
[47993329ms] [LOG] [Fast Refresh] rebuilding @ http://localhost:3001/_next/static/chunks/node_modules_next_dist_115brz8._.js:2431
[47993716ms] [LOG] [Fast Refresh] done in 495ms @ http://localhost:3001/_next/static/chunks/node_modules_next_dist_115brz8._.js:2431
[47994247ms] [LOG] [Fast Refresh] rebuilding @ http://localhost:3001/_next/static/chunks/node_modules_next_dist_115brz8._.js:2431
[47994324ms] [LOG] [Fast Refresh] done in 182ms @ http://localhost:3001/_next/static/chunks/node_modules_next_dist_115brz8._.js:2431
[47994445ms] [LOG] [Fast Refresh] rebuilding @ http://localhost:3001/_next/static/chunks/node_modules_next_dist_115brz8._.js:2431
[47995517ms] [LOG] [Fast Refresh] done in 1181ms @ http://localhost:3001/_next/static/chunks/node_modules_next_dist_115brz8._.js:2431
[47995796ms] [LOG] [Fast Refresh] rebuilding @ http://localhost:3001/_next/static/chunks/node_modules_next_dist_115brz8._.js:2431
[47996290ms] [LOG] [Fast Refresh] done in 599ms @ http://localhost:3001/_next/static/chunks/node_modules_next_dist_115brz8._.js:2431
[47996990ms] [LOG] [Fast Refresh] rebuilding @ http://localhost:3001/_next/static/chunks/node_modules_next_dist_115brz8._.js:2431
[47997397ms] [ERROR] ./apps/portal/components/drawings/viewports/PlanViewport/canvas/layers/PlanLocalHoverLayer.tsx:32:1
Expected ',', got '<eof>'
  30 |   );
  31 | }
> 32 |
     | ^

Parsing ecmascript source code failed

Import traces:
  Client Component Browser:
    ./apps/portal/components/drawings/viewports/PlanViewport/canvas/layers/PlanLocalHoverLayer.tsx [Client Component Browser]
    ./apps/portal/components/drawings/viewports/PlanViewport/canvas/PlanCanvas.tsx [Client Component Browser]
    ./apps/portal/components/drawings/viewports/PlanViewport/PlanViewport.tsx [Client Component Browser]
    ./apps/portal/components/drawings/workbench/WorkbenchViewportHost.tsx [Client Component Browser]
    ./apps/portal/components/drawings/workbench/DrawingWorkbench.tsx [Client Component Browser]
    ./apps/portal/components/projects/ProjectPage/tabs/EstimatesTab.tsx [Client Component Browser]
    ./apps/portal/components/projects/ProjectPage/ProjectMainTabs.tsx [Client Component Browser]
    ./apps/portal/components/projects/ProjectPage/ProjectPageShell.tsx [Client Component Browser]
    ./apps/portal/components/projects/ProjectPage/ProjectPageFrame.tsx [Client Component Browser]
    ./apps/portal/app/staff/projects/[projectId]/ProjectSnapshotPageClient.tsx [Client Component Browser]
    ./apps/portal/app/staff/projects/[projectId]/ProjectSnapshotPageClient.tsx [Server Component]
    ./apps/portal/app/staff/projects/[projectId]/page.tsx [Server Component]

  Client Component SSR:
    ./apps/portal/components/drawings/viewports/PlanViewport/canvas/layers/PlanLocalHoverLayer.tsx [Client Component SSR]
    ./apps/portal/components/drawings/viewports/PlanViewport/canvas/PlanCanvas.tsx [Client Component SSR]
    ./apps/portal/components/drawings/viewports/PlanViewport/PlanViewport.tsx [Client Component SSR]
    ./apps/portal/components/drawings/workbench/WorkbenchViewportHost.tsx [Client Component SSR]
    ./apps/portal/components/drawings/workbench/DrawingWorkbench.tsx [Client Component SSR]
    ./apps/portal/components/projects/ProjectPage/tabs/EstimatesTab.tsx [Client Component SSR]
    ./apps/portal/components/projects/ProjectPage/ProjectMainTabs.tsx [Client Component SSR]
    ./apps/portal/components/projects/ProjectPage/ProjectPageShell.tsx [Client Component SSR]
    ./apps/portal/components/projects/ProjectPage/ProjectPageFrame.tsx [Client Component SSR]
    ./apps/portal/app/staff/projects/[projectId]/ProjectSnapshotPageClient.tsx [Client Component SSR]
    ./apps/portal/app/staff/projects/[projectId]/ProjectSnapshotPageClient.tsx [Server Component]
    ./apps/portal/app/staff/projects/[projectId]/page.tsx [Server Component] @ http://localhost:3001/_next/static/chunks/node_modules_next_dist_115brz8._.js:3272
[47997695ms] [ERROR] Failed to load resource: the server responded with a status of 500 (Internal Server Error) @ http://localhost:3001/staff/projects/proj_cf4afb59-b72c-4b11-b39f-9e04f4684163/design-workbench?_rsc=1uq1y:0
[47997696ms] [ERROR] Failed to load resource: the server responded with a status of 500 (Internal Server Error) @ http://localhost:3001/staff/projects/proj_cf4afb59-b72c-4b11-b39f-9e04f4684163/design-workbench?_rsc=1uq1y:0
[47997697ms] [ERROR] Failed to load resource: the server responded with a status of 500 (Internal Server Error) @ http://localhost:3001/staff/projects/proj_cf4afb59-b72c-4b11-b39f-9e04f4684163/design-workbench?_rsc=1uq1y:0
[47997698ms] [ERROR] Failed to load resource: the server responded with a status of 500 (Internal Server Error) @ http://localhost:3001/staff/projects/proj_cf4afb59-b72c-4b11-b39f-9e04f4684163/design-workbench?_rsc=1uq1y:0
[47997699ms] [ERROR] Failed to load resource: the server responded with a status of 500 (Internal Server Error) @ http://localhost:3001/staff/projects/proj_cf4afb59-b72c-4b11-b39f-9e04f4684163/design-workbench?_rsc=1uq1y:0
[47997699ms] [ERROR] Failed to load resource: the server responded with a status of 500 (Internal Server Error) @ http://localhost:3001/staff/projects/proj_cf4afb59-b72c-4b11-b39f-9e04f4684163/design-workbench?_rsc=1uq1y:0
[47997709ms] [ERROR] ./apps/portal/components/drawings/viewports/PlanViewport/canvas/layers/PlanLocalHoverLayer.tsx:32:1
Expected ',', got '<eof>'
  30 |   );
  31 | }
> 32 |
     | ^

Parsing ecmascript source code failed

Import traces:
  Client Component Browser:
    ./apps/portal/components/drawings/viewports/PlanViewport/canvas/layers/PlanLocalHoverLayer.tsx [Client Component Browser]
    ./apps/portal/components/drawings/viewports/PlanViewport/canvas/PlanCanvas.tsx [Client Component Browser]
    ./apps/portal/components/drawings/viewports/PlanViewport/PlanViewport.tsx [Client Component Browser]
    ./apps/portal/components/drawings/workbench/WorkbenchViewportHost.tsx [Client Component Browser]
    ./apps/portal/components/drawings/workbench/DrawingWorkbench.tsx [Client Component Browser]
    ./apps/portal/components/projects/ProjectPage/tabs/EstimatesTab.tsx [Client Component Browser]
    ./apps/portal/components/projects/ProjectPage/ProjectMainTabs.tsx [Client Component Browser]
    ./apps/portal/components/projects/ProjectPage/ProjectPageShell.tsx [Client Component Browser]
    ./apps/portal/components/projects/ProjectPage/ProjectPageFrame.tsx [Client Component Browser]
    ./apps/portal/app/staff/projects/[projectId]/ProjectSnapshotPageClient.tsx [Client Component Browser]
    ./apps/portal/app/staff/projects/[projectId]/ProjectSnapshotPageClient.tsx [Server Component]
    ./apps/portal/app/staff/projects/[projectId]/page.tsx [Server Component]

  Client Component SSR:
    ./apps/portal/components/drawings/viewports/PlanViewport/canvas/layers/PlanLocalHoverLayer.tsx [Client Component SSR]
    ./apps/portal/components/drawings/viewports/PlanViewport/canvas/PlanCanvas.tsx [Client Component SSR]
    ./apps/portal/components/drawings/viewports/PlanViewport/PlanViewport.tsx [Client Component SSR]
    ./apps/portal/components/drawings/workbench/WorkbenchViewportHost.tsx [Client Component SSR]
    ./apps/portal/components/drawings/workbench/DrawingWorkbench.tsx [Client Component SSR]
    ./apps/portal/components/projects/ProjectPage/tabs/EstimatesTab.tsx [Client Component SSR]
    ./apps/portal/components/projects/ProjectPage/ProjectMainTabs.tsx [Client Component SSR]
    ./apps/portal/components/projects/ProjectPage/ProjectPageShell.tsx [Client Component SSR]
    ./apps/portal/components/projects/ProjectPage/ProjectPageFrame.tsx [Client Component SSR]
    ./apps/portal/app/staff/projects/[projectId]/ProjectSnapshotPageClient.tsx [Client Component SSR]
    ./apps/portal/app/staff/projects/[projectId]/ProjectSnapshotPageClient.tsx [Server Component]
    ./apps/portal/app/staff/projects/[projectId]/page.tsx [Server Component] @ http://localhost:3001/_next/static/chunks/node_modules_next_dist_115brz8._.js:3272
[47997709ms] [LOG] [Fast Refresh] rebuilding @ http://localhost:3001/_next/static/chunks/node_modules_next_dist_115brz8._.js:2431
[47997961ms] [ERROR] ./apps/portal/components/drawings/viewports/PlanViewport/canvas/layers/PlanLocalHoverLayer.tsx:32:1
Expected ',', got '<eof>'
  30 |   );
  31 | }
> 32 |
     | ^

Parsing ecmascript source code failed

Import traces:
  Client Component Browser:
    ./apps/portal/components/drawings/viewports/PlanViewport/canvas/layers/PlanLocalHoverLayer.tsx [Client Component Browser]
    ./apps/portal/components/drawings/viewports/PlanViewport/canvas/PlanCanvas.tsx [Client Component Browser]
    ./apps/portal/components/drawings/viewports/PlanViewport/PlanViewport.tsx [Client Component Browser]
    ./apps/portal/components/drawings/workbench/WorkbenchViewportHost.tsx [Client Component Browser]
    ./apps/portal/components/drawings/workbench/DrawingWorkbench.tsx [Client Component Browser]
    ./apps/portal/components/projects/ProjectPage/tabs/EstimatesTab.tsx [Client Component Browser]
    ./apps/portal/components/projects/ProjectPage/ProjectMainTabs.tsx [Client Component Browser]
    ./apps/portal/components/projects/ProjectPage/ProjectPageShell.tsx [Client Component Browser]
    ./apps/portal/components/projects/ProjectPage/ProjectPageFrame.tsx [Client Component Browser]
    ./apps/portal/app/staff/projects/[projectId]/ProjectSnapshotPageClient.tsx [Client Component Browser]
    ./apps/portal/app/staff/projects/[projectId]/ProjectSnapshotPageClient.tsx [Server Component]
    ./apps/portal/app/staff/projects/[projectId]/page.tsx [Server Component]

  Client Component SSR:
    ./apps/portal/components/drawings/viewports/PlanViewport/canvas/layers/PlanLocalHoverLayer.tsx [Client Component SSR]
    ./apps/portal/components/drawings/viewports/PlanViewport/canvas/PlanCanvas.tsx [Client Component SSR]
    ./apps/portal/components/drawings/viewports/PlanViewport/PlanViewport.tsx [Client Component SSR]
    ./apps/portal/components/drawings/workbench/WorkbenchViewportHost.tsx [Client Component SSR]
    ./apps/portal/components/drawings/workbench/DrawingWorkbench.tsx [Client Component SSR]
    ./apps/portal/components/projects/ProjectPage/tabs/EstimatesTab.tsx [Client Component SSR]
    ./apps/portal/components/projects/ProjectPage/ProjectMainTabs.tsx [Client Component SSR]
    ./apps/portal/components/projects/ProjectPage/ProjectPageShell.tsx [Client Component SSR]
    ./apps/portal/components/projects/ProjectPage/ProjectPageFrame.tsx [Client Component SSR]
    ./apps/portal/app/staff/projects/[projectId]/ProjectSnapshotPageClient.tsx [Client Component SSR]
    ./apps/portal/app/staff/projects/[projectId]/ProjectSnapshotPageClient.tsx [Server Component]
    ./apps/portal/app/staff/projects/[projectId]/page.tsx [Server Component] @ http://localhost:3001/_next/static/chunks/node_modules_next_dist_115brz8._.js:3272
[47997993ms] [LOG] [Fast Refresh] rebuilding @ http://localhost:3001/_next/static/chunks/node_modules_next_dist_115brz8._.js:2431
[47998196ms] [LOG] [Fast Refresh] rebuilding @ http://localhost:3001/_next/static/chunks/node_modules_next_dist_115brz8._.js:2431
[48000816ms] [LOG] [Fast Refresh] done in 2731ms @ http://localhost:3001/_next/static/chunks/node_modules_next_dist_115brz8._.js:2431
[48001432ms] [LOG] [Fast Refresh] rebuilding @ http://localhost:3001/_next/static/chunks/node_modules_next_dist_115brz8._.js:2431
[48001497ms] [LOG] [Fast Refresh] done in 169ms @ http://localhost:3001/_next/static/chunks/node_modules_next_dist_115brz8._.js:2431
[48001631ms] [LOG] [Fast Refresh] rebuilding @ http://localhost:3001/_next/static/chunks/node_modules_next_dist_115brz8._.js:2431
[48002255ms] [LOG] [Fast Refresh] done in 730ms @ http://localhost:3001/_next/static/chunks/node_modules_next_dist_115brz8._.js:2431
[48002973ms] [LOG] [Fast Refresh] rebuilding @ http://localhost:3001/_next/static/chunks/node_modules_next_dist_115brz8._.js:2431
[48003470ms] [LOG] [Fast Refresh] done in 599ms @ http://localhost:3001/_next/static/chunks/node_modules_next_dist_115brz8._.js:2431
[48003581ms] [LOG] [Fast Refresh] rebuilding @ http://localhost:3001/_next/static/chunks/node_modules_next_dist_115brz8._.js:2431
[48004240ms] [ERROR] ./apps/portal/components/drawings/viewports/PlanViewport/canvas/layers/PlanMovePreviewLayer.tsx:54:1
Expected ',', got '<eof>'
  52 |   );
  53 | }
> 54 |
     | ^

Parsing ecmascript source code failed

Import traces:
  Client Component Browser:
    ./apps/portal/components/drawings/viewports/PlanViewport/canvas/layers/PlanMovePreviewLayer.tsx [Client Component Browser]
    ./apps/portal/components/drawings/viewports/PlanViewport/canvas/PlanCanvas.tsx [Client Component Browser]
    ./apps/portal/components/drawings/viewports/PlanViewport/PlanViewport.tsx [Client Component Browser]
    ./apps/portal/components/drawings/workbench/WorkbenchViewportHost.tsx [Client Component Browser]
    ./apps/portal/components/drawings/workbench/DrawingWorkbench.tsx [Client Component Browser]
    ./apps/portal/components/projects/ProjectPage/tabs/EstimatesTab.tsx [Client Component Browser]
    ./apps/portal/components/projects/ProjectPage/ProjectMainTabs.tsx [Client Component Browser]
    ./apps/portal/components/projects/ProjectPage/ProjectPageShell.tsx [Client Component Browser]
    ./apps/portal/components/projects/ProjectPage/ProjectPageFrame.tsx [Client Component Browser]
    ./apps/portal/app/staff/projects/[projectId]/ProjectSnapshotPageClient.tsx [Client Component Browser]
    ./apps/portal/app/staff/projects/[projectId]/ProjectSnapshotPageClient.tsx [Server Component]
    ./apps/portal/app/staff/projects/[projectId]/page.tsx [Server Component]

  Client Component SSR:
    ./apps/portal/components/drawings/viewports/PlanViewport/canvas/layers/PlanMovePreviewLayer.tsx [Client Component SSR]
    ./apps/portal/components/drawings/viewports/PlanViewport/canvas/PlanCanvas.tsx [Client Component SSR]
    ./apps/portal/components/drawings/viewports/PlanViewport/PlanViewport.tsx [Client Component SSR]
    ./apps/portal/components/drawings/workbench/WorkbenchViewportHost.tsx [Client Component SSR]
    ./apps/portal/components/drawings/workbench/DrawingWorkbench.tsx [Client Component SSR]
    ./apps/portal/components/projects/ProjectPage/tabs/EstimatesTab.tsx [Client Component SSR]
    ./apps/portal/components/projects/ProjectPage/ProjectMainTabs.tsx [Client Component SSR]
    ./apps/portal/components/projects/ProjectPage/ProjectPageShell.tsx [Client Component SSR]
    ./apps/portal/components/projects/ProjectPage/ProjectPageFrame.tsx [Client Component SSR]
    ./apps/portal/app/staff/projects/[projectId]/ProjectSnapshotPageClient.tsx [Client Component SSR]
    ./apps/portal/app/staff/projects/[projectId]/ProjectSnapshotPageClient.tsx [Server Component]
    ./apps/portal/app/staff/projects/[projectId]/page.tsx [Server Component] @ http://localhost:3001/_next/static/chunks/node_modules_next_dist_115brz8._.js:3272
[48004711ms] [INFO] %cDownload the React DevTools for a better development experience: https://react.dev/link/react-devtools font-weight:bold @ http://localhost:3001/_next/static/chunks/node_modules_next_dist_115brz8._.js:2431
[48004737ms] [LOG] [HMR] connected @ http://localhost:3001/_next/static/chunks/node_modules_next_dist_115brz8._.js:2431
[48004748ms] [ERROR] ./apps/portal/components/drawings/viewports/PlanViewport/canvas/layers/PlanMovePreviewLayer.tsx:54:1
Expected ',', got '<eof>'
  52 |   );
  53 | }
> 54 |
     | ^

Parsing ecmascript source code failed

Import traces:
  Client Component Browser:
    ./apps/portal/components/drawings/viewports/PlanViewport/canvas/layers/PlanMovePreviewLayer.tsx [Client Component Browser]
    ./apps/portal/components/drawings/viewports/PlanViewport/canvas/PlanCanvas.tsx [Client Component Browser]
    ./apps/portal/components/drawings/viewports/PlanViewport/PlanViewport.tsx [Client Component Browser]
    ./apps/portal/components/drawings/workbench/WorkbenchViewportHost.tsx [Client Component Browser]
    ./apps/portal/components/drawings/workbench/DrawingWorkbench.tsx [Client Component Browser]
    ./apps/portal/components/projects/ProjectPage/tabs/EstimatesTab.tsx [Client Component Browser]
    ./apps/portal/components/projects/ProjectPage/ProjectMainTabs.tsx [Client Component Browser]
    ./apps/portal/components/projects/ProjectPage/ProjectPageShell.tsx [Client Component Browser]
    ./apps/portal/components/projects/ProjectPage/ProjectPageFrame.tsx [Client Component Browser]
    ./apps/portal/app/staff/projects/[projectId]/ProjectSnapshotPageClient.tsx [Client Component Browser]
    ./apps/portal/app/staff/projects/[projectId]/ProjectSnapshotPageClient.tsx [Server Component]
    ./apps/portal/app/staff/projects/[projectId]/page.tsx [Server Component]

  Client Component SSR:
    ./apps/portal/components/drawings/viewports/PlanViewport/canvas/layers/PlanMovePreviewLayer.tsx [Client Component SSR]
    ./apps/portal/components/drawings/viewports/PlanViewport/canvas/PlanCanvas.tsx [Client Component SSR]
    ./apps/portal/components/drawings/viewports/PlanViewport/PlanViewport.tsx [Client Component SSR]
    ./apps/portal/components/drawings/workbench/WorkbenchViewportHost.tsx [Client Component SSR]
    ./apps/portal/components/drawings/workbench/DrawingWorkbench.tsx [Client Component SSR]
    ./apps/portal/components/projects/ProjectPage/tabs/EstimatesTab.tsx [Client Component SSR]
    ./apps/portal/components/projects/ProjectPage/ProjectMainTabs.tsx [Client Component SSR]
    ./apps/portal/components/projects/ProjectPage/ProjectPageShell.tsx [Client Component SSR]
    ./apps/portal/components/projects/ProjectPage/ProjectPageFrame.tsx [Client Component SSR]
    ./apps/portal/app/staff/projects/[projectId]/ProjectSnapshotPageClient.tsx [Client Component SSR]
    ./apps/portal/app/staff/projects/[projectId]/ProjectSnapshotPageClient.tsx [Server Component]
    ./apps/portal/app/staff/projects/[projectId]/page.tsx [Server Component] @ http://localhost:3001/_next/static/chunks/node_modules_next_dist_115brz8._.js:3272
[48004748ms] [ERROR] ./apps/portal/components/drawings/viewports/PlanViewport/canvas/layers/PlanMovePreviewLayer.tsx:54:1
Expected ',', got '<eof>'
  52 |   );
  53 | }
> 54 |
     | ^

Parsing ecmascript source code failed

Import traces:
  Client Component Browser:
    ./apps/portal/components/drawings/viewports/PlanViewport/canvas/layers/PlanMovePreviewLayer.tsx [Client Component Browser]
    ./apps/portal/components/drawings/viewports/PlanViewport/canvas/PlanCanvas.tsx [Client Component Browser]
    ./apps/portal/components/drawings/viewports/PlanViewport/PlanViewport.tsx [Client Component Browser]
    ./apps/portal/components/drawings/workbench/WorkbenchViewportHost.tsx [Client Component Browser]
    ./apps/portal/components/drawings/workbench/DrawingWorkbench.tsx [Client Component Browser]
    ./apps/portal/app/staff/projects/[projectId]/design-workbench/DesignWorkbenchFixtureClient.tsx [Client Component Browser]
    ./apps/portal/app/staff/projects/[projectId]/design-workbench/DesignWorkbenchFixtureClient.tsx [Server Component]
    ./apps/portal/app/staff/projects/[projectId]/design-workbench/page.tsx [Server Component]

  Client Component SSR:
    ./apps/portal/components/drawings/viewports/PlanViewport/canvas/layers/PlanMovePreviewLayer.tsx [Client Component SSR]
    ./apps/portal/components/drawings/viewports/PlanViewport/canvas/PlanCanvas.tsx [Client Component SSR]
    ./apps/portal/components/drawings/viewports/PlanViewport/PlanViewport.tsx [Client Component SSR]
    ./apps/portal/components/drawings/workbench/WorkbenchViewportHost.tsx [Client Component SSR]
    ./apps/portal/components/drawings/workbench/DrawingWorkbench.tsx [Client Component SSR]
    ./apps/portal/app/staff/projects/[projectId]/design-workbench/DesignWorkbenchFixtureClient.tsx [Client Component SSR]
    ./apps/portal/app/staff/projects/[projectId]/design-workbench/DesignWorkbenchFixtureClient.tsx [Server Component]
    ./apps/portal/app/staff/projects/[projectId]/design-workbench/page.tsx [Server Component] @ http://localhost:3001/_next/static/chunks/node_modules_next_dist_115brz8._.js:3272
[48004748ms] [ERROR] ./apps/portal/components/drawings/viewports/PlanViewport/canvas/layers/PlanMovePreviewLayer.tsx:54:1
Expected ',', got '<eof>'
  52 |   );
  53 | }
> 54 |
     | ^

Parsing ecmascript source code failed

Import traces:
  Client Component Browser:
    ./apps/portal/components/drawings/viewports/PlanViewport/canvas/layers/PlanMovePreviewLayer.tsx [Client Component Browser]
    ./apps/portal/components/drawings/viewports/PlanViewport/canvas/PlanCanvas.tsx [Client Component Browser]
    ./apps/portal/components/drawings/viewports/PlanViewport/PlanViewport.tsx [Client Component Browser]
    ./apps/portal/components/drawings/workbench/WorkbenchViewportHost.tsx [Client Component Browser]
    ./apps/portal/components/drawings/workbench/DrawingWorkbench.tsx [Client Component Browser]
    ./apps/portal/app/staff/projects/[projectId]/design-workbench/DesignWorkbenchFixtureClient.tsx [Client Component Browser]
    ./apps/portal/app/staff/projects/[projectId]/design-workbench/DesignWorkbenchFixtureClient.tsx [Server Component]
    ./apps/portal/app/qa/design-workbench-fixture/page.tsx [Server Component]

  Client Component SSR:
    ./apps/portal/components/drawings/viewports/PlanViewport/canvas/layers/PlanMovePreviewLayer.tsx [Client Component SSR]
    ./apps/portal/components/drawings/viewports/PlanViewport/canvas/PlanCanvas.tsx [Client Component SSR]
    ./apps/portal/components/drawings/viewports/PlanViewport/PlanViewport.tsx [Client Component SSR]
    ./apps/portal/components/drawings/workbench/WorkbenchViewportHost.tsx [Client Component SSR]
    ./apps/portal/components/drawings/workbench/DrawingWorkbench.tsx [Client Component SSR]
    ./apps/portal/app/staff/projects/[projectId]/design-workbench/DesignWorkbenchFixtureClient.tsx [Client Component SSR]
    ./apps/portal/app/staff/projects/[projectId]/design-workbench/DesignWorkbenchFixtureClient.tsx [Server Component]
    ./apps/portal/app/qa/design-workbench-fixture/page.tsx [Server Component] @ http://localhost:3001/_next/static/chunks/node_modules_next_dist_115brz8._.js:3272
[48004866ms] [ERROR] Encountered a script tag while rendering React component. Scripts inside React components are never executed when rendering on the client. Consider using template tag instead (https://developer.mozilla.org/en-US/docs/Web/HTML/Element/template). @ http://localhost:3001/_next/static/chunks/node_modules_next_dist_115brz8._.js:3272
[48006493ms] [LOG] [Fast Refresh] rebuilding @ http://localhost:3001/_next/static/chunks/node_modules_next_dist_115brz8._.js:2431
[48006958ms] [LOG] [Fast Refresh] done in 565ms @ http://localhost:3001/_next/static/chunks/node_modules_next_dist_115brz8._.js:2431
[48007152ms] [LOG] [Fast Refresh] rebuilding @ http://localhost:3001/_next/static/chunks/node_modules_next_dist_115brz8._.js:2431
[48008540ms] [LOG] [Fast Refresh] done in 1487ms @ http://localhost:3001/_next/static/chunks/node_modules_next_dist_115brz8._.js:2431
[48009180ms] [LOG] [Fast Refresh] rebuilding @ http://localhost:3001/_next/static/chunks/node_modules_next_dist_115brz8._.js:2431
[48009787ms] [ERROR] ./apps/portal/components/drawings/viewports/PlanViewport/canvas/layers/PlanSeamIconLayer.tsx:107:1
Expected ',', got '<eof>'
  105 |   );
  106 | }
> 107 |
      | ^

Parsing ecmascript source code failed

Import traces:
  Client Component Browser:
    ./apps/portal/components/drawings/viewports/PlanViewport/canvas/layers/PlanSeamIconLayer.tsx [Client Component Browser]
    ./apps/portal/components/drawings/viewports/PlanViewport/canvas/PlanCanvas.tsx [Client Component Browser]
    ./apps/portal/components/drawings/viewports/PlanViewport/PlanViewport.tsx [Client Component Browser]
    ./apps/portal/components/drawings/workbench/WorkbenchViewportHost.tsx [Client Component Browser]
    ./apps/portal/components/drawings/workbench/DrawingWorkbench.tsx [Client Component Browser]
    ./apps/portal/components/projects/ProjectPage/tabs/EstimatesTab.tsx [Client Component Browser]
    ./apps/portal/components/projects/ProjectPage/ProjectMainTabs.tsx [Client Component Browser]
    ./apps/portal/components/projects/ProjectPage/ProjectPageShell.tsx [Client Component Browser]
    ./apps/portal/components/projects/ProjectPage/ProjectPageFrame.tsx [Client Component Browser]
    ./apps/portal/app/staff/projects/[projectId]/ProjectSnapshotPageClient.tsx [Client Component Browser]
    ./apps/portal/app/staff/projects/[projectId]/ProjectSnapshotPageClient.tsx [Server Component]
    ./apps/portal/app/staff/projects/[projectId]/page.tsx [Server Component]

  Client Component SSR:
    ./apps/portal/components/drawings/viewports/PlanViewport/canvas/layers/PlanSeamIconLayer.tsx [Client Component SSR]
    ./apps/portal/components/drawings/viewports/PlanViewport/canvas/PlanCanvas.tsx [Client Component SSR]
    ./apps/portal/components/drawings/viewports/PlanViewport/PlanViewport.tsx [Client Component SSR]
    ./apps/portal/components/drawings/workbench/WorkbenchViewportHost.tsx [Client Component SSR]
    ./apps/portal/components/drawings/workbench/DrawingWorkbench.tsx [Client Component SSR]
    ./apps/portal/components/projects/ProjectPage/tabs/EstimatesTab.tsx [Client Component SSR]
    ./apps/portal/components/projects/ProjectPage/ProjectMainTabs.tsx [Client Component SSR]
    ./apps/portal/components/projects/ProjectPage/ProjectPageShell.tsx [Client Component SSR]
    ./apps/portal/components/projects/ProjectPage/ProjectPageFrame.tsx [Client Component SSR]
    ./apps/portal/app/staff/projects/[projectId]/ProjectSnapshotPageClient.tsx [Client Component SSR]
    ./apps/portal/app/staff/projects/[projectId]/ProjectSnapshotPageClient.tsx [Server Component]
    ./apps/portal/app/staff/projects/[projectId]/page.tsx [Server Component] @ http://localhost:3001/_next/static/chunks/node_modules_next_dist_115brz8._.js:3272
[48014504ms] [ERROR] Failed to load resource: the server responded with a status of 500 (Internal Server Error) @ http://localhost:3001/staff/projects/proj_cf4afb59-b72c-4b11-b39f-9e04f4684163/design-workbench?_rsc=1uq1y:0
[48014506ms] [ERROR] Failed to load resource: the server responded with a status of 500 (Internal Server Error) @ http://localhost:3001/staff/projects/proj_cf4afb59-b72c-4b11-b39f-9e04f4684163/design-workbench?_rsc=1uq1y:0
[48014509ms] [WARNING] The resource http://localhost:3001/_next/static/chunks/apps_portal_components_page-state_PageState_module_0sc2l4s.css was preloaded using link preload but not used within a few seconds from the window's load event. Please make sure it has an appropriate `as` value and it is preloaded intentionally. @ http://localhost:3001/staff/projects/proj_cf4afb59-b72c-4b11-b39f-9e04f4684163/design-workbench:0
[48014509ms] [WARNING] The resource http://localhost:3001/_next/static/chunks/apps_portal_0_3oiee._.css was preloaded using link preload but not used within a few seconds from the window's load event. Please make sure it has an appropriate `as` value and it is preloaded intentionally. @ http://localhost:3001/staff/projects/proj_cf4afb59-b72c-4b11-b39f-9e04f4684163/design-workbench:0
[48014510ms] [ERROR] ./apps/portal/components/drawings/viewports/PlanViewport/canvas/layers/PlanSeamIconLayer.tsx:107:1
Expected ',', got '<eof>'
  105 |   );
  106 | }
> 107 |
      | ^

Parsing ecmascript source code failed

Import traces:
  Client Component Browser:
    ./apps/portal/components/drawings/viewports/PlanViewport/canvas/layers/PlanSeamIconLayer.tsx [Client Component Browser]
    ./apps/portal/components/drawings/viewports/PlanViewport/canvas/PlanCanvas.tsx [Client Component Browser]
    ./apps/portal/components/drawings/viewports/PlanViewport/PlanViewport.tsx [Client Component Browser]
    ./apps/portal/components/drawings/workbench/WorkbenchViewportHost.tsx [Client Component Browser]
    ./apps/portal/components/drawings/workbench/DrawingWorkbench.tsx [Client Component Browser]
    ./apps/portal/components/projects/ProjectPage/tabs/EstimatesTab.tsx [Client Component Browser]
    ./apps/portal/components/projects/ProjectPage/ProjectMainTabs.tsx [Client Component Browser]
    ./apps/portal/components/projects/ProjectPage/ProjectPageShell.tsx [Client Component Browser]
    ./apps/portal/components/projects/ProjectPage/ProjectPageFrame.tsx [Client Component Browser]
    ./apps/portal/app/staff/projects/[projectId]/ProjectSnapshotPageClient.tsx [Client Component Browser]
    ./apps/portal/app/staff/projects/[projectId]/ProjectSnapshotPageClient.tsx [Server Component]
    ./apps/portal/app/staff/projects/[projectId]/page.tsx [Server Component]

  Client Component SSR:
    ./apps/portal/components/drawings/viewports/PlanViewport/canvas/layers/PlanSeamIconLayer.tsx [Client Component SSR]
    ./apps/portal/components/drawings/viewports/PlanViewport/canvas/PlanCanvas.tsx [Client Component SSR]
    ./apps/portal/components/drawings/viewports/PlanViewport/PlanViewport.tsx [Client Component SSR]
    ./apps/portal/components/drawings/workbench/WorkbenchViewportHost.tsx [Client Component SSR]
    ./apps/portal/components/drawings/workbench/DrawingWorkbench.tsx [Client Component SSR]
    ./apps/portal/components/projects/ProjectPage/tabs/EstimatesTab.tsx [Client Component SSR]
    ./apps/portal/components/projects/ProjectPage/ProjectMainTabs.tsx [Client Component SSR]
    ./apps/portal/components/projects/ProjectPage/ProjectPageShell.tsx [Client Component SSR]
    ./apps/portal/components/projects/ProjectPage/ProjectPageFrame.tsx [Client Component SSR]
    ./apps/portal/app/staff/projects/[projectId]/ProjectSnapshotPageClient.tsx [Client Component SSR]
    ./apps/portal/app/staff/projects/[projectId]/ProjectSnapshotPageClient.tsx [Server Component]
    ./apps/portal/app/staff/projects/[projectId]/page.tsx [Server Component] @ http://localhost:3001/_next/static/chunks/node_modules_next_dist_115brz8._.js:3272
[48014510ms] [ERROR] ./apps/portal/components/drawings/viewports/PlanViewport/canvas/layers/PlanSeamIconLayer.tsx:107:1
Expected ',', got '<eof>'
  105 |   );
  106 | }
> 107 |
      | ^

Parsing ecmascript source code failed

Import traces:
  Client Component Browser:
    ./apps/portal/components/drawings/viewports/PlanViewport/canvas/layers/PlanSeamIconLayer.tsx [Client Component Browser]
    ./apps/portal/components/drawings/viewports/PlanViewport/canvas/PlanCanvas.tsx [Client Component Browser]
    ./apps/portal/components/drawings/viewports/PlanViewport/PlanViewport.tsx [Client Component Browser]
    ./apps/portal/components/drawings/workbench/WorkbenchViewportHost.tsx [Client Component Browser]
    ./apps/portal/components/drawings/workbench/DrawingWorkbench.tsx [Client Component Browser]
    ./apps/portal/components/projects/ProjectPage/tabs/EstimatesTab.tsx [Client Component Browser]
    ./apps/portal/components/projects/ProjectPage/ProjectMainTabs.tsx [Client Component Browser]
    ./apps/portal/components/projects/ProjectPage/ProjectPageShell.tsx [Client Component Browser]
    ./apps/portal/components/projects/ProjectPage/ProjectPageFrame.tsx [Client Component Browser]
    ./apps/portal/app/staff/projects/[projectId]/ProjectSnapshotPageClient.tsx [Client Component Browser]
    ./apps/portal/app/staff/projects/[projectId]/ProjectSnapshotPageClient.tsx [Server Component]
    ./apps/portal/app/staff/projects/[projectId]/page.tsx [Server Component]

  Client Component SSR:
    ./apps/portal/components/drawings/viewports/PlanViewport/canvas/layers/PlanSeamIconLayer.tsx [Client Component SSR]
    ./apps/portal/components/drawings/viewports/PlanViewport/canvas/PlanCanvas.tsx [Client Component SSR]
    ./apps/portal/components/drawings/viewports/PlanViewport/PlanViewport.tsx [Client Component SSR]
    ./apps/portal/components/drawings/workbench/WorkbenchViewportHost.tsx [Client Component SSR]
    ./apps/portal/components/drawings/workbench/DrawingWorkbench.tsx [Client Component SSR]
    ./apps/portal/components/projects/ProjectPage/tabs/EstimatesTab.tsx [Client Component SSR]
    ./apps/portal/components/projects/ProjectPage/ProjectMainTabs.tsx [Client Component SSR]
    ./apps/portal/components/projects/ProjectPage/ProjectPageShell.tsx [Client Component SSR]
    ./apps/portal/components/projects/ProjectPage/ProjectPageFrame.tsx [Client Component SSR]
    ./apps/portal/app/staff/projects/[projectId]/ProjectSnapshotPageClient.tsx [Client Component SSR]
    ./apps/portal/app/staff/projects/[projectId]/ProjectSnapshotPageClient.tsx [Server Component]
    ./apps/portal/app/staff/projects/[projectId]/page.tsx [Server Component] @ http://localhost:3001/_next/static/chunks/node_modules_next_dist_115brz8._.js:3272
[48014511ms] [LOG] [Fast Refresh] rebuilding @ http://localhost:3001/_next/static/chunks/node_modules_next_dist_115brz8._.js:2431
[48014519ms] [LOG] [Fast Refresh] done in 8ms @ http://localhost:3001/_next/static/chunks/node_modules_next_dist_115brz8._.js:2431
[48014539ms] [LOG] [Fast Refresh] rebuilding @ http://localhost:3001/_next/static/chunks/node_modules_next_dist_115brz8._.js:2431
[48014543ms] [ERROR] ./apps/portal/components/drawings/viewports/PlanViewport/canvas/layers/PlanSelectionHaloLayer.tsx:21:1
Expected ',', got '<eof>'
  19 |   );
  20 | }
> 21 |
     | ^

Parsing ecmascript source code failed

Import traces:
  Client Component Browser:
    ./apps/portal/components/drawings/viewports/PlanViewport/canvas/layers/PlanSelectionHaloLayer.tsx [Client Component Browser]
    ./apps/portal/components/drawings/viewports/PlanViewport/canvas/PlanCanvas.tsx [Client Component Browser]
    ./apps/portal/components/drawings/viewports/PlanViewport/PlanViewport.tsx [Client Component Browser]
    ./apps/portal/components/drawings/workbench/WorkbenchViewportHost.tsx [Client Component Browser]
    ./apps/portal/components/drawings/workbench/DrawingWorkbench.tsx [Client Component Browser]
    ./apps/portal/components/projects/ProjectPage/tabs/EstimatesTab.tsx [Client Component Browser]
    ./apps/portal/components/projects/ProjectPage/ProjectMainTabs.tsx [Client Component Browser]
    ./apps/portal/components/projects/ProjectPage/ProjectPageShell.tsx [Client Component Browser]
    ./apps/portal/components/projects/ProjectPage/ProjectPageFrame.tsx [Client Component Browser]
    ./apps/portal/app/staff/projects/[projectId]/ProjectSnapshotPageClient.tsx [Client Component Browser]
    ./apps/portal/app/staff/projects/[projectId]/ProjectSnapshotPageClient.tsx [Server Component]
    ./apps/portal/app/staff/projects/[projectId]/page.tsx [Server Component]

  Client Component SSR:
    ./apps/portal/components/drawings/viewports/PlanViewport/canvas/layers/PlanSelectionHaloLayer.tsx [Client Component SSR]
    ./apps/portal/components/drawings/viewports/PlanViewport/canvas/PlanCanvas.tsx [Client Component SSR]
    ./apps/portal/components/drawings/viewports/PlanViewport/PlanViewport.tsx [Client Component SSR]
    ./apps/portal/components/drawings/workbench/WorkbenchViewportHost.tsx [Client Component SSR]
    ./apps/portal/components/drawings/workbench/DrawingWorkbench.tsx [Client Component SSR]
    ./apps/portal/components/projects/ProjectPage/tabs/EstimatesTab.tsx [Client Component SSR]
    ./apps/portal/components/projects/ProjectPage/ProjectMainTabs.tsx [Client Component SSR]
    ./apps/portal/components/projects/ProjectPage/ProjectPageShell.tsx [Client Component SSR]
    ./apps/portal/components/projects/ProjectPage/ProjectPageFrame.tsx [Client Component SSR]
    ./apps/portal/app/staff/projects/[projectId]/ProjectSnapshotPageClient.tsx [Client Component SSR]
    ./apps/portal/app/staff/projects/[projectId]/ProjectSnapshotPageClient.tsx [Server Component]
    ./apps/portal/app/staff/projects/[projectId]/page.tsx [Server Component] @ http://localhost:3001/_next/static/chunks/node_modules_next_dist_115brz8._.js:3272
[48014543ms] [ERROR] ./apps/portal/components/drawings/viewports/PlanViewport/canvas/layers/PlanSelectionHaloLayer.tsx:21:1
Expected ',', got '<eof>'
  19 |   );
  20 | }
> 21 |
     | ^

Parsing ecmascript source code failed

Import traces:
  Client Component Browser:
    ./apps/portal/components/drawings/viewports/PlanViewport/canvas/layers/PlanSelectionHaloLayer.tsx [Client Component Browser]
    ./apps/portal/components/drawings/viewports/PlanViewport/canvas/PlanCanvas.tsx [Client Component Browser]
    ./apps/portal/components/drawings/viewports/PlanViewport/PlanViewport.tsx [Client Component Browser]
    ./apps/portal/components/drawings/workbench/WorkbenchViewportHost.tsx [Client Component Browser]
    ./apps/portal/components/drawings/workbench/DrawingWorkbench.tsx [Client Component Browser]
    ./apps/portal/components/projects/ProjectPage/tabs/EstimatesTab.tsx [Client Component Browser]
    ./apps/portal/components/projects/ProjectPage/ProjectMainTabs.tsx [Client Component Browser]
    ./apps/portal/components/projects/ProjectPage/ProjectPageShell.tsx [Client Component Browser]
    ./apps/portal/components/projects/ProjectPage/ProjectPageFrame.tsx [Client Component Browser]
    ./apps/portal/app/staff/projects/[projectId]/ProjectSnapshotPageClient.tsx [Client Component Browser]
    ./apps/portal/app/staff/projects/[projectId]/ProjectSnapshotPageClient.tsx [Server Component]
    ./apps/portal/app/staff/projects/[projectId]/page.tsx [Server Component]

  Client Component SSR:
    ./apps/portal/components/drawings/viewports/PlanViewport/canvas/layers/PlanSelectionHaloLayer.tsx [Client Component SSR]
    ./apps/portal/components/drawings/viewports/PlanViewport/canvas/PlanCanvas.tsx [Client Component SSR]
    ./apps/portal/components/drawings/viewports/PlanViewport/PlanViewport.tsx [Client Component SSR]
    ./apps/portal/components/drawings/workbench/WorkbenchViewportHost.tsx [Client Component SSR]
    ./apps/portal/components/drawings/workbench/DrawingWorkbench.tsx [Client Component SSR]
    ./apps/portal/components/projects/ProjectPage/tabs/EstimatesTab.tsx [Client Component SSR]
    ./apps/portal/components/projects/ProjectPage/ProjectMainTabs.tsx [Client Component SSR]
    ./apps/portal/components/projects/ProjectPage/ProjectPageShell.tsx [Client Component SSR]
    ./apps/portal/components/projects/ProjectPage/ProjectPageFrame.tsx [Client Component SSR]
    ./apps/portal/app/staff/projects/[projectId]/ProjectSnapshotPageClient.tsx [Client Component SSR]
    ./apps/portal/app/staff/projects/[projectId]/ProjectSnapshotPageClient.tsx [Server Component]
    ./apps/portal/app/staff/projects/[projectId]/page.tsx [Server Component] @ http://localhost:3001/_next/static/chunks/node_modules_next_dist_115brz8._.js:3272
[48014543ms] [ERROR] ./apps/portal/components/drawings/viewports/PlanViewport/canvas/layers/PlanSelectionHaloLayer.tsx:21:1
Expected ',', got '<eof>'
  19 |   );
  20 | }
> 21 |
     | ^

Parsing ecmascript source code failed

Import traces:
  Client Component Browser:
    ./apps/portal/components/drawings/viewports/PlanViewport/canvas/layers/PlanSelectionHaloLayer.tsx [Client Component Browser]
    ./apps/portal/components/drawings/viewports/PlanViewport/canvas/PlanCanvas.tsx [Client Component Browser]
    ./apps/portal/components/drawings/viewports/PlanViewport/PlanViewport.tsx [Client Component Browser]
    ./apps/portal/components/drawings/workbench/WorkbenchViewportHost.tsx [Client Component Browser]
    ./apps/portal/components/drawings/workbench/DrawingWorkbench.tsx [Client Component Browser]
    ./apps/portal/components/projects/ProjectPage/tabs/EstimatesTab.tsx [Client Component Browser]
    ./apps/portal/components/projects/ProjectPage/ProjectMainTabs.tsx [Client Component Browser]
    ./apps/portal/components/projects/ProjectPage/ProjectPageShell.tsx [Client Component Browser]
    ./apps/portal/components/projects/ProjectPage/ProjectPageFrame.tsx [Client Component Browser]
    ./apps/portal/app/staff/projects/[projectId]/ProjectSnapshotPageClient.tsx [Client Component Browser]
    ./apps/portal/app/staff/projects/[projectId]/ProjectSnapshotPageClient.tsx [Server Component]
    ./apps/portal/app/staff/projects/[projectId]/page.tsx [Server Component]

  Client Component SSR:
    ./apps/portal/components/drawings/viewports/PlanViewport/canvas/layers/PlanSelectionHaloLayer.tsx [Client Component SSR]
    ./apps/portal/components/drawings/viewports/PlanViewport/canvas/PlanCanvas.tsx [Client Component SSR]
    ./apps/portal/components/drawings/viewports/PlanViewport/PlanViewport.tsx [Client Component SSR]
    ./apps/portal/components/drawings/workbench/WorkbenchViewportHost.tsx [Client Component SSR]
    ./apps/portal/components/drawings/workbench/DrawingWorkbench.tsx [Client Component SSR]
    ./apps/portal/components/projects/ProjectPage/tabs/EstimatesTab.tsx [Client Component SSR]
    ./apps/portal/components/projects/ProjectPage/ProjectMainTabs.tsx [Client Component SSR]
    ./apps/portal/components/projects/ProjectPage/ProjectPageShell.tsx [Client Component SSR]
    ./apps/portal/components/projects/ProjectPage/ProjectPageFrame.tsx [Client Component SSR]
    ./apps/portal/app/staff/projects/[projectId]/ProjectSnapshotPageClient.tsx [Client Component SSR]
    ./apps/portal/app/staff/projects/[projectId]/ProjectSnapshotPageClient.tsx [Server Component]
    ./apps/portal/app/staff/projects/[projectId]/page.tsx [Server Component] @ http://localhost:3001/_next/static/chunks/node_modules_next_dist_115brz8._.js:3272
[48018819ms] [ERROR] Failed to load resource: the server responded with a status of 500 (Internal Server Error) @ http://localhost:3001/staff/projects/proj_cf4afb59-b72c-4b11-b39f-9e04f4684163/design-workbench?_rsc=1uq1y:0
[48018828ms] [WARNING] The resource http://localhost:3001/_next/static/chunks/apps_portal_components_page-state_PageState_module_0sc2l4s.css was preloaded using link preload but not used within a few seconds from the window's load event. Please make sure it has an appropriate `as` value and it is preloaded intentionally. @ http://localhost:3001/staff/projects/proj_cf4afb59-b72c-4b11-b39f-9e04f4684163/design-workbench:0
[48018828ms] [WARNING] The resource http://localhost:3001/_next/static/chunks/apps_portal_0_3oiee._.css was preloaded using link preload but not used within a few seconds from the window's load event. Please make sure it has an appropriate `as` value and it is preloaded intentionally. @ http://localhost:3001/staff/projects/proj_cf4afb59-b72c-4b11-b39f-9e04f4684163/design-workbench:0
[48018829ms] [ERROR] ./apps/portal/components/drawings/viewports/PlanViewport/canvas/layers/PlanSelectionHaloLayer.tsx:21:1
Expected ',', got '<eof>'
  19 |   );
  20 | }
> 21 |
     | ^

Parsing ecmascript source code failed

Import traces:
  Client Component Browser:
    ./apps/portal/components/drawings/viewports/PlanViewport/canvas/layers/PlanSelectionHaloLayer.tsx [Client Component Browser]
    ./apps/portal/components/drawings/viewports/PlanViewport/canvas/PlanCanvas.tsx [Client Component Browser]
    ./apps/portal/components/drawings/viewports/PlanViewport/PlanViewport.tsx [Client Component Browser]
    ./apps/portal/components/drawings/workbench/WorkbenchViewportHost.tsx [Client Component Browser]
    ./apps/portal/components/drawings/workbench/DrawingWorkbench.tsx [Client Component Browser]
    ./apps/portal/components/projects/ProjectPage/tabs/EstimatesTab.tsx [Client Component Browser]
    ./apps/portal/components/projects/ProjectPage/ProjectMainTabs.tsx [Client Component Browser]
    ./apps/portal/components/projects/ProjectPage/ProjectPageShell.tsx [Client Component Browser]
    ./apps/portal/components/projects/ProjectPage/ProjectPageFrame.tsx [Client Component Browser]
    ./apps/portal/app/staff/projects/[projectId]/ProjectSnapshotPageClient.tsx [Client Component Browser]
    ./apps/portal/app/staff/projects/[projectId]/ProjectSnapshotPageClient.tsx [Server Component]
    ./apps/portal/app/staff/projects/[projectId]/page.tsx [Server Component]

  Client Component SSR:
    ./apps/portal/components/drawings/viewports/PlanViewport/canvas/layers/PlanSelectionHaloLayer.tsx [Client Component SSR]
    ./apps/portal/components/drawings/viewports/PlanViewport/canvas/PlanCanvas.tsx [Client Component SSR]
    ./apps/portal/components/drawings/viewports/PlanViewport/PlanViewport.tsx [Client Component SSR]
    ./apps/portal/components/drawings/workbench/WorkbenchViewportHost.tsx [Client Component SSR]
    ./apps/portal/components/drawings/workbench/DrawingWorkbench.tsx [Client Component SSR]
    ./apps/portal/components/projects/ProjectPage/tabs/EstimatesTab.tsx [Client Component SSR]
    ./apps/portal/components/projects/ProjectPage/ProjectMainTabs.tsx [Client Component SSR]
    ./apps/portal/components/projects/ProjectPage/ProjectPageShell.tsx [Client Component SSR]
    ./apps/portal/components/projects/ProjectPage/ProjectPageFrame.tsx [Client Component SSR]
    ./apps/portal/app/staff/projects/[projectId]/ProjectSnapshotPageClient.tsx [Client Component SSR]
    ./apps/portal/app/staff/projects/[projectId]/ProjectSnapshotPageClient.tsx [Server Component]
    ./apps/portal/app/staff/projects/[projectId]/page.tsx [Server Component] @ http://localhost:3001/_next/static/chunks/node_modules_next_dist_115brz8._.js:3272
[48018829ms] [LOG] [Fast Refresh] rebuilding @ http://localhost:3001/_next/static/chunks/node_modules_next_dist_115brz8._.js:2431
[48018836ms] [LOG] [Fast Refresh] done in 7ms @ http://localhost:3001/_next/static/chunks/node_modules_next_dist_115brz8._.js:2431
[48023044ms] [WARNING] The resource http://localhost:3001/_next/static/chunks/apps_portal_components_page-state_PageState_module_0sc2l4s.css was preloaded using link preload but not used within a few seconds from the window's load event. Please make sure it has an appropriate `as` value and it is preloaded intentionally. @ http://localhost:3001/staff/projects/proj_cf4afb59-b72c-4b11-b39f-9e04f4684163/design-workbench:0
[48023044ms] [WARNING] The resource http://localhost:3001/_next/static/chunks/apps_portal_0_3oiee._.css was preloaded using link preload but not used within a few seconds from the window's load event. Please make sure it has an appropriate `as` value and it is preloaded intentionally. @ http://localhost:3001/staff/projects/proj_cf4afb59-b72c-4b11-b39f-9e04f4684163/design-workbench:0
[48035937ms] [ERROR] Failed to load resource: the server responded with a status of 500 (Internal Server Error) @ http://localhost:3001/staff/projects/proj_cf4afb59-b72c-4b11-b39f-9e04f4684163/design-workbench?_rsc=1uq1y:0
[48035946ms] [ERROR] Failed to load resource: the server responded with a status of 500 (Internal Server Error) @ http://localhost:3001/staff/projects/proj_cf4afb59-b72c-4b11-b39f-9e04f4684163/design-workbench?_rsc=1uq1y:0
[48035951ms] [ERROR] Failed to load resource: the server responded with a status of 500 (Internal Server Error) @ http://localhost:3001/staff/projects/proj_cf4afb59-b72c-4b11-b39f-9e04f4684163/design-workbench?_rsc=1uq1y:0
[48035952ms] [ERROR] Failed to load resource: the server responded with a status of 500 (Internal Server Error) @ http://localhost:3001/staff/projects/proj_cf4afb59-b72c-4b11-b39f-9e04f4684163/design-workbench?_rsc=1uq1y:0
[48035953ms] [ERROR] Failed to load resource: the server responded with a status of 500 (Internal Server Error) @ http://localhost:3001/staff/projects/proj_cf4afb59-b72c-4b11-b39f-9e04f4684163/design-workbench?_rsc=1uq1y:0
[48035954ms] [ERROR] Failed to load resource: the server responded with a status of 500 (Internal Server Error) @ http://localhost:3001/staff/projects/proj_cf4afb59-b72c-4b11-b39f-9e04f4684163/design-workbench?_rsc=1uq1y:0
[48035964ms] [LOG] [Fast Refresh] rebuilding @ http://localhost:3001/_next/static/chunks/node_modules_next_dist_115brz8._.js:2431
[48035969ms] [LOG] [Fast Refresh] done in 4ms @ http://localhost:3001/_next/static/chunks/node_modules_next_dist_115brz8._.js:2431
[48035987ms] [LOG] [Fast Refresh] rebuilding @ http://localhost:3001/_next/static/chunks/node_modules_next_dist_115brz8._.js:2431
[48035991ms] [ERROR] ./apps/portal/components/drawings/viewports/PlanViewport/canvas/layers/PlanSnapIndicatorLayer.tsx:103:1
Expected ',', got 'function'
  101 | }
  102 |
> 103 | function translatedEdgeMidpoint(
      | ^^^^^^^^
  104 |   sourcePolygonMm: ReadonlyArray<Point2>,
  105 |   edgeIndex: number,
  106 |   delta: Point2,

Parsing ecmascript source code failed

Import traces:
  Client Component Browser:
    ./apps/portal/components/drawings/viewports/PlanViewport/canvas/layers/PlanSnapIndicatorLayer.tsx [Client Component Browser]
    ./apps/portal/components/drawings/viewports/PlanViewport/canvas/PlanCanvas.tsx [Client Component Browser]
    ./apps/portal/components/drawings/viewports/PlanViewport/PlanViewport.tsx [Client Component Browser]
    ./apps/portal/components/drawings/workbench/WorkbenchViewportHost.tsx [Client Component Browser]
    ./apps/portal/components/drawings/workbench/DrawingWorkbench.tsx [Client Component Browser]
    ./apps/portal/components/projects/ProjectPage/tabs/EstimatesTab.tsx [Client Component Browser]
    ./apps/portal/components/projects/ProjectPage/ProjectMainTabs.tsx [Client Component Browser]
    ./apps/portal/components/projects/ProjectPage/ProjectPageShell.tsx [Client Component Browser]
    ./apps/portal/components/projects/ProjectPage/ProjectPageFrame.tsx [Client Component Browser]
    ./apps/portal/app/staff/projects/[projectId]/ProjectSnapshotPageClient.tsx [Client Component Browser]
    ./apps/portal/app/staff/projects/[projectId]/ProjectSnapshotPageClient.tsx [Server Component]
    ./apps/portal/app/staff/projects/[projectId]/page.tsx [Server Component]

  Client Component SSR:
    ./apps/portal/components/drawings/viewports/PlanViewport/canvas/layers/PlanSnapIndicatorLayer.tsx [Client Component SSR]
    ./apps/portal/components/drawings/viewports/PlanViewport/canvas/PlanCanvas.tsx [Client Component SSR]
    ./apps/portal/components/drawings/viewports/PlanViewport/PlanViewport.tsx [Client Component SSR]
    ./apps/portal/components/drawings/workbench/WorkbenchViewportHost.tsx [Client Component SSR]
    ./apps/portal/components/drawings/workbench/DrawingWorkbench.tsx [Client Component SSR]
    ./apps/portal/components/projects/ProjectPage/tabs/EstimatesTab.tsx [Client Component SSR]
    ./apps/portal/components/projects/ProjectPage/ProjectMainTabs.tsx [Client Component SSR]
    ./apps/portal/components/projects/ProjectPage/ProjectPageShell.tsx [Client Component SSR]
    ./apps/portal/components/projects/ProjectPage/ProjectPageFrame.tsx [Client Component SSR]
    ./apps/portal/app/staff/projects/[projectId]/ProjectSnapshotPageClient.tsx [Client Component SSR]
    ./apps/portal/app/staff/projects/[projectId]/ProjectSnapshotPageClient.tsx [Server Component]
    ./apps/portal/app/staff/projects/[projectId]/page.tsx [Server Component] @ http://localhost:3001/_next/static/chunks/node_modules_next_dist_115brz8._.js:3272
[48035991ms] [ERROR] ./apps/portal/components/drawings/viewports/PlanViewport/canvas/layers/PlanSnapIndicatorLayer.tsx:103:1
Expected ',', got 'function'
  101 | }
  102 |
> 103 | function translatedEdgeMidpoint(
      | ^^^^^^^^
  104 |   sourcePolygonMm: ReadonlyArray<Point2>,
  105 |   edgeIndex: number,
  106 |   delta: Point2,

Parsing ecmascript source code failed

Import traces:
  Client Component Browser:
    ./apps/portal/components/drawings/viewports/PlanViewport/canvas/layers/PlanSnapIndicatorLayer.tsx [Client Component Browser]
    ./apps/portal/components/drawings/viewports/PlanViewport/canvas/PlanCanvas.tsx [Client Component Browser]
    ./apps/portal/components/drawings/viewports/PlanViewport/PlanViewport.tsx [Client Component Browser]
    ./apps/portal/components/drawings/workbench/WorkbenchViewportHost.tsx [Client Component Browser]
    ./apps/portal/components/drawings/workbench/DrawingWorkbench.tsx [Client Component Browser]
    ./apps/portal/components/projects/ProjectPage/tabs/EstimatesTab.tsx [Client Component Browser]
    ./apps/portal/components/projects/ProjectPage/ProjectMainTabs.tsx [Client Component Browser]
    ./apps/portal/components/projects/ProjectPage/ProjectPageShell.tsx [Client Component Browser]
    ./apps/portal/components/projects/ProjectPage/ProjectPageFrame.tsx [Client Component Browser]
    ./apps/portal/app/staff/projects/[projectId]/ProjectSnapshotPageClient.tsx [Client Component Browser]
    ./apps/portal/app/staff/projects/[projectId]/ProjectSnapshotPageClient.tsx [Server Component]
    ./apps/portal/app/staff/projects/[projectId]/page.tsx [Server Component]

  Client Component SSR:
    ./apps/portal/components/drawings/viewports/PlanViewport/canvas/layers/PlanSnapIndicatorLayer.tsx [Client Component SSR]
    ./apps/portal/components/drawings/viewports/PlanViewport/canvas/PlanCanvas.tsx [Client Component SSR]
    ./apps/portal/components/drawings/viewports/PlanViewport/PlanViewport.tsx [Client Component SSR]
    ./apps/portal/components/drawings/workbench/WorkbenchViewportHost.tsx [Client Component SSR]
    ./apps/portal/components/drawings/workbench/DrawingWorkbench.tsx [Client Component SSR]
    ./apps/portal/components/projects/ProjectPage/tabs/EstimatesTab.tsx [Client Component SSR]
    ./apps/portal/components/projects/ProjectPage/ProjectMainTabs.tsx [Client Component SSR]
    ./apps/portal/components/projects/ProjectPage/ProjectPageShell.tsx [Client Component SSR]
    ./apps/portal/components/projects/ProjectPage/ProjectPageFrame.tsx [Client Component SSR]
    ./apps/portal/app/staff/projects/[projectId]/ProjectSnapshotPageClient.tsx [Client Component SSR]
    ./apps/portal/app/staff/projects/[projectId]/ProjectSnapshotPageClient.tsx [Server Component]
    ./apps/portal/app/staff/projects/[projectId]/page.tsx [Server Component] @ http://localhost:3001/_next/static/chunks/node_modules_next_dist_115brz8._.js:3272
[48035992ms] [ERROR] ./apps/portal/components/drawings/viewports/PlanViewport/canvas/layers/PlanSnapIndicatorLayer.tsx:103:1
Expected ',', got 'function'
  101 | }
  102 |
> 103 | function translatedEdgeMidpoint(
      | ^^^^^^^^
  104 |   sourcePolygonMm: ReadonlyArray<Point2>,
  105 |   edgeIndex: number,
  106 |   delta: Point2,

Parsing ecmascript source code failed

Import traces:
  Client Component Browser:
    ./apps/portal/components/drawings/viewports/PlanViewport/canvas/layers/PlanSnapIndicatorLayer.tsx [Client Component Browser]
    ./apps/portal/components/drawings/viewports/PlanViewport/canvas/PlanCanvas.tsx [Client Component Browser]
    ./apps/portal/components/drawings/viewports/PlanViewport/PlanViewport.tsx [Client Component Browser]
    ./apps/portal/components/drawings/workbench/WorkbenchViewportHost.tsx [Client Component Browser]
    ./apps/portal/components/drawings/workbench/DrawingWorkbench.tsx [Client Component Browser]
    ./apps/portal/components/projects/ProjectPage/tabs/EstimatesTab.tsx [Client Component Browser]
    ./apps/portal/components/projects/ProjectPage/ProjectMainTabs.tsx [Client Component Browser]
    ./apps/portal/components/projects/ProjectPage/ProjectPageShell.tsx [Client Component Browser]
    ./apps/portal/components/projects/ProjectPage/ProjectPageFrame.tsx [Client Component Browser]
    ./apps/portal/app/staff/projects/[projectId]/ProjectSnapshotPageClient.tsx [Client Component Browser]
    ./apps/portal/app/staff/projects/[projectId]/ProjectSnapshotPageClient.tsx [Server Component]
    ./apps/portal/app/staff/projects/[projectId]/page.tsx [Server Component]

  Client Component SSR:
    ./apps/portal/components/drawings/viewports/PlanViewport/canvas/layers/PlanSnapIndicatorLayer.tsx [Client Component SSR]
    ./apps/portal/components/drawings/viewports/PlanViewport/canvas/PlanCanvas.tsx [Client Component SSR]
    ./apps/portal/components/drawings/viewports/PlanViewport/PlanViewport.tsx [Client Component SSR]
    ./apps/portal/components/drawings/workbench/WorkbenchViewportHost.tsx [Client Component SSR]
    ./apps/portal/components/drawings/workbench/DrawingWorkbench.tsx [Client Component SSR]
    ./apps/portal/components/projects/ProjectPage/tabs/EstimatesTab.tsx [Client Component SSR]
    ./apps/portal/components/projects/ProjectPage/ProjectMainTabs.tsx [Client Component SSR]
    ./apps/portal/components/projects/ProjectPage/ProjectPageShell.tsx [Client Component SSR]
    ./apps/portal/components/projects/ProjectPage/ProjectPageFrame.tsx [Client Component SSR]
    ./apps/portal/app/staff/projects/[projectId]/ProjectSnapshotPageClient.tsx [Client Component SSR]
    ./apps/portal/app/staff/projects/[projectId]/ProjectSnapshotPageClient.tsx [Server Component]
    ./apps/portal/app/staff/projects/[projectId]/page.tsx [Server Component] @ http://localhost:3001/_next/static/chunks/node_modules_next_dist_115brz8._.js:3272
[48035992ms] [ERROR] ./apps/portal/components/drawings/viewports/PlanViewport/canvas/layers/PlanSnapIndicatorLayer.tsx:103:1
Expected ',', got 'function'
  101 | }
  102 |
> 103 | function translatedEdgeMidpoint(
      | ^^^^^^^^
  104 |   sourcePolygonMm: ReadonlyArray<Point2>,
  105 |   edgeIndex: number,
  106 |   delta: Point2,

Parsing ecmascript source code failed

Import traces:
  Client Component Browser:
    ./apps/portal/components/drawings/viewports/PlanViewport/canvas/layers/PlanSnapIndicatorLayer.tsx [Client Component Browser]
    ./apps/portal/components/drawings/viewports/PlanViewport/canvas/PlanCanvas.tsx [Client Component Browser]
    ./apps/portal/components/drawings/viewports/PlanViewport/PlanViewport.tsx [Client Component Browser]
    ./apps/portal/components/drawings/workbench/WorkbenchViewportHost.tsx [Client Component Browser]
    ./apps/portal/components/drawings/workbench/DrawingWorkbench.tsx [Client Component Browser]
    ./apps/portal/components/projects/ProjectPage/tabs/EstimatesTab.tsx [Client Component Browser]
    ./apps/portal/components/projects/ProjectPage/ProjectMainTabs.tsx [Client Component Browser]
    ./apps/portal/components/projects/ProjectPage/ProjectPageShell.tsx [Client Component Browser]
    ./apps/portal/components/projects/ProjectPage/ProjectPageFrame.tsx [Client Component Browser]
    ./apps/portal/app/staff/projects/[projectId]/ProjectSnapshotPageClient.tsx [Client Component Browser]
    ./apps/portal/app/staff/projects/[projectId]/ProjectSnapshotPageClient.tsx [Server Component]
    ./apps/portal/app/staff/projects/[projectId]/page.tsx [Server Component]

  Client Component SSR:
    ./apps/portal/components/drawings/viewports/PlanViewport/canvas/layers/PlanSnapIndicatorLayer.tsx [Client Component SSR]
    ./apps/portal/components/drawings/viewports/PlanViewport/canvas/PlanCanvas.tsx [Client Component SSR]
    ./apps/portal/components/drawings/viewports/PlanViewport/PlanViewport.tsx [Client Component SSR]
    ./apps/portal/components/drawings/workbench/WorkbenchViewportHost.tsx [Client Component SSR]
    ./apps/portal/components/drawings/workbench/DrawingWorkbench.tsx [Client Component SSR]
    ./apps/portal/components/projects/ProjectPage/tabs/EstimatesTab.tsx [Client Component SSR]
    ./apps/portal/components/projects/ProjectPage/ProjectMainTabs.tsx [Client Component SSR]
    ./apps/portal/components/projects/ProjectPage/ProjectPageShell.tsx [Client Component SSR]
    ./apps/portal/components/projects/ProjectPage/ProjectPageFrame.tsx [Client Component SSR]
    ./apps/portal/app/staff/projects/[projectId]/ProjectSnapshotPageClient.tsx [Client Component SSR]
    ./apps/portal/app/staff/projects/[projectId]/ProjectSnapshotPageClient.tsx [Server Component]
    ./apps/portal/app/staff/projects/[projectId]/page.tsx [Server Component] @ http://localhost:3001/_next/static/chunks/node_modules_next_dist_115brz8._.js:3272
[48035993ms] [ERROR] ./apps/portal/components/drawings/viewports/PlanViewport/canvas/layers/PlanSnapIndicatorLayer.tsx:103:1
Expected ',', got 'function'
  101 | }
  102 |
> 103 | function translatedEdgeMidpoint(
      | ^^^^^^^^
  104 |   sourcePolygonMm: ReadonlyArray<Point2>,
  105 |   edgeIndex: number,
  106 |   delta: Point2,

Parsing ecmascript source code failed

Import traces:
  Client Component Browser:
    ./apps/portal/components/drawings/viewports/PlanViewport/canvas/layers/PlanSnapIndicatorLayer.tsx [Client Component Browser]
    ./apps/portal/components/drawings/viewports/PlanViewport/canvas/PlanCanvas.tsx [Client Component Browser]
    ./apps/portal/components/drawings/viewports/PlanViewport/PlanViewport.tsx [Client Component Browser]
    ./apps/portal/components/drawings/workbench/WorkbenchViewportHost.tsx [Client Component Browser]
    ./apps/portal/components/drawings/workbench/DrawingWorkbench.tsx [Client Component Browser]
    ./apps/portal/components/projects/ProjectPage/tabs/EstimatesTab.tsx [Client Component Browser]
    ./apps/portal/components/projects/ProjectPage/ProjectMainTabs.tsx [Client Component Browser]
    ./apps/portal/components/projects/ProjectPage/ProjectPageShell.tsx [Client Component Browser]
    ./apps/portal/components/projects/ProjectPage/ProjectPageFrame.tsx [Client Component Browser]
    ./apps/portal/app/staff/projects/[projectId]/ProjectSnapshotPageClient.tsx [Client Component Browser]
    ./apps/portal/app/staff/projects/[projectId]/ProjectSnapshotPageClient.tsx [Server Component]
    ./apps/portal/app/staff/projects/[projectId]/page.tsx [Server Component]

  Client Component SSR:
    ./apps/portal/components/drawings/viewports/PlanViewport/canvas/layers/PlanSnapIndicatorLayer.tsx [Client Component SSR]
    ./apps/portal/components/drawings/viewports/PlanViewport/canvas/PlanCanvas.tsx [Client Component SSR]
    ./apps/portal/components/drawings/viewports/PlanViewport/PlanViewport.tsx [Client Component SSR]
    ./apps/portal/components/drawings/workbench/WorkbenchViewportHost.tsx [Client Component SSR]
    ./apps/portal/components/drawings/workbench/DrawingWorkbench.tsx [Client Component SSR]
    ./apps/portal/components/projects/ProjectPage/tabs/EstimatesTab.tsx [Client Component SSR]
    ./apps/portal/components/projects/ProjectPage/ProjectMainTabs.tsx [Client Component SSR]
    ./apps/portal/components/projects/ProjectPage/ProjectPageShell.tsx [Client Component SSR]
    ./apps/portal/components/projects/ProjectPage/ProjectPageFrame.tsx [Client Component SSR]
    ./apps/portal/app/staff/projects/[projectId]/ProjectSnapshotPageClient.tsx [Client Component SSR]
    ./apps/portal/app/staff/projects/[projectId]/ProjectSnapshotPageClient.tsx [Server Component]
    ./apps/portal/app/staff/projects/[projectId]/page.tsx [Server Component] @ http://localhost:3001/_next/static/chunks/node_modules_next_dist_115brz8._.js:3272
[48035993ms] [LOG] [Fast Refresh] rebuilding @ http://localhost:3001/_next/static/chunks/node_modules_next_dist_115brz8._.js:2431
[48036001ms] [LOG] [Fast Refresh] done in 6ms @ http://localhost:3001/_next/static/chunks/node_modules_next_dist_115brz8._.js:2431
[48036012ms] [LOG] [Fast Refresh] rebuilding @ http://localhost:3001/_next/static/chunks/node_modules_next_dist_115brz8._.js:2431
[48036015ms] [WARNING] THREE.THREE.Clock: This module has been deprecated. Please use THREE.Timer instead. @ http://localhost:3001/_next/static/chunks/node_modules_next_dist_115brz8._.js:2431
[48036035ms] [ERROR] ./apps/portal/components/drawings/viewports/PlanViewport/canvas/layers/PlanSnapIndicatorLayer.tsx:178:1
Expected ',', got '<eof>'
  176 |   );
  177 | }
> 178 |
      | ^

Parsing ecmascript source code failed

Import traces:
  Client Component Browser:
    ./apps/portal/components/drawings/viewports/PlanViewport/canvas/layers/PlanSnapIndicatorLayer.tsx [Client Component Browser]
    ./apps/portal/components/drawings/viewports/PlanViewport/canvas/PlanCanvas.tsx [Client Component Browser]
    ./apps/portal/components/drawings/viewports/PlanViewport/PlanViewport.tsx [Client Component Browser]
    ./apps/portal/components/drawings/workbench/WorkbenchViewportHost.tsx [Client Component Browser]
    ./apps/portal/components/drawings/workbench/DrawingWorkbench.tsx [Client Component Browser]
    ./apps/portal/components/projects/ProjectPage/tabs/EstimatesTab.tsx [Client Component Browser]
    ./apps/portal/components/projects/ProjectPage/ProjectMainTabs.tsx [Client Component Browser]
    ./apps/portal/components/projects/ProjectPage/ProjectPageShell.tsx [Client Component Browser]
    ./apps/portal/components/projects/ProjectPage/ProjectPageFrame.tsx [Client Component Browser]
    ./apps/portal/app/staff/projects/[projectId]/ProjectSnapshotPageClient.tsx [Client Component Browser]
    ./apps/portal/app/staff/projects/[projectId]/ProjectSnapshotPageClient.tsx [Server Component]
    ./apps/portal/app/staff/projects/[projectId]/page.tsx [Server Component]

  Client Component SSR:
    ./apps/portal/components/drawings/viewports/PlanViewport/canvas/layers/PlanSnapIndicatorLayer.tsx [Client Component SSR]
    ./apps/portal/components/drawings/viewports/PlanViewport/canvas/PlanCanvas.tsx [Client Component SSR]
    ./apps/portal/components/drawings/viewports/PlanViewport/PlanViewport.tsx [Client Component SSR]
    ./apps/portal/components/drawings/workbench/WorkbenchViewportHost.tsx [Client Component SSR]
    ./apps/portal/components/drawings/workbench/DrawingWorkbench.tsx [Client Component SSR]
    ./apps/portal/components/projects/ProjectPage/tabs/EstimatesTab.tsx [Client Component SSR]
    ./apps/portal/components/projects/ProjectPage/ProjectMainTabs.tsx [Client Component SSR]
    ./apps/portal/components/projects/ProjectPage/ProjectPageShell.tsx [Client Component SSR]
    ./apps/portal/components/projects/ProjectPage/ProjectPageFrame.tsx [Client Component SSR]
    ./apps/portal/app/staff/projects/[projectId]/ProjectSnapshotPageClient.tsx [Client Component SSR]
    ./apps/portal/app/staff/projects/[projectId]/ProjectSnapshotPageClient.tsx [Server Component]
    ./apps/portal/app/staff/projects/[projectId]/page.tsx [Server Component] @ http://localhost:3001/_next/static/chunks/node_modules_next_dist_115brz8._.js:3272
[48036036ms] [ERROR] ./apps/portal/components/drawings/viewports/PlanViewport/canvas/layers/PlanSnapIndicatorLayer.tsx:178:1
Expected ',', got '<eof>'
  176 |   );
  177 | }
> 178 |
      | ^

Parsing ecmascript source code failed

Import traces:
  Client Component Browser:
    ./apps/portal/components/drawings/viewports/PlanViewport/canvas/layers/PlanSnapIndicatorLayer.tsx [Client Component Browser]
    ./apps/portal/components/drawings/viewports/PlanViewport/canvas/PlanCanvas.tsx [Client Component Browser]
    ./apps/portal/components/drawings/viewports/PlanViewport/PlanViewport.tsx [Client Component Browser]
    ./apps/portal/components/drawings/workbench/WorkbenchViewportHost.tsx [Client Component Browser]
    ./apps/portal/components/drawings/workbench/DrawingWorkbench.tsx [Client Component Browser]
    ./apps/portal/components/projects/ProjectPage/tabs/EstimatesTab.tsx [Client Component Browser]
    ./apps/portal/components/projects/ProjectPage/ProjectMainTabs.tsx [Client Component Browser]
    ./apps/portal/components/projects/ProjectPage/ProjectPageShell.tsx [Client Component Browser]
    ./apps/portal/components/projects/ProjectPage/ProjectPageFrame.tsx [Client Component Browser]
    ./apps/portal/app/staff/projects/[projectId]/ProjectSnapshotPageClient.tsx [Client Component Browser]
    ./apps/portal/app/staff/projects/[projectId]/ProjectSnapshotPageClient.tsx [Server Component]
    ./apps/portal/app/staff/projects/[projectId]/page.tsx [Server Component]

  Client Component SSR:
    ./apps/portal/components/drawings/viewports/PlanViewport/canvas/layers/PlanSnapIndicatorLayer.tsx [Client Component SSR]
    ./apps/portal/components/drawings/viewports/PlanViewport/canvas/PlanCanvas.tsx [Client Component SSR]
    ./apps/portal/components/drawings/viewports/PlanViewport/PlanViewport.tsx [Client Component SSR]
    ./apps/portal/components/drawings/workbench/WorkbenchViewportHost.tsx [Client Component SSR]
    ./apps/portal/components/drawings/workbench/DrawingWorkbench.tsx [Client Component SSR]
    ./apps/portal/components/projects/ProjectPage/tabs/EstimatesTab.tsx [Client Component SSR]
    ./apps/portal/components/projects/ProjectPage/ProjectMainTabs.tsx [Client Component SSR]
    ./apps/portal/components/projects/ProjectPage/ProjectPageShell.tsx [Client Component SSR]
    ./apps/portal/components/projects/ProjectPage/ProjectPageFrame.tsx [Client Component SSR]
    ./apps/portal/app/staff/projects/[projectId]/ProjectSnapshotPageClient.tsx [Client Component SSR]
    ./apps/portal/app/staff/projects/[projectId]/ProjectSnapshotPageClient.tsx [Server Component]
    ./apps/portal/app/staff/projects/[projectId]/page.tsx [Server Component] @ http://localhost:3001/_next/static/chunks/node_modules_next_dist_115brz8._.js:3272
[48036037ms] [ERROR] ./apps/portal/components/drawings/viewports/PlanViewport/canvas/layers/PlanSnapIndicatorLayer.tsx:178:1
Expected ',', got '<eof>'
  176 |   );
  177 | }
> 178 |
      | ^

Parsing ecmascript source code failed

Import traces:
  Client Component Browser:
    ./apps/portal/components/drawings/viewports/PlanViewport/canvas/layers/PlanSnapIndicatorLayer.tsx [Client Component Browser]
    ./apps/portal/components/drawings/viewports/PlanViewport/canvas/PlanCanvas.tsx [Client Component Browser]
    ./apps/portal/components/drawings/viewports/PlanViewport/PlanViewport.tsx [Client Component Browser]
    ./apps/portal/components/drawings/workbench/WorkbenchViewportHost.tsx [Client Component Browser]
    ./apps/portal/components/drawings/workbench/DrawingWorkbench.tsx [Client Component Browser]
    ./apps/portal/components/projects/ProjectPage/tabs/EstimatesTab.tsx [Client Component Browser]
    ./apps/portal/components/projects/ProjectPage/ProjectMainTabs.tsx [Client Component Browser]
    ./apps/portal/components/projects/ProjectPage/ProjectPageShell.tsx [Client Component Browser]
    ./apps/portal/components/projects/ProjectPage/ProjectPageFrame.tsx [Client Component Browser]
    ./apps/portal/app/staff/projects/[projectId]/ProjectSnapshotPageClient.tsx [Client Component Browser]
    ./apps/portal/app/staff/projects/[projectId]/ProjectSnapshotPageClient.tsx [Server Component]
    ./apps/portal/app/staff/projects/[projectId]/page.tsx [Server Component]

  Client Component SSR:
    ./apps/portal/components/drawings/viewports/PlanViewport/canvas/layers/PlanSnapIndicatorLayer.tsx [Client Component SSR]
    ./apps/portal/components/drawings/viewports/PlanViewport/canvas/PlanCanvas.tsx [Client Component SSR]
    ./apps/portal/components/drawings/viewports/PlanViewport/PlanViewport.tsx [Client Component SSR]
    ./apps/portal/components/drawings/workbench/WorkbenchViewportHost.tsx [Client Component SSR]
    ./apps/portal/components/drawings/workbench/DrawingWorkbench.tsx [Client Component SSR]
    ./apps/portal/components/projects/ProjectPage/tabs/EstimatesTab.tsx [Client Component SSR]
    ./apps/portal/components/projects/ProjectPage/ProjectMainTabs.tsx [Client Component SSR]
    ./apps/portal/components/projects/ProjectPage/ProjectPageShell.tsx [Client Component SSR]
    ./apps/portal/components/projects/ProjectPage/ProjectPageFrame.tsx [Client Component SSR]
    ./apps/portal/app/staff/projects/[projectId]/ProjectSnapshotPageClient.tsx [Client Component SSR]
    ./apps/portal/app/staff/projects/[projectId]/ProjectSnapshotPageClient.tsx [Server Component]
    ./apps/portal/app/staff/projects/[projectId]/page.tsx [Server Component] @ http://localhost:3001/_next/static/chunks/node_modules_next_dist_115brz8._.js:3272
[48036037ms] [ERROR] ./apps/portal/components/drawings/viewports/PlanViewport/canvas/layers/PlanSnapIndicatorLayer.tsx:178:1
Expected ',', got '<eof>'
  176 |   );
  177 | }
> 178 |
      | ^

Parsing ecmascript source code failed

Import traces:
  Client Component Browser:
    ./apps/portal/components/drawings/viewports/PlanViewport/canvas/layers/PlanSnapIndicatorLayer.tsx [Client Component Browser]
    ./apps/portal/components/drawings/viewports/PlanViewport/canvas/PlanCanvas.tsx [Client Component Browser]
    ./apps/portal/components/drawings/viewports/PlanViewport/PlanViewport.tsx [Client Component Browser]
    ./apps/portal/components/drawings/workbench/WorkbenchViewportHost.tsx [Client Component Browser]
    ./apps/portal/components/drawings/workbench/DrawingWorkbench.tsx [Client Component Browser]
    ./apps/portal/components/projects/ProjectPage/tabs/EstimatesTab.tsx [Client Component Browser]
    ./apps/portal/components/projects/ProjectPage/ProjectMainTabs.tsx [Client Component Browser]
    ./apps/portal/components/projects/ProjectPage/ProjectPageShell.tsx [Client Component Browser]
    ./apps/portal/components/projects/ProjectPage/ProjectPageFrame.tsx [Client Component Browser]
    ./apps/portal/app/staff/projects/[projectId]/ProjectSnapshotPageClient.tsx [Client Component Browser]
    ./apps/portal/app/staff/projects/[projectId]/ProjectSnapshotPageClient.tsx [Server Component]
    ./apps/portal/app/staff/projects/[projectId]/page.tsx [Server Component]

  Client Component SSR:
    ./apps/portal/components/drawings/viewports/PlanViewport/canvas/layers/PlanSnapIndicatorLayer.tsx [Client Component SSR]
    ./apps/portal/components/drawings/viewports/PlanViewport/canvas/PlanCanvas.tsx [Client Component SSR]
    ./apps/portal/components/drawings/viewports/PlanViewport/PlanViewport.tsx [Client Component SSR]
    ./apps/portal/components/drawings/workbench/WorkbenchViewportHost.tsx [Client Component SSR]
    ./apps/portal/components/drawings/workbench/DrawingWorkbench.tsx [Client Component SSR]
    ./apps/portal/components/projects/ProjectPage/tabs/EstimatesTab.tsx [Client Component SSR]
    ./apps/portal/components/projects/ProjectPage/ProjectMainTabs.tsx [Client Component SSR]
    ./apps/portal/components/projects/ProjectPage/ProjectPageShell.tsx [Client Component SSR]
    ./apps/portal/components/projects/ProjectPage/ProjectPageFrame.tsx [Client Component SSR]
    ./apps/portal/app/staff/projects/[projectId]/ProjectSnapshotPageClient.tsx [Client Component SSR]
    ./apps/portal/app/staff/projects/[projectId]/ProjectSnapshotPageClient.tsx [Server Component]
    ./apps/portal/app/staff/projects/[projectId]/page.tsx [Server Component] @ http://localhost:3001/_next/static/chunks/node_modules_next_dist_115brz8._.js:3272
[48036038ms] [ERROR] ./apps/portal/components/drawings/viewports/PlanViewport/canvas/layers/PlanSnapIndicatorLayer.tsx:178:1
Expected ',', got '<eof>'
  176 |   );
  177 | }
> 178 |
      | ^

Parsing ecmascript source code failed

Import traces:
  Client Component Browser:
    ./apps/portal/components/drawings/viewports/PlanViewport/canvas/layers/PlanSnapIndicatorLayer.tsx [Client Component Browser]
    ./apps/portal/components/drawings/viewports/PlanViewport/canvas/PlanCanvas.tsx [Client Component Browser]
    ./apps/portal/components/drawings/viewports/PlanViewport/PlanViewport.tsx [Client Component Browser]
    ./apps/portal/components/drawings/workbench/WorkbenchViewportHost.tsx [Client Component Browser]
    ./apps/portal/components/drawings/workbench/DrawingWorkbench.tsx [Client Component Browser]
    ./apps/portal/components/projects/ProjectPage/tabs/EstimatesTab.tsx [Client Component Browser]
    ./apps/portal/components/projects/ProjectPage/ProjectMainTabs.tsx [Client Component Browser]
    ./apps/portal/components/projects/ProjectPage/ProjectPageShell.tsx [Client Component Browser]
    ./apps/portal/components/projects/ProjectPage/ProjectPageFrame.tsx [Client Component Browser]
    ./apps/portal/app/staff/projects/[projectId]/ProjectSnapshotPageClient.tsx [Client Component Browser]
    ./apps/portal/app/staff/projects/[projectId]/ProjectSnapshotPageClient.tsx [Server Component]
    ./apps/portal/app/staff/projects/[projectId]/page.tsx [Server Component]

  Client Component SSR:
    ./apps/portal/components/drawings/viewports/PlanViewport/canvas/layers/PlanSnapIndicatorLayer.tsx [Client Component SSR]
    ./apps/portal/components/drawings/viewports/PlanViewport/canvas/PlanCanvas.tsx [Client Component SSR]
    ./apps/portal/components/drawings/viewports/PlanViewport/PlanViewport.tsx [Client Component SSR]
    ./apps/portal/components/drawings/workbench/WorkbenchViewportHost.tsx [Client Component SSR]
    ./apps/portal/components/drawings/workbench/DrawingWorkbench.tsx [Client Component SSR]
    ./apps/portal/components/projects/ProjectPage/tabs/EstimatesTab.tsx [Client Component SSR]
    ./apps/portal/components/projects/ProjectPage/ProjectMainTabs.tsx [Client Component SSR]
    ./apps/portal/components/projects/ProjectPage/ProjectPageShell.tsx [Client Component SSR]
    ./apps/portal/components/projects/ProjectPage/ProjectPageFrame.tsx [Client Component SSR]
    ./apps/portal/app/staff/projects/[projectId]/ProjectSnapshotPageClient.tsx [Client Component SSR]
    ./apps/portal/app/staff/projects/[projectId]/ProjectSnapshotPageClient.tsx [Server Component]
    ./apps/portal/app/staff/projects/[projectId]/page.tsx [Server Component] @ http://localhost:3001/_next/static/chunks/node_modules_next_dist_115brz8._.js:3272
[48036038ms] [ERROR] ./apps/portal/components/drawings/viewports/PlanViewport/canvas/layers/PlanSnapIndicatorLayer.tsx:178:1
Expected ',', got '<eof>'
  176 |   );
  177 | }
> 178 |
      | ^

Parsing ecmascript source code failed

Import traces:
  Client Component Browser:
    ./apps/portal/components/drawings/viewports/PlanViewport/canvas/layers/PlanSnapIndicatorLayer.tsx [Client Component Browser]
    ./apps/portal/components/drawings/viewports/PlanViewport/canvas/PlanCanvas.tsx [Client Component Browser]
    ./apps/portal/components/drawings/viewports/PlanViewport/PlanViewport.tsx [Client Component Browser]
    ./apps/portal/components/drawings/workbench/WorkbenchViewportHost.tsx [Client Component Browser]
    ./apps/portal/components/drawings/workbench/DrawingWorkbench.tsx [Client Component Browser]
    ./apps/portal/components/projects/ProjectPage/tabs/EstimatesTab.tsx [Client Component Browser]
    ./apps/portal/components/projects/ProjectPage/ProjectMainTabs.tsx [Client Component Browser]
    ./apps/portal/components/projects/ProjectPage/ProjectPageShell.tsx [Client Component Browser]
    ./apps/portal/components/projects/ProjectPage/ProjectPageFrame.tsx [Client Component Browser]
    ./apps/portal/app/staff/projects/[projectId]/ProjectSnapshotPageClient.tsx [Client Component Browser]
    ./apps/portal/app/staff/projects/[projectId]/ProjectSnapshotPageClient.tsx [Server Component]
    ./apps/portal/app/staff/projects/[projectId]/page.tsx [Server Component]

  Client Component SSR:
    ./apps/portal/components/drawings/viewports/PlanViewport/canvas/layers/PlanSnapIndicatorLayer.tsx [Client Component SSR]
    ./apps/portal/components/drawings/viewports/PlanViewport/canvas/PlanCanvas.tsx [Client Component SSR]
    ./apps/portal/components/drawings/viewports/PlanViewport/PlanViewport.tsx [Client Component SSR]
    ./apps/portal/components/drawings/workbench/WorkbenchViewportHost.tsx [Client Component SSR]
    ./apps/portal/components/drawings/workbench/DrawingWorkbench.tsx [Client Component SSR]
    ./apps/portal/components/projects/ProjectPage/tabs/EstimatesTab.tsx [Client Component SSR]
    ./apps/portal/components/projects/ProjectPage/ProjectMainTabs.tsx [Client Component SSR]
    ./apps/portal/components/projects/ProjectPage/ProjectPageShell.tsx [Client Component SSR]
    ./apps/portal/components/projects/ProjectPage/ProjectPageFrame.tsx [Client Component SSR]
    ./apps/portal/app/staff/projects/[projectId]/ProjectSnapshotPageClient.tsx [Client Component SSR]
    ./apps/portal/app/staff/projects/[projectId]/ProjectSnapshotPageClient.tsx [Server Component]
    ./apps/portal/app/staff/projects/[projectId]/page.tsx [Server Component] @ http://localhost:3001/_next/static/chunks/node_modules_next_dist_115brz8._.js:3272
[48036039ms] [ERROR] ./apps/portal/components/drawings/viewports/PlanViewport/canvas/layers/PlanSnapIndicatorLayer.tsx:178:1
Expected ',', got '<eof>'
  176 |   );
  177 | }
> 178 |
      | ^

Parsing ecmascript source code failed

Import traces:
  Client Component Browser:
    ./apps/portal/components/drawings/viewports/PlanViewport/canvas/layers/PlanSnapIndicatorLayer.tsx [Client Component Browser]
    ./apps/portal/components/drawings/viewports/PlanViewport/canvas/PlanCanvas.tsx [Client Component Browser]
    ./apps/portal/components/drawings/viewports/PlanViewport/PlanViewport.tsx [Client Component Browser]
    ./apps/portal/components/drawings/workbench/WorkbenchViewportHost.tsx [Client Component Browser]
    ./apps/portal/components/drawings/workbench/DrawingWorkbench.tsx [Client Component Browser]
    ./apps/portal/components/projects/ProjectPage/tabs/EstimatesTab.tsx [Client Component Browser]
    ./apps/portal/components/projects/ProjectPage/ProjectMainTabs.tsx [Client Component Browser]
    ./apps/portal/components/projects/ProjectPage/ProjectPageShell.tsx [Client Component Browser]
    ./apps/portal/components/projects/ProjectPage/ProjectPageFrame.tsx [Client Component Browser]
    ./apps/portal/app/staff/projects/[projectId]/ProjectSnapshotPageClient.tsx [Client Component Browser]
    ./apps/portal/app/staff/projects/[projectId]/ProjectSnapshotPageClient.tsx [Server Component]
    ./apps/portal/app/staff/projects/[projectId]/page.tsx [Server Component]

  Client Component SSR:
    ./apps/portal/components/drawings/viewports/PlanViewport/canvas/layers/PlanSnapIndicatorLayer.tsx [Client Component SSR]
    ./apps/portal/components/drawings/viewports/PlanViewport/canvas/PlanCanvas.tsx [Client Component SSR]
    ./apps/portal/components/drawings/viewports/PlanViewport/PlanViewport.tsx [Client Component SSR]
    ./apps/portal/components/drawings/workbench/WorkbenchViewportHost.tsx [Client Component SSR]
    ./apps/portal/components/drawings/workbench/DrawingWorkbench.tsx [Client Component SSR]
    ./apps/portal/components/projects/ProjectPage/tabs/EstimatesTab.tsx [Client Component SSR]
    ./apps/portal/components/projects/ProjectPage/ProjectMainTabs.tsx [Client Component SSR]
    ./apps/portal/components/projects/ProjectPage/ProjectPageShell.tsx [Client Component SSR]
    ./apps/portal/components/projects/ProjectPage/ProjectPageFrame.tsx [Client Component SSR]
    ./apps/portal/app/staff/projects/[projectId]/ProjectSnapshotPageClient.tsx [Client Component SSR]
    ./apps/portal/app/staff/projects/[projectId]/ProjectSnapshotPageClient.tsx [Server Component]
    ./apps/portal/app/staff/projects/[projectId]/page.tsx [Server Component] @ http://localhost:3001/_next/static/chunks/node_modules_next_dist_115brz8._.js:3272
[48036039ms] [ERROR] ./apps/portal/components/drawings/viewports/PlanViewport/canvas/layers/PlanSnapIndicatorLayer.tsx:178:1
Expected ',', got '<eof>'
  176 |   );
  177 | }
> 178 |
      | ^

Parsing ecmascript source code failed

Import traces:
  Client Component Browser:
    ./apps/portal/components/drawings/viewports/PlanViewport/canvas/layers/PlanSnapIndicatorLayer.tsx [Client Component Browser]
    ./apps/portal/components/drawings/viewports/PlanViewport/canvas/PlanCanvas.tsx [Client Component Browser]
    ./apps/portal/components/drawings/viewports/PlanViewport/PlanViewport.tsx [Client Component Browser]
    ./apps/portal/components/drawings/workbench/WorkbenchViewportHost.tsx [Client Component Browser]
    ./apps/portal/components/drawings/workbench/DrawingWorkbench.tsx [Client Component Browser]
    ./apps/portal/components/projects/ProjectPage/tabs/EstimatesTab.tsx [Client Component Browser]
    ./apps/portal/components/projects/ProjectPage/ProjectMainTabs.tsx [Client Component Browser]
    ./apps/portal/components/projects/ProjectPage/ProjectPageShell.tsx [Client Component Browser]
    ./apps/portal/components/projects/ProjectPage/ProjectPageFrame.tsx [Client Component Browser]
    ./apps/portal/app/staff/projects/[projectId]/ProjectSnapshotPageClient.tsx [Client Component Browser]
    ./apps/portal/app/staff/projects/[projectId]/ProjectSnapshotPageClient.tsx [Server Component]
    ./apps/portal/app/staff/projects/[projectId]/page.tsx [Server Component]

  Client Component SSR:
    ./apps/portal/components/drawings/viewports/PlanViewport/canvas/layers/PlanSnapIndicatorLayer.tsx [Client Component SSR]
    ./apps/portal/components/drawings/viewports/PlanViewport/canvas/PlanCanvas.tsx [Client Component SSR]
    ./apps/portal/components/drawings/viewports/PlanViewport/PlanViewport.tsx [Client Component SSR]
    ./apps/portal/components/drawings/workbench/WorkbenchViewportHost.tsx [Client Component SSR]
    ./apps/portal/components/drawings/workbench/DrawingWorkbench.tsx [Client Component SSR]
    ./apps/portal/components/projects/ProjectPage/tabs/EstimatesTab.tsx [Client Component SSR]
    ./apps/portal/components/projects/ProjectPage/ProjectMainTabs.tsx [Client Component SSR]
    ./apps/portal/components/projects/ProjectPage/ProjectPageShell.tsx [Client Component SSR]
    ./apps/portal/components/projects/ProjectPage/ProjectPageFrame.tsx [Client Component SSR]
    ./apps/portal/app/staff/projects/[projectId]/ProjectSnapshotPageClient.tsx [Client Component SSR]
    ./apps/portal/app/staff/projects/[projectId]/ProjectSnapshotPageClient.tsx [Server Component]
    ./apps/portal/app/staff/projects/[projectId]/page.tsx [Server Component] @ http://localhost:3001/_next/static/chunks/node_modules_next_dist_115brz8._.js:3272
[48036039ms] [ERROR] ./apps/portal/components/drawings/viewports/PlanViewport/canvas/layers/PlanSnapIndicatorLayer.tsx:178:1
Expected ',', got '<eof>'
  176 |   );
  177 | }
> 178 |
      | ^

Parsing ecmascript source code failed

Import traces:
  Client Component Browser:
    ./apps/portal/components/drawings/viewports/PlanViewport/canvas/layers/PlanSnapIndicatorLayer.tsx [Client Component Browser]
    ./apps/portal/components/drawings/viewports/PlanViewport/canvas/PlanCanvas.tsx [Client Component Browser]
    ./apps/portal/components/drawings/viewports/PlanViewport/PlanViewport.tsx [Client Component Browser]
    ./apps/portal/components/drawings/workbench/WorkbenchViewportHost.tsx [Client Component Browser]
    ./apps/portal/components/drawings/workbench/DrawingWorkbench.tsx [Client Component Browser]
    ./apps/portal/components/projects/ProjectPage/tabs/EstimatesTab.tsx [Client Component Browser]
    ./apps/portal/components/projects/ProjectPage/ProjectMainTabs.tsx [Client Component Browser]
    ./apps/portal/components/projects/ProjectPage/ProjectPageShell.tsx [Client Component Browser]
    ./apps/portal/components/projects/ProjectPage/ProjectPageFrame.tsx [Client Component Browser]
    ./apps/portal/app/staff/projects/[projectId]/ProjectSnapshotPageClient.tsx [Client Component Browser]
    ./apps/portal/app/staff/projects/[projectId]/ProjectSnapshotPageClient.tsx [Server Component]
    ./apps/portal/app/staff/projects/[projectId]/page.tsx [Server Component]

  Client Component SSR:
    ./apps/portal/components/drawings/viewports/PlanViewport/canvas/layers/PlanSnapIndicatorLayer.tsx [Client Component SSR]
    ./apps/portal/components/drawings/viewports/PlanViewport/canvas/PlanCanvas.tsx [Client Component SSR]
    ./apps/portal/components/drawings/viewports/PlanViewport/PlanViewport.tsx [Client Component SSR]
    ./apps/portal/components/drawings/workbench/WorkbenchViewportHost.tsx [Client Component SSR]
    ./apps/portal/components/drawings/workbench/DrawingWorkbench.tsx [Client Component SSR]
    ./apps/portal/components/projects/ProjectPage/tabs/EstimatesTab.tsx [Client Component SSR]
    ./apps/portal/components/projects/ProjectPage/ProjectMainTabs.tsx [Client Component SSR]
    ./apps/portal/components/projects/ProjectPage/ProjectPageShell.tsx [Client Component SSR]
    ./apps/portal/components/projects/ProjectPage/ProjectPageFrame.tsx [Client Component SSR]
    ./apps/portal/app/staff/projects/[projectId]/ProjectSnapshotPageClient.tsx [Client Component SSR]
    ./apps/portal/app/staff/projects/[projectId]/ProjectSnapshotPageClient.tsx [Server Component]
    ./apps/portal/app/staff/projects/[projectId]/page.tsx [Server Component] @ http://localhost:3001/_next/static/chunks/node_modules_next_dist_115brz8._.js:3272
[48036040ms] [ERROR] ./apps/portal/components/drawings/viewports/PlanViewport/canvas/layers/PlanSnapIndicatorLayer.tsx:178:1
Expected ',', got '<eof>'
  176 |   );
  177 | }
> 178 |
      | ^

Parsing ecmascript source code failed

Import traces:
  Client Component Browser:
    ./apps/portal/components/drawings/viewports/PlanViewport/canvas/layers/PlanSnapIndicatorLayer.tsx [Client Component Browser]
    ./apps/portal/components/drawings/viewports/PlanViewport/canvas/PlanCanvas.tsx [Client Component Browser]
    ./apps/portal/components/drawings/viewports/PlanViewport/PlanViewport.tsx [Client Component Browser]
    ./apps/portal/components/drawings/workbench/WorkbenchViewportHost.tsx [Client Component Browser]
    ./apps/portal/components/drawings/workbench/DrawingWorkbench.tsx [Client Component Browser]
    ./apps/portal/components/projects/ProjectPage/tabs/EstimatesTab.tsx [Client Component Browser]
    ./apps/portal/components/projects/ProjectPage/ProjectMainTabs.tsx [Client Component Browser]
    ./apps/portal/components/projects/ProjectPage/ProjectPageShell.tsx [Client Component Browser]
    ./apps/portal/components/projects/ProjectPage/ProjectPageFrame.tsx [Client Component Browser]
    ./apps/portal/app/staff/projects/[projectId]/ProjectSnapshotPageClient.tsx [Client Component Browser]
    ./apps/portal/app/staff/projects/[projectId]/ProjectSnapshotPageClient.tsx [Server Component]
    ./apps/portal/app/staff/projects/[projectId]/page.tsx [Server Component]

  Client Component SSR:
    ./apps/portal/components/drawings/viewports/PlanViewport/canvas/layers/PlanSnapIndicatorLayer.tsx [Client Component SSR]
    ./apps/portal/components/drawings/viewports/PlanViewport/canvas/PlanCanvas.tsx [Client Component SSR]
    ./apps/portal/components/drawings/viewports/PlanViewport/PlanViewport.tsx [Client Component SSR]
    ./apps/portal/components/drawings/workbench/WorkbenchViewportHost.tsx [Client Component SSR]
    ./apps/portal/components/drawings/workbench/DrawingWorkbench.tsx [Client Component SSR]
    ./apps/portal/components/projects/ProjectPage/tabs/EstimatesTab.tsx [Client Component SSR]
    ./apps/portal/components/projects/ProjectPage/ProjectMainTabs.tsx [Client Component SSR]
    ./apps/portal/components/projects/ProjectPage/ProjectPageShell.tsx [Client Component SSR]
    ./apps/portal/components/projects/ProjectPage/ProjectPageFrame.tsx [Client Component SSR]
    ./apps/portal/app/staff/projects/[projectId]/ProjectSnapshotPageClient.tsx [Client Component SSR]
    ./apps/portal/app/staff/projects/[projectId]/ProjectSnapshotPageClient.tsx [Server Component]
    ./apps/portal/app/staff/projects/[projectId]/page.tsx [Server Component] @ http://localhost:3001/_next/static/chunks/node_modules_next_dist_115brz8._.js:3272
[48036040ms] [ERROR] ./apps/portal/components/drawings/viewports/PlanViewport/canvas/layers/PlanSnapIndicatorLayer.tsx:178:1
Expected ',', got '<eof>'
  176 |   );
  177 | }
> 178 |
      | ^

Parsing ecmascript source code failed

Import traces:
  Client Component Browser:
    ./apps/portal/components/drawings/viewports/PlanViewport/canvas/layers/PlanSnapIndicatorLayer.tsx [Client Component Browser]
    ./apps/portal/components/drawings/viewports/PlanViewport/canvas/PlanCanvas.tsx [Client Component Browser]
    ./apps/portal/components/drawings/viewports/PlanViewport/PlanViewport.tsx [Client Component Browser]
    ./apps/portal/components/drawings/workbench/WorkbenchViewportHost.tsx [Client Component Browser]
    ./apps/portal/components/drawings/workbench/DrawingWorkbench.tsx [Client Component Browser]
    ./apps/portal/components/projects/ProjectPage/tabs/EstimatesTab.tsx [Client Component Browser]
    ./apps/portal/components/projects/ProjectPage/ProjectMainTabs.tsx [Client Component Browser]
    ./apps/portal/components/projects/ProjectPage/ProjectPageShell.tsx [Client Component Browser]
    ./apps/portal/components/projects/ProjectPage/ProjectPageFrame.tsx [Client Component Browser]
    ./apps/portal/app/staff/projects/[projectId]/ProjectSnapshotPageClient.tsx [Client Component Browser]
    ./apps/portal/app/staff/projects/[projectId]/ProjectSnapshotPageClient.tsx [Server Component]
    ./apps/portal/app/staff/projects/[projectId]/page.tsx [Server Component]

  Client Component SSR:
    ./apps/portal/components/drawings/viewports/PlanViewport/canvas/layers/PlanSnapIndicatorLayer.tsx [Client Component SSR]
    ./apps/portal/components/drawings/viewports/PlanViewport/canvas/PlanCanvas.tsx [Client Component SSR]
    ./apps/portal/components/drawings/viewports/PlanViewport/PlanViewport.tsx [Client Component SSR]
    ./apps/portal/components/drawings/workbench/WorkbenchViewportHost.tsx [Client Component SSR]
    ./apps/portal/components/drawings/workbench/DrawingWorkbench.tsx [Client Component SSR]
    ./apps/portal/components/projects/ProjectPage/tabs/EstimatesTab.tsx [Client Component SSR]
    ./apps/portal/components/projects/ProjectPage/ProjectMainTabs.tsx [Client Component SSR]
    ./apps/portal/components/projects/ProjectPage/ProjectPageShell.tsx [Client Component SSR]
    ./apps/portal/components/projects/ProjectPage/ProjectPageFrame.tsx [Client Component SSR]
    ./apps/portal/app/staff/projects/[projectId]/ProjectSnapshotPageClient.tsx [Client Component SSR]
    ./apps/portal/app/staff/projects/[projectId]/ProjectSnapshotPageClient.tsx [Server Component]
    ./apps/portal/app/staff/projects/[projectId]/page.tsx [Server Component] @ http://localhost:3001/_next/static/chunks/node_modules_next_dist_115brz8._.js:3272
[48036304ms] [LOG] [Fast Refresh] rebuilding @ http://localhost:3001/_next/static/chunks/node_modules_next_dist_115brz8._.js:2431
[48036785ms] [ERROR] Failed to load resource: the server responded with a status of 500 (Internal Server Error) @ http://localhost:3001/staff/projects/proj_cf4afb59-b72c-4b11-b39f-9e04f4684163/design-workbench?_rsc=1uq1y:0
[48036817ms] [ERROR] ./apps/portal/components/drawings/viewports/PlanViewport/canvas/layers/PlanSnapIndicatorLayer.tsx:178:1
Expected ',', got '<eof>'
  176 |   );
  177 | }
> 178 |
      | ^

Parsing ecmascript source code failed

Import traces:
  Client Component Browser:
    ./apps/portal/components/drawings/viewports/PlanViewport/canvas/layers/PlanSnapIndicatorLayer.tsx [Client Component Browser]
    ./apps/portal/components/drawings/viewports/PlanViewport/canvas/PlanCanvas.tsx [Client Component Browser]
    ./apps/portal/components/drawings/viewports/PlanViewport/PlanViewport.tsx [Client Component Browser]
    ./apps/portal/components/drawings/workbench/WorkbenchViewportHost.tsx [Client Component Browser]
    ./apps/portal/components/drawings/workbench/DrawingWorkbench.tsx [Client Component Browser]
    ./apps/portal/components/projects/ProjectPage/tabs/EstimatesTab.tsx [Client Component Browser]
    ./apps/portal/components/projects/ProjectPage/ProjectMainTabs.tsx [Client Component Browser]
    ./apps/portal/components/projects/ProjectPage/ProjectPageShell.tsx [Client Component Browser]
    ./apps/portal/components/projects/ProjectPage/ProjectPageFrame.tsx [Client Component Browser]
    ./apps/portal/app/staff/projects/[projectId]/ProjectSnapshotPageClient.tsx [Client Component Browser]
    ./apps/portal/app/staff/projects/[projectId]/ProjectSnapshotPageClient.tsx [Server Component]
    ./apps/portal/app/staff/projects/[projectId]/page.tsx [Server Component]

  Client Component SSR:
    ./apps/portal/components/drawings/viewports/PlanViewport/canvas/layers/PlanSnapIndicatorLayer.tsx [Client Component SSR]
    ./apps/portal/components/drawings/viewports/PlanViewport/canvas/PlanCanvas.tsx [Client Component SSR]
    ./apps/portal/components/drawings/viewports/PlanViewport/PlanViewport.tsx [Client Component SSR]
    ./apps/portal/components/drawings/workbench/WorkbenchViewportHost.tsx [Client Component SSR]
    ./apps/portal/components/drawings/workbench/DrawingWorkbench.tsx [Client Component SSR]
    ./apps/portal/components/projects/ProjectPage/tabs/EstimatesTab.tsx [Client Component SSR]
    ./apps/portal/components/projects/ProjectPage/ProjectMainTabs.tsx [Client Component SSR]
    ./apps/portal/components/projects/ProjectPage/ProjectPageShell.tsx [Client Component SSR]
    ./apps/portal/components/projects/ProjectPage/ProjectPageFrame.tsx [Client Component SSR]
    ./apps/portal/app/staff/projects/[projectId]/ProjectSnapshotPageClient.tsx [Client Component SSR]
    ./apps/portal/app/staff/projects/[projectId]/ProjectSnapshotPageClient.tsx [Server Component]
    ./apps/portal/app/staff/projects/[projectId]/page.tsx [Server Component] @ http://localhost:3001/_next/static/chunks/node_modules_next_dist_115brz8._.js:3272
[48036872ms] [LOG] [Fast Refresh] rebuilding @ http://localhost:3001/_next/static/chunks/node_modules_next_dist_115brz8._.js:2431
[48037219ms] [ERROR] Failed to load resource: the server responded with a status of 500 (Internal Server Error) @ http://localhost:3001/staff/projects/proj_cf4afb59-b72c-4b11-b39f-9e04f4684163/design-workbench:0
[48037243ms] [ERROR] Refused to execute script from 'http://localhost:3001/_next/static/development/_clientMiddlewareManifest.js' because its MIME type ('application/json') is not executable, and strict MIME type checking is enabled. @ http://localhost:3001/staff/projects/proj_cf4afb59-b72c-4b11-b39f-9e04f4684163/design-workbench:0
[48037273ms] [INFO] %cDownload the React DevTools for a better development experience: https://react.dev/link/react-devtools font-weight:bold @ http://localhost:3001/_next/static/chunks/node_modules_react-dom_0bruynb._.js:14107
[48037331ms] Error: ./apps/portal/components/drawings/viewports/PlanViewport/canvas/layers/PlanSnapIndicatorLayer.tsx:178:1
Expected ',', got '<eof>'
  176 |   );
  177 | }
> 178 |
      | ^

Parsing ecmascript source code failed

Import traces:
  Client Component Browser:
    ./apps/portal/components/drawings/viewports/PlanViewport/canvas/layers/PlanSnapIndicatorLayer.tsx [Client Component Browser]
    ./apps/portal/components/drawings/viewports/PlanViewport/canvas/PlanCanvas.tsx [Client Component Browser]
    ./apps/portal/components/drawings/viewports/PlanViewport/PlanViewport.tsx [Client Component Browser]
    ./apps/portal/components/drawings/workbench/WorkbenchViewportHost.tsx [Client Component Browser]
    ./apps/portal/components/drawings/workbench/DrawingWorkbench.tsx [Client Component Browser]
    ./apps/portal/components/projects/ProjectPage/tabs/EstimatesTab.tsx [Client Component Browser]
    ./apps/portal/components/projects/ProjectPage/ProjectMainTabs.tsx [Client Component Browser]
    ./apps/portal/components/projects/ProjectPage/ProjectPageShell.tsx [Client Component Browser]
    ./apps/portal/components/projects/ProjectPage/ProjectPageFrame.tsx [Client Component Browser]
    ./apps/portal/app/staff/projects/[projectId]/ProjectSnapshotPageClient.tsx [Client Component Browser]
    ./apps/portal/app/staff/projects/[projectId]/ProjectSnapshotPageClient.tsx [Server Component]
    ./apps/portal/app/staff/projects/[projectId]/page.tsx [Server Component]

  Client Component SSR:
    ./apps/portal/components/drawings/viewports/PlanViewport/canvas/layers/PlanSnapIndicatorLayer.tsx [Client Component SSR]
    ./apps/portal/components/drawings/viewports/PlanViewport/canvas/PlanCanvas.tsx [Client Component SSR]
    ./apps/portal/components/drawings/viewports/PlanViewport/PlanViewport.tsx [Client Component SSR]
    ./apps/portal/components/drawings/workbench/WorkbenchViewportHost.tsx [Client Component SSR]
    ./apps/portal/components/drawings/workbench/DrawingWorkbench.tsx [Client Component SSR]
    ./apps/portal/components/projects/ProjectPage/tabs/EstimatesTab.tsx [Client Component SSR]
    ./apps/portal/components/projects/ProjectPage/ProjectMainTabs.tsx [Client Component SSR]
    ./apps/portal/components/projects/ProjectPage/ProjectPageShell.tsx [Client Component SSR]
    ./apps/portal/components/projects/ProjectPage/ProjectPageFrame.tsx [Client Component SSR]
    ./apps/portal/app/staff/projects/[projectId]/ProjectSnapshotPageClient.tsx [Client Component SSR]
    ./apps/portal/app/staff/projects/[projectId]/ProjectSnapshotPageClient.tsx [Server Component]
    ./apps/portal/app/staff/projects/[projectId]/page.tsx [Server Component]


    at <unknown> (Error: ./apps/portal/components/drawings/viewports/PlanViewport/canvas/layers/PlanSnapIndicatorLayer.tsx:178:1)
    at Object.getCompilationErrors (file://C:\Users\Jorda\OneDrive\Documents\GitHub\sanctuary\node_modules\next\dist\server\dev\hot-reloader-turbopack.js:1186:59)
    at DevBundlerService.getCompilationError (file://C:\Users\Jorda\OneDrive\Documents\GitHub\sanctuary\node_modules\next\dist\server\lib\dev-bundler-service.js:44:55)
    at DevServer.getCompilationError (file://C:\Users\Jorda\OneDrive\Documents\GitHub\sanctuary\node_modules\next\dist\server\dev\next-dev-server.js:719:42)
    at DevServer.findPageComponents (file://C:\Users\Jorda\OneDrive\Documents\GitHub\sanctuary\node_modules\next\dist\server\dev\next-dev-server.js:689:43)
    at async DevServer.renderErrorToResponseImpl (file://C:\Users\Jorda\OneDrive\Documents\GitHub\sanctuary\node_modules\next\dist\server\base-server.js:1745:26)
[48037332ms] [LOG] [HMR] connected @ http://localhost:3001/_next/static/chunks/node_modules_next_dist_0u_w_5s._.js:1226
[48037408ms] [ERROR] ./apps/portal/components/drawings/viewports/PlanViewport/canvas/layers/PlanSnapIndicatorLayer.tsx:178:1
Expected ',', got '<eof>'
  176 |   );
  177 | }
> 178 |
      | ^

Parsing ecmascript source code failed

Import traces:
  Client Component Browser:
    ./apps/portal/components/drawings/viewports/PlanViewport/canvas/layers/PlanSnapIndicatorLayer.tsx [Client Component Browser]
    ./apps/portal/components/drawings/viewports/PlanViewport/canvas/PlanCanvas.tsx [Client Component Browser]
    ./apps/portal/components/drawings/viewports/PlanViewport/PlanViewport.tsx [Client Component Browser]
    ./apps/portal/components/drawings/workbench/WorkbenchViewportHost.tsx [Client Component Browser]
    ./apps/portal/components/drawings/workbench/DrawingWorkbench.tsx [Client Component Browser]
    ./apps/portal/components/projects/ProjectPage/tabs/EstimatesTab.tsx [Client Component Browser]
    ./apps/portal/components/projects/ProjectPage/ProjectMainTabs.tsx [Client Component Browser]
    ./apps/portal/components/projects/ProjectPage/ProjectPageShell.tsx [Client Component Browser]
    ./apps/portal/components/projects/ProjectPage/ProjectPageFrame.tsx [Client Component Browser]
    ./apps/portal/app/staff/projects/[projectId]/ProjectSnapshotPageClient.tsx [Client Component Browser]
    ./apps/portal/app/staff/projects/[projectId]/ProjectSnapshotPageClient.tsx [Server Component]
    ./apps/portal/app/staff/projects/[projectId]/page.tsx [Server Component]

  Client Component SSR:
    ./apps/portal/components/drawings/viewports/PlanViewport/canvas/layers/PlanSnapIndicatorLayer.tsx [Client Component SSR]
    ./apps/portal/components/drawings/viewports/PlanViewport/canvas/PlanCanvas.tsx [Client Component SSR]
    ./apps/portal/components/drawings/viewports/PlanViewport/PlanViewport.tsx [Client Component SSR]
    ./apps/portal/components/drawings/workbench/WorkbenchViewportHost.tsx [Client Component SSR]
    ./apps/portal/components/drawings/workbench/DrawingWorkbench.tsx [Client Component SSR]
    ./apps/portal/components/projects/ProjectPage/tabs/EstimatesTab.tsx [Client Component SSR]
    ./apps/portal/components/projects/ProjectPage/ProjectMainTabs.tsx [Client Component SSR]
    ./apps/portal/components/projects/ProjectPage/ProjectPageShell.tsx [Client Component SSR]
    ./apps/portal/components/projects/ProjectPage/ProjectPageFrame.tsx [Client Component SSR]
    ./apps/portal/app/staff/projects/[projectId]/ProjectSnapshotPageClient.tsx [Client Component SSR]
    ./apps/portal/app/staff/projects/[projectId]/ProjectSnapshotPageClient.tsx [Server Component]
    ./apps/portal/app/staff/projects/[projectId]/page.tsx [Server Component] @ http://localhost:3001/_next/static/chunks/node_modules_next_dist_0u_w_5s._.js:1945
[48037414ms] [ERROR] ./apps/portal/components/drawings/viewports/PlanViewport/canvas/layers/PlanSnapIndicatorLayer.tsx:178:1
Expected ',', got '<eof>'
  176 |   );
  177 | }
> 178 |
      | ^

Parsing ecmascript source code failed

Import traces:
  Client Component Browser:
    ./apps/portal/components/drawings/viewports/PlanViewport/canvas/layers/PlanSnapIndicatorLayer.tsx [Client Component Browser]
    ./apps/portal/components/drawings/viewports/PlanViewport/canvas/PlanCanvas.tsx [Client Component Browser]
    ./apps/portal/components/drawings/viewports/PlanViewport/PlanViewport.tsx [Client Component Browser]
    ./apps/portal/components/drawings/workbench/WorkbenchViewportHost.tsx [Client Component Browser]
    ./apps/portal/components/drawings/workbench/DrawingWorkbench.tsx [Client Component Browser]
    ./apps/portal/components/projects/ProjectPage/tabs/EstimatesTab.tsx [Client Component Browser]
    ./apps/portal/components/projects/ProjectPage/ProjectMainTabs.tsx [Client Component Browser]
    ./apps/portal/components/projects/ProjectPage/ProjectPageShell.tsx [Client Component Browser]
    ./apps/portal/components/projects/ProjectPage/ProjectPageFrame.tsx [Client Component Browser]
    ./apps/portal/app/staff/projects/[projectId]/ProjectSnapshotPageClient.tsx [Client Component Browser]
    ./apps/portal/app/staff/projects/[projectId]/ProjectSnapshotPageClient.tsx [Server Component]
    ./apps/portal/app/staff/projects/[projectId]/page.tsx [Server Component]

  Client Component SSR:
    ./apps/portal/components/drawings/viewports/PlanViewport/canvas/layers/PlanSnapIndicatorLayer.tsx [Client Component SSR]
    ./apps/portal/components/drawings/viewports/PlanViewport/canvas/PlanCanvas.tsx [Client Component SSR]
    ./apps/portal/components/drawings/viewports/PlanViewport/PlanViewport.tsx [Client Component SSR]
    ./apps/portal/components/drawings/workbench/WorkbenchViewportHost.tsx [Client Component SSR]
    ./apps/portal/components/drawings/workbench/DrawingWorkbench.tsx [Client Component SSR]
    ./apps/portal/components/projects/ProjectPage/tabs/EstimatesTab.tsx [Client Component SSR]
    ./apps/portal/components/projects/ProjectPage/ProjectMainTabs.tsx [Client Component SSR]
    ./apps/portal/components/projects/ProjectPage/ProjectPageShell.tsx [Client Component SSR]
    ./apps/portal/components/projects/ProjectPage/ProjectPageFrame.tsx [Client Component SSR]
    ./apps/portal/app/staff/projects/[projectId]/ProjectSnapshotPageClient.tsx [Client Component SSR]
    ./apps/portal/app/staff/projects/[projectId]/ProjectSnapshotPageClient.tsx [Server Component]
    ./apps/portal/app/staff/projects/[projectId]/page.tsx [Server Component] @ http://localhost:3001/_next/static/chunks/node_modules_next_dist_0u_w_5s._.js:1945
[48037414ms] [ERROR] ./apps/portal/components/drawings/viewports/PlanViewport/canvas/layers/PlanSnapIndicatorLayer.tsx:178:1
Expected ',', got '<eof>'
  176 |   );
  177 | }
> 178 |
      | ^

Parsing ecmascript source code failed

Import traces:
  Client Component Browser:
    ./apps/portal/components/drawings/viewports/PlanViewport/canvas/layers/PlanSnapIndicatorLayer.tsx [Client Component Browser]
    ./apps/portal/components/drawings/viewports/PlanViewport/canvas/PlanCanvas.tsx [Client Component Browser]
    ./apps/portal/components/drawings/viewports/PlanViewport/PlanViewport.tsx [Client Component Browser]
    ./apps/portal/components/drawings/workbench/WorkbenchViewportHost.tsx [Client Component Browser]
    ./apps/portal/components/drawings/workbench/DrawingWorkbench.tsx [Client Component Browser]
    ./apps/portal/app/staff/projects/[projectId]/design-workbench/DesignWorkbenchFixtureClient.tsx [Client Component Browser]
    ./apps/portal/app/staff/projects/[projectId]/design-workbench/DesignWorkbenchFixtureClient.tsx [Server Component]
    ./apps/portal/app/staff/projects/[projectId]/design-workbench/page.tsx [Server Component]

  Client Component SSR:
    ./apps/portal/components/drawings/viewports/PlanViewport/canvas/layers/PlanSnapIndicatorLayer.tsx [Client Component SSR]
    ./apps/portal/components/drawings/viewports/PlanViewport/canvas/PlanCanvas.tsx [Client Component SSR]
    ./apps/portal/components/drawings/viewports/PlanViewport/PlanViewport.tsx [Client Component SSR]
    ./apps/portal/components/drawings/workbench/WorkbenchViewportHost.tsx [Client Component SSR]
    ./apps/portal/components/drawings/workbench/DrawingWorkbench.tsx [Client Component SSR]
    ./apps/portal/app/staff/projects/[projectId]/design-workbench/DesignWorkbenchFixtureClient.tsx [Client Component SSR]
    ./apps/portal/app/staff/projects/[projectId]/design-workbench/DesignWorkbenchFixtureClient.tsx [Server Component]
    ./apps/portal/app/staff/projects/[projectId]/design-workbench/page.tsx [Server Component] @ http://localhost:3001/_next/static/chunks/node_modules_next_dist_0u_w_5s._.js:1945
[48037414ms] [ERROR] ./apps/portal/components/drawings/viewports/PlanViewport/canvas/layers/PlanSnapIndicatorLayer.tsx:178:1
Expected ',', got '<eof>'
  176 |   );
  177 | }
> 178 |
      | ^

Parsing ecmascript source code failed

Import traces:
  Client Component Browser:
    ./apps/portal/components/drawings/viewports/PlanViewport/canvas/layers/PlanSnapIndicatorLayer.tsx [Client Component Browser]
    ./apps/portal/components/drawings/viewports/PlanViewport/canvas/PlanCanvas.tsx [Client Component Browser]
    ./apps/portal/components/drawings/viewports/PlanViewport/PlanViewport.tsx [Client Component Browser]
    ./apps/portal/components/drawings/workbench/WorkbenchViewportHost.tsx [Client Component Browser]
    ./apps/portal/components/drawings/workbench/DrawingWorkbench.tsx [Client Component Browser]
    ./apps/portal/app/staff/projects/[projectId]/design-workbench/DesignWorkbenchFixtureClient.tsx [Client Component Browser]
    ./apps/portal/app/staff/projects/[projectId]/design-workbench/DesignWorkbenchFixtureClient.tsx [Server Component]
    ./apps/portal/app/qa/design-workbench-fixture/page.tsx [Server Component]

  Client Component SSR:
    ./apps/portal/components/drawings/viewports/PlanViewport/canvas/layers/PlanSnapIndicatorLayer.tsx [Client Component SSR]
    ./apps/portal/components/drawings/viewports/PlanViewport/canvas/PlanCanvas.tsx [Client Component SSR]
    ./apps/portal/components/drawings/viewports/PlanViewport/PlanViewport.tsx [Client Component SSR]
    ./apps/portal/components/drawings/workbench/WorkbenchViewportHost.tsx [Client Component SSR]
    ./apps/portal/components/drawings/workbench/DrawingWorkbench.tsx [Client Component SSR]
    ./apps/portal/app/staff/projects/[projectId]/design-workbench/DesignWorkbenchFixtureClient.tsx [Client Component SSR]
    ./apps/portal/app/staff/projects/[projectId]/design-workbench/DesignWorkbenchFixtureClient.tsx [Server Component]
    ./apps/portal/app/qa/design-workbench-fixture/page.tsx [Server Component] @ http://localhost:3001/_next/static/chunks/node_modules_next_dist_0u_w_5s._.js:1945
[48037483ms] [ERROR] ./apps/portal/components/drawings/viewports/PlanViewport/canvas/layers/PlanSnapIndicatorLayer.tsx:178:1
Expected ',', got '<eof>'
  176 |   );
  177 | }
> 178 |
      | ^

Parsing ecmascript source code failed

Import traces:
  Client Component Browser:
    ./apps/portal/components/drawings/viewports/PlanViewport/canvas/layers/PlanSnapIndicatorLayer.tsx [Client Component Browser]
    ./apps/portal/components/drawings/viewports/PlanViewport/canvas/PlanCanvas.tsx [Client Component Browser]
    ./apps/portal/components/drawings/viewports/PlanViewport/PlanViewport.tsx [Client Component Browser]
    ./apps/portal/components/drawings/workbench/WorkbenchViewportHost.tsx [Client Component Browser]
    ./apps/portal/components/drawings/workbench/DrawingWorkbench.tsx [Client Component Browser]
    ./apps/portal/components/projects/ProjectPage/tabs/EstimatesTab.tsx [Client Component Browser]
    ./apps/portal/components/projects/ProjectPage/ProjectMainTabs.tsx [Client Component Browser]
    ./apps/portal/components/projects/ProjectPage/ProjectPageShell.tsx [Client Component Browser]
    ./apps/portal/components/projects/ProjectPage/ProjectPageFrame.tsx [Client Component Browser]
    ./apps/portal/app/staff/projects/[projectId]/ProjectSnapshotPageClient.tsx [Client Component Browser]
    ./apps/portal/app/staff/projects/[projectId]/ProjectSnapshotPageClient.tsx [Server Component]
    ./apps/portal/app/staff/projects/[projectId]/page.tsx [Server Component]

  Client Component SSR:
    ./apps/portal/components/drawings/viewports/PlanViewport/canvas/layers/PlanSnapIndicatorLayer.tsx [Client Component SSR]
    ./apps/portal/components/drawings/viewports/PlanViewport/canvas/PlanCanvas.tsx [Client Component SSR]
    ./apps/portal/components/drawings/viewports/PlanViewport/PlanViewport.tsx [Client Component SSR]
    ./apps/portal/components/drawings/workbench/WorkbenchViewportHost.tsx [Client Component SSR]
    ./apps/portal/components/drawings/workbench/DrawingWorkbench.tsx [Client Component SSR]
    ./apps/portal/components/projects/ProjectPage/tabs/EstimatesTab.tsx [Client Component SSR]
    ./apps/portal/components/projects/ProjectPage/ProjectMainTabs.tsx [Client Component SSR]
    ./apps/portal/components/projects/ProjectPage/ProjectPageShell.tsx [Client Component SSR]
    ./apps/portal/components/projects/ProjectPage/ProjectPageFrame.tsx [Client Component SSR]
    ./apps/portal/app/staff/projects/[projectId]/ProjectSnapshotPageClient.tsx [Client Component SSR]
    ./apps/portal/app/staff/projects/[projectId]/ProjectSnapshotPageClient.tsx [Server Component]
    ./apps/portal/app/staff/projects/[projectId]/page.tsx [Server Component] @ http://localhost:3001/_next/static/chunks/node_modules_next_dist_0u_w_5s._.js:1945
[48037515ms] [LOG] [Fast Refresh] rebuilding @ http://localhost:3001/_next/static/chunks/node_modules_next_dist_0u_w_5s._.js:1226
[48040392ms] [ERROR] ./apps/portal/components/drawings/viewports/PlanViewport/canvas/layers/PlanSnapIndicatorLayer.tsx:178:1
Expected ',', got '<eof>'
  176 |   );
  177 | }
> 178 |
      | ^

Parsing ecmascript source code failed

Import traces:
  Client Component Browser:
    ./apps/portal/components/drawings/viewports/PlanViewport/canvas/layers/PlanSnapIndicatorLayer.tsx [Client Component Browser]
    ./apps/portal/components/drawings/viewports/PlanViewport/canvas/PlanCanvas.tsx [Client Component Browser]
    ./apps/portal/components/drawings/viewports/PlanViewport/PlanViewport.tsx [Client Component Browser]
    ./apps/portal/components/drawings/workbench/WorkbenchViewportHost.tsx [Client Component Browser]
    ./apps/portal/components/drawings/workbench/DrawingWorkbench.tsx [Client Component Browser]
    ./apps/portal/components/projects/ProjectPage/tabs/EstimatesTab.tsx [Client Component Browser]
    ./apps/portal/components/projects/ProjectPage/ProjectMainTabs.tsx [Client Component Browser]
    ./apps/portal/components/projects/ProjectPage/ProjectPageShell.tsx [Client Component Browser]
    ./apps/portal/components/projects/ProjectPage/ProjectPageFrame.tsx [Client Component Browser]
    ./apps/portal/app/staff/projects/[projectId]/ProjectSnapshotPageClient.tsx [Client Component Browser]
    ./apps/portal/app/staff/projects/[projectId]/ProjectSnapshotPageClient.tsx [Server Component]
    ./apps/portal/app/staff/projects/[projectId]/page.tsx [Server Component]

  Client Component SSR:
    ./apps/portal/components/drawings/viewports/PlanViewport/canvas/layers/PlanSnapIndicatorLayer.tsx [Client Component SSR]
    ./apps/portal/components/drawings/viewports/PlanViewport/canvas/PlanCanvas.tsx [Client Component SSR]
    ./apps/portal/components/drawings/viewports/PlanViewport/PlanViewport.tsx [Client Component SSR]
    ./apps/portal/components/drawings/workbench/WorkbenchViewportHost.tsx [Client Component SSR]
    ./apps/portal/components/drawings/workbench/DrawingWorkbench.tsx [Client Component SSR]
    ./apps/portal/components/projects/ProjectPage/tabs/EstimatesTab.tsx [Client Component SSR]
    ./apps/portal/components/projects/ProjectPage/ProjectMainTabs.tsx [Client Component SSR]
    ./apps/portal/components/projects/ProjectPage/ProjectPageShell.tsx [Client Component SSR]
    ./apps/portal/components/projects/ProjectPage/ProjectPageFrame.tsx [Client Component SSR]
    ./apps/portal/app/staff/projects/[projectId]/ProjectSnapshotPageClient.tsx [Client Component SSR]
    ./apps/portal/app/staff/projects/[projectId]/ProjectSnapshotPageClient.tsx [Server Component]
    ./apps/portal/app/staff/projects/[projectId]/page.tsx [Server Component] @ http://localhost:3001/_next/static/chunks/node_modules_next_dist_0u_w_5s._.js:1945
[48040453ms] [LOG] [Fast Refresh] rebuilding @ http://localhost:3001/_next/static/chunks/node_modules_next_dist_0u_w_5s._.js:1226
[48053296ms] [LOG] [Fast Refresh] rebuilding @ http://localhost:3001/_next/static/chunks/node_modules_next_dist_0u_w_5s._.js:1226
[48053878ms] [LOG] [Fast Refresh] done in 693ms @ http://localhost:3001/_next/static/chunks/node_modules_next_dist_0u_w_5s._.js:1226
[48054576ms] [LOG] [Fast Refresh] rebuilding @ http://localhost:3001/_next/static/chunks/node_modules_next_dist_0u_w_5s._.js:1226
[48055299ms] [LOG] [Fast Refresh] done in 833ms @ http://localhost:3001/_next/static/chunks/node_modules_next_dist_0u_w_5s._.js:1226
[48056227ms] [INFO] %cDownload the React DevTools for a better development experience: https://react.dev/link/react-devtools font-weight:bold @ http://localhost:3001/_next/static/chunks/node_modules_next_dist_115brz8._.js:2431
[48056294ms] [LOG] [HMR] connected @ http://localhost:3001/_next/static/chunks/node_modules_next_dist_115brz8._.js:2431
[48061795ms] [WARNING] The resource http://localhost:3001/_next/static/chunks/apps_portal_components_page-state_PageState_module_0sc2l4s.css was preloaded using link preload but not used within a few seconds from the window's load event. Please make sure it has an appropriate `as` value and it is preloaded intentionally. @ http://localhost:3001/staff/projects/proj_cf4afb59-b72c-4b11-b39f-9e04f4684163/design-workbench:0
[48074581ms] [WARNING] THREE.THREE.Clock: This module has been deprecated. Please use THREE.Timer instead. @ http://localhost:3001/_next/static/chunks/node_modules_next_dist_115brz8._.js:2431
